Abotani Vidya Niketan,2230014,Pachim Colony Naharlagun Arunachal Pradesh,791110,943,6090938,2255371,2256168,kelothsuku@gmail.com,www.sairnsacademy.org,1994,Sukumaran K,Secondary School,Arunachal Shiksha Vikas Samiti,-,Papumpara
Anakum Academy,2230098,"Anakum Academypo- Roing,pin- 792110,ps- Roing,district: Lower Dibang Valley,state: Arunachal Pradesh",792110,-,03803223007,-,-,anakumacademy@yahoo.com,www.anakumacademy.com,2012,Mrs. Anjali Borah Medhi,Secondary School,Anakum Welfare Society,-,Lower Dibang Valley
Ane Moriam School,2230055,"Sangram, Kurung Kumey, Distt Lower Subansiri, Arunachal Pradesh",791120,91,9402828280,26522,-,anemoriamprincipal@gmail.com,-,1994,Roshan Kerketta,Secondary School,Educational & Welfare Trust,-,Lower Subansiri
Angun Asir Academy,2230095,"Tulap, P.o/p.s- Pasighat",791102,-,0368-2222794,-,0368-2222794,aaatulap2016@gmail.com,-,2016,Mr. Rajesh Gwala,Secondary School,Siang Frontier Development Society,-,East Siang
Army Public School,2280001,Tenga Valley West Kameng Distt Arunachal Pradesh,790115,3782,232434,2427222,0385-24272,bb_gurung33@yahoo.co.in,-,1985,Bir Bahadur Gurung,Secondary School,Awes,-,West Kemeng
Arunachal Pali Vidyapith,2220145,Chongkham Lohit Arunachal Pradesh,792104,3806,222073,-,-,apvprincipal78@gmail.com,www.apvschongkham.com,1995,Lokbahadur Chhetry,Secondary School,Kendriya Vidyalaya Sangathan,-,Lohit
Assam Rifles Secondary School,2280003,"C/o 7, Assam Rifles Jairampur Distt Changland Arunachal Pradesh",792121,3800,22242,2427222,-,ajitirom@gmail.com,-,1987,Sh S N Dwivedi,Secondary School,Assam Rifles Para Milt Fce,-,Changlang
Blue Pine Residential English School,2230081,"Hapoli P B No.7 Po, Ziro, Lower Subansiri Dt., Arunachal Pradesh.",791120,378,8224585,-,3788225651,urumeesepaulose66@gmail.com,-,1995,Urumeese M P,Secondary School,Apatani  Co-operative Housing  Society Ltd,-,Lower Subansiri
Assam Rifles Junior School,2230033,Jairampur Dt Changlang 29 Assam Rifles C/o 99 Apo,-,3804,22566,-,-,-,-,-,Sh H N Haloi,Secondary School,29 Assam Rifles C/o 99 Apo,-,Changlang
Boum Kakir Mission School,2220062,Boleng Via- Along Dt - East Siang Arunachal Pradesh,791001,-,-,-,-,tularamboleng16@rediffmail.com,-,1979,Tularam Sharma,Senior Secondary,Donyi Polu B K Mission Itanagar,-,East Siang
Boum Kakir Mission School,2230009,Midphu Po- Doimukh Dt- Papum Pare Arunachal Pradesh,791112,44,74265,26281870,0161-2459970,vsidhu99@yahoo.com,http://wwxyz.com,1984,A K Palit,Secondary School,Bou M Kakir Mission,-,Papumpara
Bumer Memorial School,2230103,"Keilya, Old Ziro",791120,-,8794218515,-,-,bumermemorials@gmail.com,https://www.bumermemorialschool.com/,2009,Mrs. Watijungla Ao,Secondary School,Bumer Memorial Society,-,Lower Subansiri
Bunnys Fantasy World School,2230088,J. N. State Museum Road,791111,-,03602292652,-,-,sanjeev_mmm@rediffmail.com,-,2004,Mr.s. K. Gupta,Senior Secondary,Mingkeng Siko,-,Itanagar
"Calvary English School, Moinhappa",2230089,Ces Moinhappa,791110,360,2244636,-,-,CESMITA17@GMAIL.COM,-,1992,Lingto Gollo,Secondary School,Nyishi Baptist Church Council,-,Papumpara
Daii Apung Public School Seppa,2230096,"Bebo Colony, Seppa, East Kameng Distt, (ar.p)",790102,-,03787-200101,-,-,DAPSSEPPA@REDIFFMAIL.COM,-,2014,Mr. S. Misra,Senior Secondary,Daii Apung Multipurpose Cooperative Society Ltd,-,East Kemeng
"Dani Kunia Govt. Higher Secondary School, Ziro",2220003,Ziro Dt- Lower Subansiri Arunachal Pradesh,791120,3788,224513,28764117,-,hibutama1@gmail.com,-,1960,Hibu Tama,Senior Secondary,D P I Govt. Of Arunachal,-,Lower Subansiri
Delhi Public School,2230051,"P.b. 135jully Road. Papumpare District, Itanagar - 791111. Arunachal Paradesh",791111,360,2000804,3273535,0360 - 2216533,dpsitanagar@rediffmail.com,-,2006,In Charge,Senior Secondary,Eastern Education Promotional Society,-,Papumpara
Chow Nanda Memial School,2230013,Chowkham Po-lohit Arunachal Pradesh,792104,3806,222208,-,-,nomalchdutta@gmail.com,-,1989,Nomal Chandra Dutta,Secondary School,Chow Nanda Memial Society,-,Lohit
D Ering Memorial Govt Sec School,2220042,Pasighat Arunachal Pradesh,791102,-,438,9832471332,-,-,-,1978,J N Das,Senior Secondary,Govt Of Arunachal,-,East Siang
Don Bosco School,2230037,Post Box No 153 Itanagar Arunachal Pradesh,791111,360,"03602000825, 2214909",-,-,dbsitanagar@gmail.com,http://www.dbsitanagar.in,-,Mr. Athishu Nikhini,Senior Secondary,-,-,Itanagar
Divine Word School,2230075,Post Roinglower Dibang Valley Districtarunachal Pradesh,792110,3803,03803222836,-,-,dwsroing@gmail.com,www.dwsroing.edu.in,1996,Mr. Sunny Abraham,Secondary School,Divine Word Society,-,Dibang Valley
Donyi Polo Mission School,2230011,Sagalee Po- Sagalee Dt- Papum Pare Arunachal Pradesh,791112,-,8730028456,-,-,LOVESANJU2015@GMAIL.COM,-,1986,Nabam Titu,Secondary School,Donyi Polo Mission Soc,-,Papumpara
Donyi Polo Vidya Niketan,2230093,Dpvn Ngorlung,791102,-,8822746264,-,-,dpvnruksin@gmail.com,-,1996,Mr.ranjit Doley,Secondary School,Arunachal Shikhsa Vikas Samiti,-,East Siang
Donyi Polo Vidya Niketan Pasighat,2230092,Po Ps Pasighat,791102,-,9402252683,-,-,dpvntrn@gmail.com,-,1996,Mr.vidya Kant Jha,Secondary School,Arunachal Shiksha Vikas Samiti,-,East Siang
Donyi Polo Vidya Bhawan,2230007,Ita Nagar Dt- Papum Pare Arunachal Pradesh,791111,360,"223456, 3173",2300,226291,principaldpvb@gmail.com,-,1981,Levi Ephraim Katy,Senior Secondary,Donyi Polo Mission Itanagar,-,Papumpara
Exalt Foundation School,2230068,"Hill Top, Ess-sector, Near Didi House, Doordarshan Colony, Itanagar",791111,360,2000906,-,-,exalt.foundation@yahoo.in,-,2010,Ashok Kumar Chetry,Secondary School,Atto Dokar Karpu Kardu Welfare Society,-,Papumpara
Eklavya Model Residenital School,2220190,"Lumla, P.o Lumla-790106,  Tawang, Arunachal Predesh",-,-,-,-,-,-,-,-,-,Secondary School,-,-,Tawang
Garden Dew School,2230057,Po/ps-itanagar,791111,360,0360-2292376,-,0360-2214398,principalgdsita@gmail.com,http://www.gardendewschoolita.in,1999,Mr. Pyari George,Senior Secondary,"Institution For Preservation Of Art, Culture And Literature Of Arunachal Pradesh",-,Papumpara
Frontier School,2230036,Ziro Distt Lower Subansiri Arunachal Pradesh,791120,378,8224310,224183,-,principalfrontierziro@gmail.com,-,1992,R F A Christy,Senior Secondary,Frontier Society,-,Lower Subansiri
Global Academy,2230087,"Near Veterinary Hospital, Prem Nagar,",791110,360,9612753404,-,3602243317,globalacademyap@gmail.com,http://www.globalacademyap.in,2012,Mr. Jitendra Prasad Shah,Senior Secondary,Kojum-yap Welfare Society,-,Itanagar
Gove Sec School,2220175,"Pachin, Po/ps Naharlagun, Dist Papumpare, Naharlagu, Arunachal Pradesh",791110,-,08974367478,-,-,pss.headmaster@gmail.com,-,-,Tadar Kame,Secondary School,-,-,Papumpara
Government Secondary School,2220176,"New Seppa, Po Seppa, East Kameng Dist. Arunachal Pradesh",790102,3787,222713,9436051386,-,sollungtallang@gmail.com,-,1972,Sollung Tallang,Secondary School,Govt. Of Arunacha Pradesh,-,East Kemeng
Good Shepherd Public School,2230047,Papuhappa P.o . Naharlagunitanagar Arunachal Pradesh Pin.791110,791110,360,2350442,9368929957,0630-2350442,joshykurian@ymail.com,-,2003,Joshy V Kurian,Senior Secondary,Oppu Amin Charitable Society,-,Papumpara
Government Secondary School,2220151,"Bana, P.o. Seppa, East Kameng Distt., Circle: Richukhrang, Arunachal Pradesh",790102,3787,222463,-,-,RRANGMO@GMAIL.COM,-,-,Raban Rangmo,Secondary School,-,-,East Kemeng
Government Secondary School,2220149,"Lumdung, East Kameng Distt. Seppa, Arunachal Pradesh",790102,9436,000,9436050549,-,modoriba123@gmail.com,-,1972,Modo Riba,Secondary School,Govt. Of Arunacha; Pradesh,-,East Kemeng
Government Secondary School,2220152,"Kebang, Distt. East Siang, P.o. Pangin, Arunachal Pradesh",791102,-,-,-,-,-,-,-,Sri Tator Dupak,Secondary School,-,-,East Siang
Government Secondary School,2220154,"Pakoti, East Kameng Distt. Po & Seppa, Circle Seppa, Arunachal Pradesh",790102,9436,9436412941,9436050549,-,headmastergsspakoti@gmail.com,-,1972,Atom Jomoh,Secondary School,Govt. Of Arunacha Pradesh,-,East Kemeng
Government Secondary School,2220150,"Yagrung, East Siang Distt., Pasighat, Arunachal Pradesh",791102,368,2222168,-,-,taludai26@gmail.com,-,-,Talu Dai,Secondary School,-,-,East Siang
Government Secondary School,2220157,"Mengio P.o., Distt Papumpara, Circle Mengio, Arunachal Pradesh",791112,9436,056729,9436050549,-,principalomhss@gmail.com,-,1972,Shri Nabam Reekam,Secondary School,Govt. Of Arunacha Pradesh,-,Papumpara
Government Secondary School,2220153,"Pitapool, Pops Yazali, Lower Subansiri Distt., Arunachal Pradesh",792056,-,-,-,-,-,-,-,Shri Likha Togur,Secondary School,-,-,Lower Subansiri
Government Secondary School,2220161,"Hiya(nyapin) Dist. Kurung Kumey, Arunachal Pradesh",791118,360,9402228466,"09436638009, 09436040078",-,headmaster@gsshiya.in,-,-,Dakme Abo,Secondary School,Chandigarh Administration,-,Kurung Kumey
Government Secondary School,2220156,"Kitpi, Distt. Tawang, Arunachal Pradesh",791101,3794,000000,9436050549,-,phuntsola0@gmail.com,-,1972,Phuntsola,Secondary School,Govt. Of Arunacha Pradesh,-,Tawang
Government Secondary School,2220155,"Bam, Po & Ps, Basar, Distt. West Siang, Arunachal Pradesh",791101,9436,000000,9436050549,-,gssbam2013@gmail.com,-,1972,Marjum Nyodu,Secondary School,Govt. Of Arunacha Pradesh,-,West Siang
Government Secondary School,2220171,"Nomuk, Po/ps Kamba, West Siang, Distt. Arunachal Pradesh",791001,9436,056729,9436050549,-,bomrekamgo16@rediffmail.com,-,1972,Bomre Kamgo,Secondary School,Govt. Of Arunacha Pradesh,-,West Siang
Government Secondary School,2220158,"Monigong, P.o. Monigong, West Siang Distt., Arunachal Pradesh",-,-,-,9436637806,-,-,-,-,Shr Pokdey Yomgam,Secondary School,-,-,West Siang
Govt Higher Sec School,2220128,Sangram Po- Sangram Dt- Lower Subansiri Arunachal Pradesh,791120,7836,233528,-,-,-,-,1995,D S Pal,Senior Secondary,D P I,-,Lower Subansiri
"Government Secondary Shcool,Nacho",2220197,"Government Secondary School Nachop/o,p/s Nacho791122upper Subansiri",791122,-,9402215937,-,-,Nachogovtschool@gmail.com,-,1964,Mr. Charong Nacho,Secondary School,State Government,-,Upper Subansiri
Govt Higher Sec School,2220070,Jengging Via- Yingkiong Arunachal Pradesh,791002,377,222003,26801502,-,govt.hr.sec.schooljengging@gmail.com,-,1987,Tapang Pazing,Senior Secondary,D P I Arunachal Pradesh,-,Upper Siang
Govt Higher Sec School,2220108,Fengche  Pampoli Dt- East Kameng Arunachal Pradesh,790102,-,9436221278,-,-,-,-,1966,Chinmoy Ghos,Senior Secondary,Dpi,-,East Kemeng
Govt Higher Sec School,2220120,"Po Hawai, Ps Khupa  Via- Hayuliang Dt - Anjaw Arunachal Pradesh",792102,3805,9402939462,-,-,WIPHIAK@GMAIL.COM,-,1967,Tephiak Bayang,Senior Secondary,Govt Of Arunachal Pradesh,-,Lohit
Govt Higher Secondary School,2220088,Borguli Via- Mebo Dt - East Siang Arunachal Pradesh,790001,5966,211194,-,-,PRINCI@BORGULIGHSS.IN,-,1984,Otem Tayeng,Senior Secondary,Govt Of Arunachal Pradesh,-,East Siang
Govt Higher Secondary School,2220068,Ruksin Dt- East Siang Arunachal Pradesh,791102,368,2220068,9436254363,-,koyumartho@gmail.com,-,1987,Marte Koyu,Senior Secondary,State Govt Of Ap,-,East Siang
Govt Hr Sec School,2220007,Mebo Dt - East Siang  Arunachal Pradesh,791104,-,-,-,-,princi@meboghss.in,-,1971,Apak Megu,Senior Secondary,D P I Edn. Dept. Arunachal Pradesh,-,East Siang
Govt Hr Sec School,2220006,Along Dt- West Siang Arunachal Pradesh,791001,3783,222225,-,-,tayunpadung@gmail.com,-,-,Tayun Padung,Senior Secondary,Government,-,West Siang
Govt Hr Sec School,2220004,Bomdila Dt- West Kameng Arunachal Pradesh,790001,3782,222177,-,-,lobsangdorjee698@gmail.com,-,-,L D Komu,Senior Secondary,-,-,West Kemeng
Govt Hr Sec School,2220012,Basar Dt- West Siang  Arunachal Pradesh,791101,3795,226250,-,-,principalbasar@gmail.com,-,-,Lirik Riba,Senior Secondary,-,-,West Siang
Govt Hr Sec School,2220017,Mechukha Via- Mohanbari A F Assam Dt - West Siang Arunachal Pradesh,792057,-,-,-,-,kesangsharjo16@rediffmail.com,-,1952,Kesang Sharjo,Senior Secondary,D P I,-,West Siang
Govt Hr Sec School,2220018,Chowkham Via- Namsai Dt - Lohit Arunachal Pradesh,792103,3806,222038,-,-,ghsschongkham@gmail.com,-,1948,Ganpang Megu,Senior Secondary,Govt.,-,Lohit
Govt Hr Sec School,2220020,Seppa  Dt- East Kameng Arunachal Pradesh,790102,-,-,-,-,-,-,-,-,Senior Secondary,-,-,East Kemeng
Govt Hr Sec School,2220021,Yingkiong Via- Along Dt - Upper Siang Arunachal Pradesh,791001,3777,222252,-,-,cbseyingkiong@gmail.com,-,1970,Amih Lego,Senior Secondary,Arunachal Govt,-,Upper Siang
Govt. Hr Sec School,2220092,Kodak Taliha Dt- Upper Subansiri Arunachal Pradesh,791122,-,-,-,-,-,-,-,-,Senior Secondary,-,-,Upper Subansiri
Govt. Hr Sec School,2220086,Yomcha Dt- West Siang Arunachal Pradesh,792102,7836,233528,-,-,-,-,1967,Mr Chandeshwar Lal Karan,Senior Secondary,Govt Of Arunachal Pradesh,-,West Siang
Govt. Hr. Sec. School,2220139,"Nari Lower Siang District, P.o Nari, P.s. Nari, Arunachal Pradesh-791102",-,-,-,-,-,-,-,-,Lal Jha Vinit,Senior Secondary,-,-,East Siang
Govt. Sec School,2220083,Geku Dt- Upper Siang Arunachal Pradesh,791101,3798,222298,-,-,hntpcm@gmail.com,-,1957,Bompang Tayeng,Senior Secondary,Govt Of Arunachal,-,Upper Siang
Govt. Sec School,2220089,Deed Via- Ziro Dt - Changlang Arunachal Pradesh,791120,-,-,-,-,-,-,-,-,Secondary School,-,-,Changlang
Govt. Sec School,2220087,Thrizino Dt- West Kameng Arunachal Pradesh,790001,-,000000,-,-,sk.tzn@Rediffmail.com,-,1984,Binham Riba,Senior Secondary,Govt Of Arunachal Pradesh,-,West Kemeng
Govt. Sec School,2220126,Koyu Dt- East Siang Arunachal Pradesh,791102,-,9191637792,-,-,okiborang@gmail.com,-,1959,Oki Borang,Secondary School,-,-,East Siang
Govt. Sec School,2220123,Daring Po- Basar Dt- West Siang Arunachal Pradesh,791101,-,000000,-,-,gssdaring2013@gmail.com,-,1948,Mokar Nyori,Secondary School,D.i.p,-,West Siang
Govt. Sec School,2220129,Tali Po- Tali Dt - Lower Subansiri Arunachal Pradesh,791120,-,-,-,-,-,-,1961,L D Komu,Secondary School,-,-,Lower Subansiri
Govt. Sec School,2220130,Godak Po- Godak Dt- Lower Subansiri Arunachal Pradesh,711120,-,-,-,-,-,-,1969,Subash Shahi,Secondary School,-,-,Lower Subansiri
Govt. Sec School,2220131,Tajang Via- Ziro Dt - Lower Subansiri Arunachal Pradesh,791120,-,-,-,-,-,-,1972,Millo Guthe,Secondary School,-,-,Lower Subansiri
Govt. Sec School,2220182,"Abali, Po- Iduli, Via-roing, Dist. Lower Dibang Valley, Arunachal Pradesh",792110,-,-,-,-,-,-,-,-,Secondary School,-,-,Dibang Valley
Govt. Sec School,2220132,Kangku Po- Likabali Dt- West Siang Arunachal Pradesh,-,-,-,-,-,-,-,1973,-,Secondary School,-,-,West Siang
Govt. Sec School,2220134,Arunodaya P O R K Mission Itanagar Distt Papumpare Arunachal  Pradesh,791113,360,22225,XXXXXXX,-,ghssaita@gmail.com,-,1972,Hage Taker,Senior Secondary,Chandigarh Administration,-,Papumpara
Govt. Sec. School,2220189,"Telluliang, P.o & P.s Tezu, Distt. Lohit, Arunachal Pradesh",-,-,-,-,-,-,-,-,-,Secondary School,-,-,Lohit
Govt. Sec. School,2220187,"Boleng Town, P.o. Boleng,p.s.beleng Siang Distt. Arunachal Pradesh",-,-,-,-,-,-,-,-,.,Secondary School,-,-,East Siang
Govt. Sec. School,2220183,"Dollungmukh, Distt. Lower Subansiri, Arunachal Pradesh",-,-,-,-,-,-,-,1954,Principal,Secondary School,Education Society A F Stn Kanpur,-,Lower Subansiri
Govt. Sec. School,2220085,Talo Dt- Lower Subansiri Arunachal Pradesh,193222,1396,01955216326,020-27011046,1955216326,agswayne@yahoo.com,-,2002,Javid Ahmad Wani,Senior Secondary,-,-,Lower Subansiri
Govt. Sec. School,2220184,"Rani, Via Pasighat, East Siang, Arunachal Pradesh",-,-,0496 - 2623804,-,-,qybhavan@yahoo.co.in,-,2007,Principal,Secondary School,"Bharatiya Vidya Bhavan,mumbai",-,East Siang
Govt. Sec. School,2220186,"Mayu,lower Dibang Valley Distt. Arunachal Pradesh",208008,361,44011,4427,-,anila@nds.vsnl.net.in,-,1954,.,Secondary School,Education Society A F Stn Kanpur,-,Dibang Valley
Govt. Sec. School,2220168,"Kiyit, East Siang, Arunachal Pradesh",791104,9436,056729,9436050549,-,abonglego@gmail.com,-,1972,Abong Lego,Secondary School,Govt. Of Arunacha; Pradesh,-,East Siang
Govt. Sec. School,2220166,"Riga, East Siang Distt, Arunachal Pradesh",791102,360,9402475095,9436050549,-,tabenyochung16@rediffmail.com,-,1972,Taben Yochung,Secondary School,Govt. Of Arunacha Pradesh,-,East Siang
Govt. Sec. School,2220163,"Nirjuli, Po/ps Nirjuli, Distt. Papum Pare, Arunachal Pradesh",791109,360,2257057,9436050549,-,chabom6147@gmail.com,-,1972,Khunya Catherene Lowangcha,Secondary School,Govt. Of Arunacha; Pradesh,-,Papumpara
Govt. Sec. School,2220173,"Namsai, Po & Ps Namsai, Dist. Lohit, Arunachal Pradesh",792103,-,9436219479,-,-,satimansai13@gmail.com,-,-,Sati Mansai,Secondary School,-,-,Lohit
Govt. Sec. School,2220167,"Seru, P.o./distt. Tawang, Arunachal Pradesh",790104,3794,000000,28710,-,norbudremaserusecondary@gmail.com,-,1991,Norbu Drema,Secondary School,Navodaya Vidyalaya Samiti,-,Tawang
Govt. Sec. School,2220164,"Pobdi, West Siang District, Arunachal Pradesh",791001,360,2900694,9436050549,-,litemete16@rediffmail.com,-,1972,Litem Ete,Secondary School,Govt. Of Arunacha; Pradesh,-,West Siang
Govt. Sec. School,2220170,"Darka,po/ps Aalo, West  Siang Distt. Arunachal Pradesh",790104,360,09402061210,9436050549,-,bomribagra2016@rediffmail.com,-,1972,Bomri Bagra,Secondary School,Govt. Of Arunacha; Pradesh,-,West Siang
"Govt. Sec. School Pania, P.O. Palin",2220188,"P.s. Sangram, Distt. Kra Daadi, Arunachal Pradesh- 791118",-,-,-,-,-,-,-,-,-,Secondary School,-,-,Kra Daadi
Govt. Sec. School Roing,2220195,C/o Headmaster Gss Roing,792110,-,03803223015,-,-,ssroing@gmail.com,www.govtssroing.webs.com,1954,Mrs. Oshi Boko Ete,Secondary School,Govt. Of Arunachal Pradesh,-,Lower Dibang Valley
"Govt. Sec. School, Ganga P.O",2220160,"Rk Mission, Itanagagar Dist. Papumpare, Arunachal Pradesh",791113,360,9436050549,"09436638009, 09436040078",-,mokirkamki@gmail.com,-,-,Mokir Kamki,Senior Secondary,Chandigarh Administration,-,Papumpara
Govt. Secondary School,2220159,"Lumba, Palin, Distt Kurung Kumey",-,-,9402423116,-,-,-,-,-,Sh Tai Tader,Secondary School,-,-,Kurung Kumey
Govt. Secondary School,2220192,"Mirbuk, Pasighat, East Siang, District, Arunachal Pradesh- 791 102",-,-,-,-,-,-,-,1994,-,Secondary School,Kendriya Vidyalaya Sangathan,-,East Siang
Govt. Secondary School,2220193,"Tai,west Siang Dist, Arunachal Pradesh",751031,1476,000000,-,-,jyotideeg28121973@gmail.com,-,2002,-,Secondary School,Indian Trust Singape,-
Govt. Secondary School Alubari,2220196,"Govt.secondary School Alubari, Po+ps-chongkham, Dist-namsai(ap)",792102,-,0556822257,-,-,govtalb1@gmail.com,-,1964,Mr. Sonam Tyeng,Senior Secondary,Govt. Secondary School Alubari,-,Namsai
Govt. Secondary School,2220162,"Darlong, Distt. East Kemeng, Arunachal Pradesh",790103,3778,290575,247559,-,satarnabom@gmail.com,-,1972,Satar Nabom,Secondary School,Govt. Of Arunacha; Pradesh,-,East Kemeng
Govt. Secondary School Dui,2220300,Vill- Duipo/ps Palin,791118,-,8794503269,-,-,gssdui2017@gmail.com,www.arpedu.in/secondary/,2016,Mr. Byabang Pillik,Secondary School,Directorate Of Secondary Education,-,Kra Daadi
"Govt. Secondary School, Banderdewa",2220194,"C/o Principalgovt. Secondary School, Banderdewa, Dist- Papumpare",791123,-,03602290307,-,-,hibutakku123@gmail.com,www.gssbanderdewa.com,2010,Mr. Gyamar Tajap,Secondary School,School Management Commitee,-,Papumpara
Govt. Town Sec. School,2220169,Tawang Arunachal Pradesh,790104,3794,223612,9436050549,-,tseringlhamu@gmail.com,-,1972,Tsering Lhamu,Secondary School,Govt. Of Arunacha; Pradesh,-,Tawang
Govt.Hr. Sr Sec School,2220133,"Old Mohnog Po New Mohong Via Bordumsa,distt Lohit Arunachal Pradesh",792056,3800,201212,-,-,principalomhss@gmail.com,-,1972,Marshal Megu,Senior Secondary,Govt. Of Arunacha; Pradesh,-,Lohit
Govt.Sec School Restaring,2220185,"P.o. Tarak-lengdi,p.s.palin Distt. Kra-daadi Arunachal Pradesh-791118",-,-,-,-,-,-,-,-,The Principal,Secondary School,-,-,Kra Daadi
Green Mount School,2230027,F Sector Ita Nagar Arunachal Pradesh,791113,360,2214506,2291596,-,principal@greenmountschoolarunachal.org,-,1995,Tomar Nomuk,Senior Secondary,Hutoo Welfare Society,-,Papumpara
Greenview School,2230077,"Namsai, Lohit",792103,3806,202596,-,-,gvsnamsai@gmail.com,-,2000,Lal Sonar,Secondary School,Green View Society,-,Lohit
Green Valley School,2230082,"Gtc, Tebo Village, Pasighat, East Siang District, Ap",791102,368,2225219,-,-,aniltg3030@gmail.com,http://www.gves.in,2002,Anil Tg,Secondary School,Green Valley Welfare Society,-,East Siang
Him International School,2230094,"Jollang(iii),daath Village, Itanagar-791113, Arunachal Pradesh",791113,-,8132886528,-,-,principal@himinternationalschool.com,www.himinternationalschool.org,2017,Dr. Maneesh Mangal,Senior Secondary,Wahge Education Trust,-,Papumpara
Gyan Ganga Vidyapeeth,2230010,Chandra Nagar Ita Nagar Arunachal Pradesh,791111,360,2212773,0484 6520135,-,jpshah001@gmail.com,-,1988,Jitendra Prasad Shah,Senior Secondary,Gyan Ganga Vidyapeeth Society,-,Itanagar
Holy Cross School,2230056,"""p"" Sector, P.o. 210 Nyokum Lapang, Papum Pare ( Dt) Itanagar 791111",791111,977,4469354,-,-,annevarg@gmail.com,-,1971,Annie Varghese,Senior Secondary,Maharaja Aggarsain Educational Soc,-,Itanagar
I T B P Public School,2280002,"Along Distt. West Siang, Arunachal Pradesh",790115,3782,73366,0385-2427222,-,ajitirom@gmail.com,-,1985,Mr. Hariom Verma,Senior Secondary,Awes,-,West Siang
Indira Academy,2230030,A Sector Helipad Road Naharlagun Arunachal Pradesh,791110,360,"2248496, 246084",-,-,indira.academy@yahoo.com,-,1991,Shyam Singh,Secondary School,Indira Welfare Society,-,Papumpara
Intaya Public School,2230054,"At- Ezengo, Post Roing, District- Dibang Valley",792110,380,3223611,5732227229,3803223254,IPS_SCHOOL@YAHOO.COM,-,1999,R P Tiwari,Senior Secondary,Essomi Foundation Trust,-,Dibang Valley
Itbp Public School,2230034,Along Distt West Siang Arunachal Pradesh,791001,3783,23154,-,23615,-,-,1970,Mrs Rashmi Tewari,Secondary School,Assam Rifles 26 Battalion 99 Apo,-
J.N.K.Public School,2230048,"E,sector,itanagar,arunachalpradesh",791111,360,2218156,-,-,shijoy92555@gmail.com,-,2002,Shijoy Kurian,Secondary School,Arunachal Welfare And Educational Society,-,Papumpara
Jawahar Navodaya Vidyalaya,2240016,"P.o. Hawai, Via Hayuliang, Distt Anjaw Arunachal Pradesh",792102,91,9402757750,-,-,mishrakex@gmail.com,-,1992,Ashutosh Mishra,Secondary School,Navodaya Vidyalaya Samiti,-,Anjaw
Jawahar Navodaya Vidyalaya,2240003,Mahadevpur Dt- Lohit Arunachal Pradesh,792103,380,202128,-,-,knisikant@gmail.com,-,1988,N K Shamkuwar,Senior Secondary,Navodaya Vidyalaya Samiti,-,Lohit
Jawahar Navodaya Vidyalaya,2240004,"Khapho,branch Po Tissa, Distt. Longding,  Arunachal Pradesh",792131,5280,0000000,9456439240,-,ravindranujsingh@gmail.com,-,1988,Ravindra Kumar Singh,Senior Secondary,Nvs,-,Longding
"J P Public School, Itanagar",2230099,"Jp Public School,a-sector, Power House, Near Raj Bhawan, Itanagar",791111,-,08787515409,-,-,jppublicschoolitanagar@gmail.com,https://jppublicschoolitan.wixsite.com/website,2012,Mr. Zaseyi Veswuh,Secondary School,Jomme Foundation Society,-,Papumpara
Jawahar Navodaya Vidyalaya,2240005,Roing Dt- Dibang Valley Arunachal Pradesh,792110,380,290067,-,-,athikho.mail@rediffmail.com,-,1987,A Athikho,Senior Secondary,Navodaya Vidyalaya Samiti,-,Dibang Valley
Jawahar Navodaya Vidyalaya,2240013,"Megdong, Upper Suleansiri Distt. Po- Daparijo, Arunachal Pradesh",791122,8499,247297,231807,-,-,-,1990,-,Secondary School,Nvs,-,Upper Subansiri
Jawahar Navodaya Vidyalaya,2240001,Lepajaring Po- Daporijo Dt- Upper Subansiri Arunachal Pradesh,791122,379,200340,40231,-,chandrababujnv@gmail.com,-,1987,A Chandrababu,Secondary School,Nvs,-,Upper Subansiri
Jawahar Navodaya Vidyalaya,2240008,Po Bordumsa Distt Changlang Arunachal Pradesh,792056,3806,202225,03806-202225,-----,vijayabhasker.deva1@gmail.com,-,1999,D Vijaya Bhasker,Senior Secondary,Navodaya Vidyalaya Samiti,-,Changlang
Jawahar Navodaya Vidyalaya,2240017,"Anini, Distt Dibang Valley, Arunachal Pradesh",792101,3822,000000,9402382759,-,sumanshekhawat21@gmail.com,-,1995,Surendra Singh Shekhawat,Senior Secondary,Navodaya Vidyalaya Samiti,-,Dibang Valley
Govt Sec School,2220066,Soha Dt- Tirap Arunachal Pradesh,786629,-,-,-,-,-,-,1987,Mr B N Pandy,Secondary School,Govt. Of Arunachal Pradesh,-,Tirap
Govt Sec School,2220067,Lhou Dt- Tawang Arunachal Pradesh,790104,3794,272823,-,-,norbutashi14@gmail.com,-,1964,Norbu Tashi,Secondary School,School Managing Committee,-,Tawang
Govt Sec School,2220069,Sompoi Po- Diyun Via- Miao Dt- Changlang Arunachal Pradesh,792122,3806,266246,-,-,govtsssompoi057@gmail.com,-,1987,Aniyang Lego,Secondary School,Education Department Govt Of A.p,-,Changlang
Govt Sec School,2220071,Muri Mugli Dt- Upper Subansiri Arunachal Pradesh,791122,-,-,-,-,-,-,1987,D N Kakoty,Secondary School,Government,-,Upper Subansiri
Govt Sec School,2220072,Bameng Via- Seppa Dt - East Kameng Arunachal Pradesh,790102,-,-,-,-,-,-,1987,Trailukya Nath Phukan,Secondary School,Government Of Arunachal Pradesh,-,East Kemeng
Govt Sec School,2220073,Ningroo Dt- Lohit Arunachal Pradesh,792103,380,262312,-,-,cklongchot53@gmil.com,-,1953,Chou Khok Longchot,Secondary School,Education Departemtn Ap,-,Lohit
Govt Sec School,2220076,Wakro Dt- Lohit Arunachal Pradesh,-,-,-,-,-,ensengvpwakro@gmail.com,-,1958,Chau Enseng Singkai,Secondary School,Govt Of Arunachal Pradesh,-,Lohit
Govt Sec School,2220079,Ligu Po- Daporijo Dt- Upper Subansiri Arunachal Pradesh,791122,-,06122383973,-,-,ssq111@rediff.com,-,1988,Sri K D Mazumdar,Senior Secondary,-,-,Upper Subansiri
Govt Sec School,2220080,Namshu Dirang Dt- West Kameng Arunachal Pradesh,790001,3782,207542,-,-,ntnamshu@gmail.com,-,-,Nawang Tsering,Secondary School,-,-,West Kemeng
Govt Sec School,2220081,Parbuk Kangkong Parbuk Dt- Dibang Valley Arunachal Pradesh,-,3803,-,-,-,tonipertinpertin@gmail.com,-,-,Toni Pertin,Secondary School,-,-,Dibang Valley
Govt Sec School,2220095,Desali Via- Roing Dt - Dibang Valley Arunachal Pradesh,792110,-,-,-,-,-,-,1964,Mr E Lego,Secondary School,D P I Arunachal Pradesh,-,Dibang Valley
Govt Sec School,2220099,Gensi Dt- West Siang Arunachal Pradesh,-,-,-,-,-,-,-,-,Mr Tari Mara,Secondary School,-,-,West Siang
Govt Sec School,2220100,Bhalukpong Dt- West Kameng Arunachal Pradesh,-,3782,8415852995,-,-,bomngagamlin@gmail.com,-,-,Bomnga Gamlin,Secondary School,-,-,West Kemeng
Govt Sec School,2220101,Vijay Nagar Via- Mohanbari Dt - Changlang Arunachal Pradesh,-,-,-,-,-,-,-,-,-,Secondary School,-,-,Changlang
Govt Sec School,2220104,Taliha B P O Taliha Dt- Upper Subansiri Arunachal Pradesh,-,-,-,-,-,-,-,-,Mr T Ramsing,Secondary School,Govt. Of Arunachal Pradesh,-,Upper Subansiri
Govt Sec School,2220082,Maro Daporijo Dt- Upper Subansiri Arunachal Pradesh,791122,-,-,-,-,-,-,-,-,Secondary School,-,-,Upper Subansiri
Govt Sec School,2220105,Manhofai Namsai Dt- Lohit Arunachal Pradesh,792103,3806,262011,-,-,gssmanhofai05822@gmail.com,-,-,Sarat Chowlu,Secondary School,Govt. Of Arunachal Pradesh,-,Lohit
Govt Sec School,2220109,Nikte Along Dt- West Siang Arunachal Pradesh,791001,-,-,-,-,gumsukkamsi@yandex.com,-,1953,Gumsuk Kamsi,Secondary School,Dpi,-,West Siang
Govt Sec School,2220110,Mirku Pasighat Dt- East Siang Arunachal Pradesh,-,-,-,-,-,-,-,1964,Mr C Yomso,Secondary School,Govt Of Arunachal Pradesh,-,East Siang
Govt Sec School,2220077,Tirbin Via- Basar Dt - West Siang Arunachal Pradesh,791101,-,000000,-,-,ghsstirbin2013@gmail.com,-,1957,Jemar Doke,Senior Secondary,Govt Of Arunachal,-,West Siang
Govt Sec School,2220112,Jang Dt- Tawang Arunachal Pradesh,790104,3794,254873,-,-,lgyalpo1234@gmail.com,-,1965,Lama Gyapoh,Senior Secondary,D P I Arunachal Pradesh,-,Tawang
Govt Sec School,2220113,Po- Diyun Via- Miao Dt - Changlang Arunachal Pradesh,-,3806,266315,-,-,bodakriba2016@gmail.com,-,1974,Midak Riba,Secondary School,D P I Arunachal Pradesh,-,Changlang
Govt Sec School,2220114,Koronu Via- Roing Dt - Dibang Valley Arunachal Pradesh,792110,-,-,-,-,abc2@gmail.com,-,1967,Mr M R Borah,Secondary School,D P I Arunachal Pradesh,-,Dibang Valley
Govt Sec School,2220117,Shergaon Via- Bomdila Dt - West Kameng Arunachal Pradesh,790001,91,9436898830,-,-,gssshergaon1950@rediffmsil,-,1952,Prem Lata Devi,Secondary School,D P I,-,West Kemeng
Govt Sec School,2220118,Bomba At & Po- Lenbardung Dt- Tawang Arunachal Pradesh,790104,3794,0000000,-,-,kesangdorjee@gmail.com,-,1973,Kesang Dorjee,Secondary School,D P I Arunachal Pradesh,-,Tawang
Govt Sec School,2220121,Kombo Dt- West Siang Arunachal Pradesh,791001,-,-,-,-,-,-,1958,Sri Tamar Nyoodu,Secondary School,D.p.i,-,West Siang
Govt Sec School,2220122,Jeko Po- Sunpura Dt- Lohit Arunachal Pradesh,792111,-,-,-,-,-,-,1965,Rameshwar Singh,Senior Secondary,D.p.i. (ap),-,Lohit
Govt Sec School,2220125,Joram Dt- Lower Subansiri Arunachal Pradesh,791120,-,-,-,-,jorambudh@gmail.com,-,1960,Joram Budh,Secondary School,D P I,-,Lower Subansiri
Govt Sec School,2220127,Yanman Dt- Changlang Arunachal Pradesh,792102,380,9402274707,-,-,headmaster-yanman@gmail.com,-,1954,Chinglop Haisa,Secondary School,-,-,Changlang
Govt Sec School,2220116,Loiliang Via- Tezu Dt - Lohit Arunachal Pradesh,792001,380,4223599,-,-,ghssloiliang@gmail.com,-,1966,Bisar Lingi,Secondary School,D P I,-,Lohit
Govt Sec School,2220138,Wakka Distt Tirap Arunachal Pradesh,-,-,-,-,-,-,-,-,Mahendra Thakur,Secondary School,-,-,Tirap
Govt Sec School,2220140,Toru Post & Ps Toru Distt Papumpare Arunachal Pradesh,-,-,-,-,-,-,-,-,Sh T T Tara,Secondary School,-,-,Papumpara
Govt Sec School,2220144,Dipa West Siang Distt Po Dipa Via Simen Chapori Arunachal Pradesh,787063,-,-,-,-,taipodiamonya@gmail.com,-,1995,Monya Taipodia,Secondary School,D.p.i. (ap),-,West Siang
Govt Sec School,2220147,Kongsa Po Namtok Via Margherita Distt Changlang Arunachal Pradesh,786181,-,0000,-,-,-,-,-,Mani Ram Sharma,Secondary School,-,-,Changlang
Govt Sec School,2220146,Meka Distt Lower Dibang Valley Po Roing Arunachal Pradesh,792110,-,0000,-,-,gssmeka@gmail.com,-,-,Gebi Megu,Secondary School,-,-,Dibang Valley
Govt Sec School,2220172,"Kan, Po Kang Dist, East Siang, Arunachal Pradesh",790192,-,09436639621,-,-,-,-,-,Tater Saroh,Secondary School,-,-,East Siang
Govt Sec School,2220124,Singchung Po- Tenga Valley Dt- West Kameng Arunachal Pradesh,790115,378,273447,234261,-,anjephiang16@gmail.com,-,1971,Anje Phiang,Senior Secondary,D P I,-,West Kemeng
Govt Sec School,2220103,Borduria Via- Khonsa C/o Ddpi   Dt- Tirap Arunachal Pradesh,461331,7577,223003,9479597840,-,info@genesisintschool.com,-,2008,Mr Prem Narayan,Senior Secondary,-,-,Tirap
Govt Sec School,2220142,Arunachal University Campus Doimukh Papumpare Arunachal Pradesh,-,360,2277443,-,-,-,-,-,Binoy Baruah,Secondary School,-,-,Papumpara
Govt Sec School,2220056,Pessing Along Dt- West Siang Arunachal Pradesh,791001,343,6530315,1126278223,-,aps.panagarh2012@gmail.com,-,1962,Shri Hage Tatung,Senior Secondary,Govt Of Arunachal Pradesh,-,West Siang
Govt Sec School,2220177,"Vill-jia, Po/ps- Roing, Dist. Lower Diwang Valley, State Arunachal Pradesh",792110,3803,222103,3803205770,-,govtssjia@gmail.com,-,-,Obang Gao,Secondary School,-,-,Dibang Valley
Govt Sec School,2220102,Manmon Via- Namsai Dt - Lohit Arunachal Pradesh,792103,3806,202187,9436056055,-,Hmgssmanmow@gmail.com,-,-,Nang Wikantri Manpoong,Secondary School,-,-,Lohit
Govt Sec School,2220181,"Parsing Yingkiong, Dist. Rict Upper Siang, Arunachal Pradesh",-,3777,222022,9436898994,-,secondaryparsing2015@gmail.com,-,-,Odi Miyo,Secondary School,-,-,Upper Siang
Govt Sec School,2220119,Tezu Dt- Lohit Arunachal Pradesh,792001,3804,222440,22246,-,MogumBasar@gmail.com,-,-,Mogum Basar,Secondary School,-,-,Lohit
Govt Sec Shool,2220098,Cyangtajo Via- Seppa Dt - East Kameng Arunachal Pradesh,790102,-,-,-,-,ghsschayangtajo@gmail.com,-,-,Bima Bagang,Secondary School,-,-,East Kemeng
Govt Secondary School,2220090,Laju Dt- Tiap Arunachal Pradesh,600095,3786,222245,9350388284,4426536784,gsslaju@gmail.com,http://www.velammalnexus.in,2016,R Ngongwa,Secondary School,-,-,Tirap
Govt Secondary School,2220091,Gidding Po- Bardumsa Via- Tinsukia Dt- Changlang Arunachal Pradesh,-,-,-,-,-,-,-,-,-,Secondary School,-,-,Changlang
Govt Secondary School,2220093,Bijari Via- Saikhowaghat Dt - Dibang Valley Arunachal Pradesh,786154,-,0000,-,-,govt.bizss@gmail.com,-,-,Tony Pertin,Secondary School,-,-,Dibang Valley
Govt Secondary School,2220115,Darak Dt- West Siang Arunachal Pradesh,-,-,-,-,-,-,-,1962,N Potom,Secondary School,D P I Arunachal Pradesh,-,West Siang
Govt Secondary School,2220094,Bagra Dt- West Siang Arunachal Pradesh,791001,-,-,-,-,marmikriba16@rediffmail.com,-,-,Marmik Riba,Secondary School,-,-,West Siang
Govt Secondary School,2220135,Po- Seppa Dt- East Kameng Arunachal Pradesh,792102,-,000,-,-,datayam24@gmail.com,-,1954,Talem Jamoh,Secondary School,-,-,East Kemeng
Govt Secondary School,2220136,Paglam Po- Paglam Dt- Dibang Valley Arunachal Pradesh,-,-,-,-,-,GSSPAGLAM13@GMAIL.COM,-,-,Kalom Ering,Secondary School,-,-,Dibang Valley
Govt Secondary School,2220178,"Mukto, Distt. Tawang, Arunachal Pradesh",-,3794,222266,3794244708,-,-,-,-,Pema Dondup,Secondary School,-,-,Tawang
Govt Secondary School Ngorlung,2220352,"Po Ruksin, East Siang",791102,-,0368,-,-,ngorlunggss@gmail.com,www.ngorlunggss.in,-,Tapok Ezing,Secondary School,Department Of Education Govt Of Arunachal Pradesh,-,East Siang
Govt Sr Sec School,2220053,Lumla Dt- Tawang Arunachal Pradesh,790104,3794,264456,237,-,-,-,1958,Tashi Tsering,Senior Secondary,State Government,-,Tawang
Govt Sr Sec School,2220074,Kimin Dt- Paum Pare Arunachal Pradesh,791121,360,2255255,-,-,ghsskimin@gmail.com,-,1961,Bomgi  Doke,Senior Secondary,Education Deptt Arunachal Pradesh,-,Papumpara
Govt Sr.Sec School,2220096,Loromoba Dt- West Siang Arunachal Pradesh,791101,-,-,-,-,nikenngomdir16@rediffmail.com,-,-,Niken Ngomdir,Secondary School,-,-,West Siang
Govt Sr Sec School,2220040,Koloriang Ziro Dt- Lower Subansiri Arunachal Pradesh,791120,-,9775872317,9832471332,-,-,-,1963,Akkilal,Senior Secondary,Govt. Of Arunacha; Pradesh,-,Lower Subansiri
Govt Town Secondary School,2220078,Khonsa Dt- Tirap Arunachal Pradesh,786630,3786,222577,-,-,gtsskhonsa@gmail.com,-,1989,Tagin Akhang,Secondary School,Govt. Of  Arunchal Pradesh,-,Tirap
Govt. Gandhi Sec. School,2220165,"Pasighat, East Siang District. Arunachal Pradesh, Pasighat",791102,360,2900694,9436050549,-,gandhisecschool@gmail.com,-,1972,Olak Ratan,Secondary School,Govt. Of Arunacha; Pradesh,-,East Siang
Govt Hr Sec School,2220025,Dambuk Via- Saikhowaghat Dt - Dibang Valley Arunachal Pradesh,786154,-,9402476574,-,-,GHSDBK@YAHOO.COM,-,-,Genkeng Tayeng,Senior Secondary,Govt.,-,Dibang Valley
Govt Hr Sec School,2220023,Nyapin Via- Ziro Dt - Lower Subansiri Arunachal Pradesh,791120,-,0000,-,-,principal@ghssnyapin.in,-,1949,Hormo Ete,Senior Secondary,-,-,Lower Subansiri
Govt Hr Sec School,2220026,Miao Dt- Changlang Arunachal Pradesh,792122,3807,222256,-,-,-,-,-,Genkeng Tayeng,Senior Secondary,Govt. Of Arunachal Pradesh,-,Changlang
Govt Hr Sec School,2220030,Hayuliang Dt- Lohit Arunachal Pradesh,792102,-,000000,-,-,principal.ghss@yahoo.in,-,-,Pokling Tayeng,Secondary School,Government,-,Lohit
Govt Hr Sec School,2220031,Kamba Via- Along Dt - West Siang Arunachal Pradesh,791001,-,-,-,-,-,-,1948,Mr S Purkayastha,Senior Secondary,Government,-,West Siang
Govt Hr Sec School,2220032,Yazali Via- Ziro Dt- Lower Subansiri Arunachal Pradesh,791120,-,-,-,-,-,-,1965,Mr R S Thakur,Senior Secondary,D.p.i.,-,Lower Subansiri
Govt Hr Sec School,2220027,Rumgong Via- Along Dt - West Siang Arunachal Pradesh,791001,-,-,-,-,-,-,1953,Mr Y N Tiwari,Senior Secondary,Govt Of Arunachal Pradesh,-,West Siang
Govt Hr Sec School,2220033,Bordumsa Via- Tinsukia Dt - Changlang Arunachal Pradesh,792056,3806,244204,-,-,principalbsa@gmail.com,-,1952,Dakken  Koyu,Senior Secondary,D P I,-,Changlang
Govt Hr Sec School,2220035,Itanagar Dt- Papum Pare Arunachal Pradesh,791111,360,2215580,-,-,ihrssprincipal@gmail.com,-,-,Kirbom Modo,Senior Secondary,-,-,Papumpara
Govt Hr Sec School,2220036,Pangin  Dt- East Siang Arunachal Pradesh,791102,-,-,-,-,ggompanor@gmail.com,-,1947,Gogom Panor,Senior Secondary,School Coordination Committee,-,East Siang
Govt Hr Sec School,2220038,Likabali Dt- West Siang Arunachal Pradesh,791105,-,-,-,-,-,-,1963,-,Senior Secondary,State Government Through Directdrat,-,West Siang
Govt Hr Sec School,2220044,Sagalee Via- Doimukh Dt - Papum Pare Arunachal Pradesh,791112,-,-,-,-,-,-,-,Mr R N Tyagi,Senior Secondary,D P I,-,Papumpara
Govt Hr Sec School,2220043,Boleng Via- Pasighat Dt - East Siang Arunachal Pradesh,791101,3797,246046,-,-,PRINCI@BOLENGGHSS.IN,-,-,Tasing Tamuk,Senior Secondary,Govt. Of Arunachal Pradesh,-,East Siang
Govt Hr Sec School,2220046,Telam Via- Jonai Dt - East Siang Arunachal Pradesh,787060,-,-,-,-,-,-,1961,R K Saharia,Senior Secondary,D P I Arunachal Pradesh,-,East Siang
Govt Hr Sec School,2220048,Kalaktang Dt- West Kameng Arunachal Pradesh,790002,3782,266629,-,-,tapingboko@gmail.com,-,1983,Taping Boko,Senior Secondary,D P I Arunachal Pradesh,-,West Kemeng
Govt Hr Sec School,2220049,Palin Via- Ziro Dt - Lower Subansiri Arunachal Pradesh,791120,378,8264387,-,-,ghsspalin@gmail.com,-,1957,Byabang Kyochi,Senior Secondary,D P I,-,Lower Subansiri
Govt Hr Sec School,2220050,Sille Via- Pasighat Dt- East Siang Arunachal Pradesh,791102,368,2234270,-,-,wwwsitangtagong@gmail.com,-,-,Yari  Sitang,Senior Secondary,-,-,East Siang
Govt Hr Sec School,2220061,V & Po Balijan Via- Banderdewa Dt - Papum Pare Arunachal Pradesh,791120,-,-,-,-,-,-,-,-,Senior Secondary,-,-,Papumpara
Govt Hr Sec School,2220052,Kanubari Dt- Tirap Arunachal Pradesh,785692,91,9436049950,-,-,principalkbr1@gmail.com,-,1974,Nyamo Rina,Senior Secondary,Govt Of Arunachal Pradesh,-,Tirap
Govt Hr Sec School,2220058,Kaying Via- Along Dt - West Siang Arunachal Pradesh,791001,-,-,-,-,tapormibang@gmail.com,-,1960,Tapor Mibang,Senior Secondary,Government Of Arunachal Pradesh,-,West Siang
Govt Hr Sec School,2220075,Naharlagun Dt- Papum Pare Arunachal Pradesh,791110,360,2351931,-,-,gomokato12@gmail.com,-,1975,Gomo Kato Lobom,Senior Secondary,D P I Arunachal Pradesh Maharlagun,-,Papumpara
Govt Hr Sec School,2220064,Mariyang Via- Yingkiong Dt - Upper Siang Arunachal Pradesh,791002,-,-,-,-,princi@ghssmariyang.in,-,1988,Sobo Lego,Senior Secondary,Education Department Arunachal .p,-,Upper Siang
Govt Hr Sec School,2220111,Dumporijo Dt- Upper Subansiri Arunachal Pradesh,-,-,-,-,-,-,-,1967,T Gogoi,Senior Secondary,D P I,-,Upper Subansiri
Govt Hr Sec School,2220019,Longding Via- Khonsa Arunachal Pradesh,786631,378,9402847606,-,-,longding34@gmail.com,-,1961,Nolan Akhang,Senior Secondary,Govt Of Arunachal Pradesh,-,Longding
Govt Hr Sec School,2220015,Tawang Dt- Tawang Arunachal Pradesh,790104,3794,222205,237,-,sharmabinodk@gmail.com,-,1953,Tenzing Wangda,Senior Secondary,Govt. Of Arunachal Pradesh,-,Tawang
Govt Hr Sec School,2220059,Seijosa Dt- East Kameng Arunachal Pradesh,790103,377,"222205, 209",-,-,ghssseijosa@gmail.com,-,1969,Tado Mara,Senior Secondary,-,-,East Kemeng
Govt Hr Sec School,2220041,Bolong Roing Dt- Dibang Valley Arunachal Pradesh,792110,3803,"0, 22222",-,-,saringabu13@gmail.com,-,1948,Abu Saring,Senior Secondary,D.p.i Arunachal Pradesh,-,Dibang Valley
Govt Hr Sec School,2220045,Raga Via- Ziro Dt - Lower Subansiri Arunachal Pradesh,791120,-,-,-,-,-,-,1959,Mr P B Bhattacharya,Senior Secondary,D P I,-,Lower Subansiri
Govt Hr Sec School,2220029,Dirang  Dt- West Kameng Arunachal Pradesh,790101,3780,242739,-,-,principalghssdrghr@gmail.com,-,1947,Nyali Pakam,Senior Secondary,Directorate Of Education,-,West Kemeng
Govt Hr Sec School,2220014,Doimukh Via- Naharlagun Dt - Papum Pare Arunachal Pradesh,791112,360,2277233,214,-,nyagi11@gmail.com,-,1991,Nyagi Riba,Senior Secondary,Govt. Of Arunachal Pradesh,-,Papumpara
Govt Hr Sec School,2220054,Nafra Via- Bomdila Dt- West Kameng Arunachal Pradesh,790001,3782,207073,-,-,principalghssnafra@yahoo.co.in,-,1984,Onom Dai,Senior Secondary,Govt Of Arunachal Pradesh,-,West Kemeng
Govt Hr Sec School,2220028,Anini Po- Anini Dt- Dlvalley Arunachal Pradesh,792110,-,247,-,-,-,-,1954,R N Rai,Senior Secondary,D P I,-,Dibang Valley
Govt Hr Sec School,2220001,Govt Hr Sec School Pasighat Dt- East Siang Arunachal Pradesh,791102,368,2222321,321,-,igjschoolpasighat@yahoo.in,-,1946,Tatem Taloh,Senior Secondary,Government Of Arunachal Pradesh,-,East Siang
Govt Hr Sec School,2220013,Daporijo Dt- Upper Subansiri Arunachal Pradesh,791122,-,36,36,-,-,-,1967,P B Bhattacharjee,Senior Secondary,Govt Of Arunachal Pradesh,-,Upper Subansiri
Govt Hr Sec School,2220039,Rupa Via- Bomdila Dt - West Kameng Arunachal Pradesh,790001,3782,232210,-,-,principal05752@gmail.com,-,1949,Dakken Riba,Senior Secondary,Govt. Of  Arunachal Pradesh,-,West Kemeng
Govt Hr Sec School,2220016,Tuting Dt- Upper Siang Arunachal Pradesh,792061,3799,287240,37824,-,princi@tutingghss.in,-,1953,Duhon Tekseng,Senior Secondary,Government Of Arunachal Pradesh,-,Upper Siang
Govt Hr Sec School,2220024,Mahadevpur Via- Namsai Dt- Lohit Arunachal Pradesh,792103,3806,244432,44434,-,principalmahadevpur@gmail.com,-,1958,Chau Sunanda Singpho,Senior Secondary,Government Dpi,-,Lohit
Govt Hr Sec School,2220106,Innao Dt- Changlang Arunachal Pradesh,792122,-,33353,33326,-,rupa.tangha123@gmail.com,-,1964,Rupa Tangha,Senior Secondary,Dpi,-,Changlang
Govt Hr Sec School,2220022,Nampong Dt- Changlang Arunachal Pradesh,792123,3800,000000,-,-,ghssnampong@gmail.com,-,-,Osup Tahar,Senior Secondary,Govt Of Arunachal Pradesh,-,Changlang
Govt Hr Sec School,2220055,Deomali Dt- Tirap Arunachal Pradesh,786629,-,5326,-,-,-,-,1974,B B Sharma,Senior Secondary,Govt. Of  Arunachal Pradesh,-,Tirap
Govt Hr Sec School,2220179,"Pongchau, Po/ps Pongchau, Dist. Longding, Arunachal Pradesh",792131,380,0000,-,-,namkingamno@gmail.com,-,1970,Namkin Gamno,Senior Secondary,Govt. Of Arunachal Pradesh,-,Longding
Govt Hr Sec School,2220011,Roing Dt- Dibang Valley Arunachal Pradesh,792110,3803,222343,222243,222380,sankaranmarudur@yahoo.com,-,1968,Dajum Lego,Senior Secondary,Dept.of.education-arunachal Pradesh,-,Dibang Valley
Govt Hr Sec School,2220005,Changlang Dt- Changlang Arunachal Pradesh,792120,380,222222,3808222251,-,principalgghssclg@gmail.com,-,-,Konhap Taijong,Senior Secondary,-,-,Changlang
Govt Hr Sec School,2220010,Namsai Dt- Lohit Arunachal Pradesh,792103,3806,262241,9436049063,-,principalghssnamsai@gmail.com,http://www.ghssnamsai.com,1953,Chow Thinkon Moungkang,Senior Secondary,Govt Of Arunachal Pradesh,-,Lohit
Govt Hr Sec School,2220008,Khonsa Dt- Tirap Arunachal Pradesh,786629,-,-,-,-,ghsskhonsa34@gmail.com,-,1975,Mr. M. Hosai,Senior Secondary,Government Of Arunachal Pradesh,-,Tirap
Govt Hr. Sec. School,2220034,Bilat Via- Pasighat Dt - East Siang Arunachal Pradesh,791102,368,2272229,-,-,tagintatan@gmail.com,-,-,Tagin Tatan,Senior Secondary,Govt.,-,East Siang
Govt Hr. Sec School,2220002,Tezu Dt- Lohit Arunachal Pradesh,792001,380,4222247,212,-,PRINCIPALGHSSTZ@GMAIL.COM,-,1951,Eving Lego,Senior Secondary,Dept.of Edu.arunachal Pradesh,-,Lohit
Govt Nehru Memorial Hr Sec School,2220097,Along Dt- West Siang Arunachal Pradesh,791001,3783,222590,-,-,gokenangu4@gmail.com,-,1967,Goken Angu,Senior Secondary,State Govt Of Ap,-,West Siang
Govt Sangay Lhaden Sports Academy,2220143,Chimbu Itanagar Arunachal Pradesh,790102,360,2203857,2203861,-,-,-,1966,Sh Sri Naresh Kumar,Secondary School,-,-,Itanagar
Govt Hr. Sec School,2220047,Kharsang Via- Miao Dt- Changlang Arunachal Pradesh,792122,3807,200077,-,-,krushnashaoo1958@gmail.com,-,1972,Krushna Chandra Shahoo,Senior Secondary,D.p.i,-,Changlang
Govt Sec  School,2220107,Pakke Kessang Dt- East Kameng Arunachal Pradesh,790102,-,899382106,-,-,-,-,1966,Rup Techi Tara,Secondary School,Dpi,-,East Kemeng
Govt Sec School,2220137,Soppi Upper Daparija Po Upper Subawiri Distt Arunachal Pradesh,791122,-,-,-,-,-,-,-,Sh Tape Jeram,Secondary School,-,-,Upper Subansiri
Govt Sec School,2220051,Hija Po- Ziro Dt- Lower Subansiri Arunachal Pradesh,791120,-,-,-,-,-,-,1965,Mr C Saikia,Secondary School,Dept.of.education-arunachal Pradesh,-,Lower Subansiri
Govt Sec School,2220009,Jairampur Dt- Changlang Arunachal Pradesh,792121,3800,246020,-,-,jairampurck@gmail.com,-,-,Chakmaw Khomrang,Secondary School,-,-,Changlang
Govt Sec School,2220037,Balek Via- Pasighat Dt - East Siang Arunachal Pradesh,791102,-,-,-,-,-,-,-,-,Secondary School,-,-,East Siang
Govt Sec School,2220063,Manmao Dt- Changlang Arunachal Pradesh,-,-,-,-,-,-,-,1954,M R Hrime,Secondary School,-,-,Changlang
Govt Sec School,2220065,Lathao Dt- Lohit Arunachal Pradesh,792103,-,000000,-,-,tasenete12@gmail.com,-,1958,Tasen Ete,Secondary School,Govt Of Arunachal Pradesh,-,Lohit
Govt Hr. Sr Sec School,2220141,Polo Colony Naharlagun Arunachal Pradesh,792056,360,2242222,247559,-,ghsspolocolony@gmail.com,-,1972,Mihin Kaning,Senior Secondary,Govt. Of Arunacha; Pradesh,-,Papumpara
Govt Sec School,2220057,Boa Simla Via- Ziro Dt - Lower Subansiri Arunachal Pradesh,791120,-,-,-,-,-,-,1971,Dhani Ram Dutta,Secondary School,Government,-,Lower Subansiri
Govt Sec School,2220060,Kumari Dt- Lohit Arunachal Pradesh,792103,-,-,-,-,-,-,1984,P K Sharma,Secondary School,Dept.of.education-arunachal Pradesh,-,Lohit
