Adarsh Vidyalaya,220007,"Batadrava, Village Saharia, P.o. Sonarigaon, Distt. Nagaon, Assam-782123",-,-,-,-,-,-,-,-,.,Secondary School,-,-,Nagaon
Adarsh Vidyalaya,220011,"Dokuchi, Village Palahatari, P.o. Nagarbera, P.s. Nagarbeg, Distt. Kamrup(rural), Assam-781127",-,-,-,-,-,-,-,-,.,Secondary School,-,-,Kamrup
Adarsh Vidyalaya,220012,"Lowairpoa, Village & P.o.chandkhira, Distt. Karimganj, Assam-788725",-,-,-,-,-,-,-,-,.,Secondary School,-,-,Karimganj
Adarsh Vidyalaya,220013,"Chenga Village Chenga Musalman Gaon, P.o. Chenga, P.s. Tarabari, Distt. Barpeta, Assam-781305",-,-,-,-,-,-,-,-,.,Senior Secondary,-,-,Barpeta
Adarsh Vidyalaya,220004,"Village Kadamtola Gopalpur, P.o. Dalgoma,p.s. Matia, Distt. Goalpara, Assam-783125",-,-,0496 - 2623804,-,-,qybhavan@yahoo.co.in,-,2007,.,Secondary School,"Bharatiya Vidya Bhavan,mumbai",-,Goalpara
Adarsh Vidyalaya,220005,"Mandia, Village 2 No. Bdalani,p.o. Mandia, P.s. Baghbar, Distt. Barpeta Assam-781308",-,-,0496 - 2623804,-,-,qybhavan@yahoo.co.in,-,2007,.,Secondary School,"Bharatiya Vidya Bhavan,mumbai",-,Barpeta
Adarsh Vidyalaya,220010,"Ganakkuchi, Barpeta, Village & P.o. Ganakkuchi, Distt. Barpeta, Assam-781314",-,-,-,-,-,-,-,-,.,Secondary School,-,-,Barpeta
Adarsh Vidyalaya,220015,"Moirabari, Village Moirabari Town Kisamat, P.o. + P.s.moirabari, Distt. Migaon Assam-782126",530027,891,2559519,2.77E+16,-,msmoirabari@gmail.com,-,2007,.,Secondary School,"Bharatiya Vidya Bhavan,mumbai",-,Morigaon
Abanti Kumar Mahanta Educational Institution,230117,Laxmi Bazar Road,788710,3843,267817,-,-,Principal@akmei.edu.in,-,2004,Suma Mohanta,Secondary School,Abanti Kumar Mohanta Educational And Rehabilitation Trust,-,Karimganj
Adarsh Vidyalaya,220003,"Village Aloicherra, P.o. Manipur Bagan, Distt. Hailakandi-788165",-,11,26870393,26870393,-,kp_vohra@yahoo.co.in,-,-,.,Secondary School,-,-,Hailakandi
Adarsh Vidyalaya,220009,"Rangapather , Village Rangapather,p.o. Suffry, Distt. Charaideo",804401,11,26870393,26870393,-,kp_vohra@yahoo.co.in,-,1994,.,Secondary School,Navodaya Vidyalaya Samiti,-,Sivasagar
Adarsh Vidyalaya,220014,"Pakabetbari , Village Phularguri, P.o. Kayakuchi,distt. Barpeta, Assam-781352",673323,-,0496 - 2623804,-,-,qybhavan@yahoo.co.in,-,2007,.,Secondary School,"Bharatiya Vidya Bhavan,mumbai",-,Barpeta
Adarsh Vidyalaya Dahalapara,220002,"Rupsi-pt. Village Dahalapara, P.o. Bhulukadaba, Distt. Barpeta-781317",-,11,26870393,26870393,-,kp_vohra@yahoo.co.in,-,-,.,Middle Class,-,-,Barpeta
Adarsh Vidyalaya Dalimbari,220006,"Village Dalimbari, P.o. Goshpara, Distt. West Karbi Anglong-782425",673323,-,0496 - 2623804,-,-,qybhavan@yahoo.co.in,-,2007,.,Secondary School,"Bharatiya Vidya Bhavan,mumbai",-,Karbi Anglong
"Adarsh Vidyalaya, Barakhetri",220008,"Village Kaldi, P.o. Bartala, Distt. Nalbari Assam-781138",-,-,-,-,-,-,-,-,.,Secondary School,-,-,Nalbari
"Adarsha Vidyalaya (Ms), Kachugaon",220150,"Ps. - Gossaigaon, Pin - 783360, , Sub - Division - Gossaigaon",783360,-,9957469559 ,-,-,avkachugaon.btad2018@gmail.com,http://www.modelschoolkachugaon.com,-,Arup Kumar Moshahari,Secondary School,Assam Madhyamik Siksha Abhijan Samiti,-,Kokrajhar
Air Fce School,280003,Jhat Dt- Jhat Assam,785005,11,320418,320744,-,kv_dwarka12@rediffmail.com,-,-,Mrs Veena Dutt,Senior Secondary,-,-,Jorhat
Adarsha Vidyalaya Juria,220152,"Juria, Nagaon",782124,-,8638750620,-,-,rashmi.konwar@gmail.com,https://www.avjuria.in/,-,Rashmi Konwar,Secondary School,Rmsa,-,Nagaon
"Adarsha Vidyalaya, Pub Mangaldai",220151,"Po- Dhula, Charkar Chowk",784146,-,9101115105,-,-,pubmangaldaiadarshavidyalaya@gmail.com,https://avpubmangaldai.in/,-,Kuldeep Kalita,Secondary School,Rmsa Assam,-,Darrang
Air Fce School Tezpur,280009,No. 11 Wing C/o 99 A P O,784104,8548,03712258622,543373,-,afschooltezpur@gmail.com,-,1971,Shveta S Rattani,Middle Class,Iaf  Educational And Cultural Society,-,Sonitpur
Air Force School Chabua,230259,Air Force Schoool Chabuaair Force Station Chabuachabua,786102,-,03732863791,-,3732863791,afscadm@yahoo.com,afschoolchabua.in,1983,Miss Pratity Borpujari,Middle Class,Indian Air Force Educational And Cultural Society New Delhi,-,Dibrugarh
All Saints Diocesan School,230261,"Ward No- 8, Old Mission Compound",784001,-,03712232005,-,-,asdst2015@gmail.com,www.asdstezpur.org,2016,Mrs. Jane Pio,Secondary School,North East India Diocesan Trust Association,-,Sonitpur
Air Force School Tezpur,230094,No. 11 Wing C/O 99 A P O,784104,8548,03712 ;258622,543373,-,afschooltezpur@gmail.com,-,1971,Shveta S Rattani,Middle Class,Iaf  Educational And Cultural Society,-,Sonitpur
Amrit International School,230268,"Singimari, Po : Barpathar, Ps : Barpathar, Assam, Pin : 785602",785602,-,9435040552,-,-,aisbarpathar@gmail.com,http://www.ais.net.in,2018,Mrs. Rashmi Singh,Secondary School,Amrit Foundation Trust,-,Golaghat
Army Public School,280005,"C/O Hq 2 Mtn Div C/O 99 Apo, Distt Dibrugarh, Assam",786125,374,2388864,2388308,2388308,asdinjan@yahoo.com,-,1994,Mr. Dr.Rajiv Kumar Singh,Senior Secondary,K.T.R Trust,-,Dibrugarh
Army Public School,230019,"C/o Hq 2 Mtn Div C/o 99 Apo, Distt Dibrugarh, Assam",786125,374,2388864,2388308,2388308,asdinjan@yahoo.com,-,1994,Mr. Dr.rajiv Kumar Singh,Senior Secondary,K.t.r Trust,-,Dibrugarh
Army Public School,280006,"Basistha 151 Base Hospital C/o 99apo, Distt Kamrup, Assam",781029,5923,564617,566669,-,bvm_ssschool@yahoo.co.in,apsbasistha.g,1992,Mrs Purnima Mehra,Senior Secondary,Army Welfare Edeucation Society,-,Kamrup
Army Public School,280007,Jhat Near Rowriah Mes Gate Po Chaliha Jhat Assam,785004,40,7940368,-,-,armyschooljhat@yahoo.co.in,-,1992,Pona Vidwans,Senior Secondary,Army Welfare Education Society,-,Jorhat
Army Public School,280008,Missamari Dt Sonitpur Assam,784506,3714,253469,6228075,-,shantonu66@gmail.com,-,1992,Shantonu Kumar Brah,Secondary School,Awes New Delhi,-,Sonitpur
Army School,280002,"Narangi Po- Satgaon Guwahati, Assam",781027,-,8811098768,7252,-,apsnarangi@gmail.com,http://www.apsnarangi.com,1982,Mrs Prabha Dastidar,Senior Secondary,Army Welfar Edn.socy,-,City Guwahati
Army School,280004,Solmara Tezpur Dt- Sonitpur Assam,784001,3712,259109,3712259109,-,as_tezpur@yahoo.com,-,1994,Mr. Hemanta Kumar Seth,Senior Secondary,K.t.r Trust,-,Sonitpur
Asian Public School,230099,"Ward No.14, P.o: North Lakhimpur, Assam, 787001",787001,91,9954017409,9412061947,03752-223312,hemantabhuyan99@yahoo.in,-,2005,Hemanta Bhuyan,Senior Secondary,Gyanuday School Parichalana Samity,-,Lakhimpur
Assam Public School,230142,"Near Bachelor Qr. Anandopara, Thapa Basti",786602,374,2802355,-,3742804662,rgkamalapuri@gmail.com,-,2009,Rita G Kamalapuri,Senior Secondary,Educational Public School Swociety,-,Dibrugarh
Assam Rifles Middle School,280012,C/o 99 Apo Lokra Po Lokra Distt Sonitpur Assam,784102,-,-,-,-,ars.lokra102@gmail.com,-,1987,-,Secondary School,Radha Krishna Public School Amroha,-,Sonitpur
Assam Rifles Public School,280010,"Nefabari Near Civil Airpt, Rowriah, Jhat-5, Assam",785005,-,-,-,-,-,-,1993,-,Senior Secondary,Directate General Of Assam Rifles,-,Jorhat
Assam Rifles School,230025,Diphu Po Karbi Anglong Distt Assam,782460,367,275412,3671274163,-,dineshthakur57@yahoo.com,-,1990,Dinesh Thakur,Secondary School,16 Assam Rifles,-,Karbi Anglong
"Assam Rifles School, Balipara, Sonitpur, Assam",280011,"Balipara, Chariduar, Sonitpur Assam Pin - 784 103",784103,-,03714266515,-,-,assamriflesschoolcharduar@rediffmail.com,www.assamriflesschoolcharduar.g,1990,Mrs. Manuwara Begum,Secondary School,"Assam Rifles Welfare Education Society, Hq Dgar, Shillong",-,Sonitpur
"Axel Public School, Lokhra,Guwahati, Assam",230102,"Axel Public School,po-lokhra, Vill- Lokhra, Ps-basistha",781034,361,2228951,260110,-,montigogoichoudhury@gmail.com,http://www.axelpublicschool.com,2002,Monti Gogoi Choudhury,Senior Secondary,Axel Public Society,-,Kamrup
Aturkimi Academy,230122,"Amalapaty, Rukasen",782460,3671,273084,-,-,dipakchetry1977@rediffmail.com,-,2007,Dipak Chetry,Secondary School,Aturkimi Society,-,Karbi Anglong
B.B. Memorial Public School,230160,"Gobindopur, Tinsukia",786125,374,2120888,-,-,carina_goswami@yahoo.co.in,http://bns.edu.in,2014,Carina Ahmed,Secondary School,B.b. Memorial Jr. College Managing Committee,-,Tinsukia
Bimala Academy,230191,"Baghjan, Jakhalabandha,nagaon, Assam",782136,-,9957099700,-,-,bimalaacademy@gmail.com,www.bimalaacademy.com,2013,Mr. Kalen Singha,Secondary School,Bimala Educational And Welfare Trust,-,Nagaon
Biswanath Jnan Bharati School,230096,"Madhupurbiswanath Chariali, Sonitpur",784176,3715,222389,-,-,rajenbnc@gmail.com,-,2004,Kiran Bala Devi,Senior Secondary,Arunodoy Educational Society,-,Sonitpur
Blooming Buds School,230254,"Padmabil,gossaigaon,btr, Assam",783360,-,7896227306,-,-,martindds957@gmail.com,bloomingbudsschool.github.io/bbsg/,2011,Mr. Martin Basumatary,Secondary School,Blooming Buds Society,-,Kokrajhar
Blue Bird School,230108,Baragolai Margherita Tinsukhia Assam,786181,3751,220686,401232,-,ratnab46@gmail.com,-,2000,Ratna Bhowmick,Senior Secondary,Blue Bird Trust,-,Tinsukia
Bodoland Public School,230257,No.2 Gossaigaon,783360,-,03669220118,-,3669220118,bpsgossaigaon@gmail.com,http://bps.birsociety.org/,2016,Mrs. Mary Chettri,Middle Class,Bir Society (bodoland Institutional & Research Society),-,Kokrajhar
Brahma Baba Techno School,230270,"Janagaon, Titaguri (part-ii)",783370,-,03661271185,-,-,babatechschool18@gmail.com,www.bbtechschool.com,2018,Miss Anjima Brahma,Secondary School,Baba Trust,-,Kokrajhar
Brahmaputra Valley English Academy,230128,"Vill : Panchaniapara , P.o : Bongara, Dist : Kamrup (m) , P.s. : Azara",781015,361,2134064,-,-,principal@bvea.co.in,-,2012,Dipika Deka,Secondary School,B.k. Modak Educational Trust,-,Kamrup
Brahmaputra Valley School Sivasagar,230171,Betbari Alimur Sivasagar Assam,785640,-,07086041280,-,-,brahmaputravalleysivasagar@gmail.com,www.bvssivasagar.com,2016,Mr. R Rejeesh,Senior Secondary,Dpm Baruah Memorial Foundation Trust,-,Sivasagar
Budding Buds School,230016,D M Lohia Road Tinsukia Assam,786125,374,2338111,2337996,-,s_deb24@rediffmail.com,-,1984,Siddhartha Deb,Senior Secondary,Green Land Convent Shikha Samit,-,Tinsukia
C/o Air Force Station Tezpur,270051,"Post- Salonibari, Tezpur",784104,-,03712-258622,-,-,afschooltezpur1971@gmail.com,http://www.airforceschooltezpur.in,-,Deepa Bhakta,Secondary School,Executive Director,-,Sonitpur
Carmel School,230250,Carmel Covent,781131,-,8638988324,-,-,acalphonsa@gmail.com,-,2011,Miss Alphonsa,Secondary School,Carmel Nilaya,-,Kamrup
Cambridge Public School,230054,Baripara Maligaon Guwahati Assam,781012,361,2674637,-,-,deysupra@gmail.com,http://www.lokmanyatilakshikshannyas.com,1995,Supra Dey,Secondary School,Cambridge Educational Trust,-,Kamrup
Central Public School,230087,"Gyan Village, Haitharkha, Patharkandi Pt-iv, Distt Karimganj, Assam",788724,3843,254568,24640133,-,cyeasmin@yahoo.com,-,2006,Yeasmin Sultana Choudhury,Senior Secondary,Education Research & Development Foundation,-,Karimganj
"Central Public School,Badarpur",230111,"Umarpur, Badarpur, Karimganj, Assam",788806,3843,03843268714,-,0361-2235768,cpsb.erdf@gmail.com,cpsbadarpur.org,2010,Mrs. Yeasmin Sultana Choudhury,Senior Secondary,Education Research And Development Foundation,-,Karimganj
Centre For New Learning,230147,"P.o : Bengtol, Dist : Chirang Pin : 783394, Btc, Assam",783394,3661,264743,-,-,principalcnl@gmail.com,-,1994,Stephan Islary,Secondary School,Good Earth Education Trust,-,Kokrajhar
Christ Jyoti School,230100,"Premnagar, Dhing Road, Nagaon, Assam.",782002,3672,220734,-,-,cjsschoolcbse@gmail.com,-,1983,Sister Celin,Senior Secondary,The Assam Gana Mukti Society,-,Nagaon
De-Paul's Public School,230113,"P.o  Dotma, Dist - Kokrajhar B.t. A. D Assam 783347",783347,3661,291541,-,03661 - 291541,bentom6663@gmail.com,-,2009,Benny Thomas,Secondary School,De Paul''s Society,-,Kokrajhar
Delhi Public School,230256,"Budurail, Kathal Road",788005,-,6026402866,-,-,principal@dpssilchar.in,http://www.dpssilchar.in,2019,Mrs. Dolly Banerjee,Secondary School,R .s. Mundra Memorial Trust,-,Cachar
Delhi Public School,230024,Po- Dhaligaon  Dt- Bongaigaon Assam,783385,3664,"241078, 41471",272475,2505371,amdpsdam@gmail.com,http://www.rampusgkp.org,1997,Amol Kumar Mishra,Senior Secondary,Delhi Public School Society,-,Bongaigaon
Delhi Public School,230040,Oil India Ltd Po Duliajam Dibrugarh Assam,786002,374,2802676,2804606,2802676,principal_dpsdjn@oilindia.in,-,1998,K Krishna Rao,Senior Secondary,Dps Delhi,-,Dibrugarh
Kendriya Vidyalaya,200045,Nilmani Road Karimganj Dt- Karimganj Assam,788712,3843,267703,73158,08418-2542,mukeshkumarverma144@gmail.com,-,1993,Mukesh Kumar Verma,Senior Secondary,Kendriya Vidyalaya Sangathan,-,Karimganj
Kendriya Vidyalaya,200028,Hathimatha Ward No 8 Kokrajhar Assam,783370,3661,270445,543373,-,muveenansari786@gmail.com,-,1984,Muveen,Senior Secondary,Kendriya Vidyalaya Sangathan,-,Kokrajhar
Kendriya Vidyalaya,200010,B R P L Bongaigaon Dhaligaon Dt- Kokrajhar Assam,783385,-,"584 P&T, 65 P&T",65 P&T,-,kencrestschool@yahoo.com,http://www.kencrestinternationalschool.com,1976,Dr Rdvishwakarma,Senior Secondary,Kendriya Vidyalaya Sangathan,-,Kokrajhar
Kendriya Vidyalaya,200055,North Lakhimpur P O Saboti Women Iti Campus Distt Lakhimpur Assam,787051,3752,234630,73158,08418-2542,gajendra.aashu@gmail.com,-,1993,Gajendra Joshi,Senior Secondary,Kendriya Vidyalaya Sangathan,-,Lakhimpur
Kendriya Vidyalaya,200026,Jagiroad Hpc Dt- Morigaon Assam,782413,3678,245265,-,-,mrmlnayak@yahoo.co.in,-,1984,M Lal,Senior Secondary,Kendriya Vidyalaya Sangathan,-,Morigaon
Kendriya Vidyalaya,200048,Missa Cantt Nagaon Assam,782138,3672,242775,-,-,kvmisacantt@yahoo.co.in,-,1988,Anjaneyulu Karingu,Senior Secondary,Kvs,-,Nagaon
Kendriya Vidyalaya,200014,"Nagaon  Dt- Nagaon,po Itachali, Assam",782003,367,2231496,894,-,damodarpatikvs@gmail.com,www.kv2afstezpur.com,1979,Damodar Pati,Senior Secondary,Kendriya Vidyalaya Sangathan,-,Nagaon
Kendriya Vidyalaya,200036,"S S B Haflong, N C Hills Assam",788819,3673,236245,984649206,08418-2542,rajesh.bhat2k10@gmail.com,-,1989,Rajesh Bhat,Secondary School,Kendriya Vidyalaya Sangathan,-,N.C.Hills
Kendriya Vidyalaya,200030,N F Railway Lumding Dt- Nagaon Assam,782447,3674,265509,984649206,08418-2542,sanjaykosikalan@gmail.com,-,1986,Sanjay Agrawal,Senior Secondary,Kendriya Vidyalaya Sangathan,-,Nagaon
Kendriya Vidyalaya,200005,Ongc Sivasagar  Assam,785640,3772,222290,984649206,08418-2542,mittalnavjaipur@gmail.com,-,1974,Navratan Mittal,Senior Secondary,Kendriya Vidyalaya Sangathan Sibsagar,-,Sivasagar
Kendriya Vidyalaya,200020,Ongc Nazira Dt- Sibsagar Assam,785685,372,252232,3447015,-,nazira1888@gmail.com,http://www.kv2vasco.com,1977,Barrister Pandey,Senior Secondary,Kendriya Vidyalaya Sangathan G C Choudhury,-,Sivasagar
Kendriya Vidyalaya,200058,"Central University, Tezpur, P.o. Napaam, Distt. Sonitpur, Assam",784028,3172,267344,9435380551,-,kharepravesh74@gmail.com,-,1999,Pravesh Khare,Senior Secondary,Kendriya Vidyalaya Sangathan,-,Sonitpur
Kendriya Vidyalaya,200037,"Raja Ali Road Naw-pukhuri, Tinsukia Assam",786125,374,2331599,276,-,sudhirbajpai@yahoo.co.in,-,1977,Sudhir Bajpai,Senior Secondary,Kendriya Vidyalaya Sangathan,-,Tinsukia
Kendriya Vidyalaya,200032,Arc Doomdoma Dt- Tinsukia Assam,786159,3759,249518,699(ioc,-,DOOMDOOMA1868@GMAIL.COM,-,1987,Mewa Lal,Senior Secondary,Kendriya Vidyalaya Sangathan,-,Tinsukia
Kendriya Vidyalaya,200039,Lekhapani Dt- Tinsukia Assam,786180,3751,282415,984649206,08418-2542,p4pali2u@rediffmail.com,-,1986,Dr Palishah,Senior Secondary,Kendriya Vidyalaya Sangathan,-,Tinsukia
Kendriya Vidyalaya No 1,200013,Missamari  Dt- Sonitpur Assam,784506,371,4253633,-,-,bnpandey1976@rediffmail.com,http://kvmissamari.edu.in,1972,Brij Nandan Pandey,Senior Secondary,Kendriya Vidyalaya Sangathan,-,Sonitpur
Kendriya Vidyalaya No 1,200006,Tezpur Dekargaon Dt- Sonitpur Assam,784501,3712,258111,6338,-,bitasingh4@gmail.com,-,1971,Indu Singh,Senior Secondary,Kendriya Vidyalaya Sangathan,-,Sonitpur
Kendriya Vidyalaya No 2,200007,Air Force Station Tezpur Salonibari Dt- Sonitpur Assam,784104,3712,258805,-,-,balli364@gmail.com,www.kv2afstezpur.com,1978,Balwinder Kaur,Senior Secondary,Kendriya Vidyalaya Sangathan,-,Sonitpur
"Kendriya Vidyalaya, Rambi",2400061,"Nhpc, Tldp-iii, P.o. Reang, Via-siliguri Dist. Darjeeling 734 321",194401,3552,204033,-,-,dpdashkvs@gmail.com,-,1994,Debadatta Prasad Dash,Secondary School,Kendriya Vidyalaya Sangathan,-,Jorhat
Kidzee And Sunshine High School,230148,Namdang Gaonbaragolaip.o.- Margheritadist.- Tinsukhiapin No. - 786181aassam,786181,3751,222025,-,3751220224,rheankita@rediffmail.com,-,2007,Madhuchanda Roychoudhury,Secondary School,Rheankita Educare Trust,-,Tinsukia
Little Flower School,230053,Post Box 39 Bongaigaon Distt Assam,783380,3664,236204,4925,-,aromsmhc@gmail.com,http://dpsvndadri.com/,1995,Arokia Mary,Senior Secondary,St Joseph Province,-,Bongaigaon
Little Flower School,230085,"Hatigaon, Dispur, Guwahati - 781038, Assam",781038,361,2226821,-,-,linsmaryjohn@gmail.com,-,1988,Lincy John,Senior Secondary,"Missionary Sisters Of Mary Help Of Christians,shillong,meghalaya",-,Kamrup
Lotus Academy,230063,Doomdoona Distt Tinsukia Assam,786151,3759,240002,-,-,lotus_prl@yahoo.com,http://www.doomdoomalotus.org.in,1993,Mr. Manash Kumar De,Senior Secondary,Welfare & Education Trust,-,Tinsukia
Maharishi Vidya Mandir,230045,"Kathal Road, Po Bakhatpur, Dist Cachar, Silchar Assam",788005,3842,03842242992,-,-,mvmsamita@rediffmail.com,http://www.mvmsilchar.org,1995,Mrs. Samita Dutta,Senior Secondary,Maharishi Siksha Sansthan,-,Cachar
Maharishi Vidya Mandir,230078,"P.o. Tangla,dist: Udalguri (btad)pin-784521 (assam)",784521,3711,254110,-,03711-255702,mvmtangla@gmail.com,-,1998,Rajashree Borah,Senior Secondary,Maharishi Shiksha Sansthan,-,Darrang
Maharishi Vidya Mandir,230071,"Na- Ali,  M.g.  Road, Jorhat-785001, Assam",785001,376,2360735,4925,-,malabikabordoloi620@gmail.com,http://dpsvndadri.com/,2003,Malabika Bordoloi,Senior Secondary,Krypton Progessive Edu Trust,-,Jorhat
Kendriya Vidyalaya,200015,Lokra  Dt- Sonitpur Assam,784102,3714,291881,820411,2580425,nareshpgt@yahoo.co.in,-,1976,Naresh Kumar Singh Shelot,Senior Secondary,Kendriya Vidyalaya Sangathan,-,Sonitpur
Maharishi Vidya Mandir,230104,Laxmi Bazar Road. P.o. & Distt. Karimganj. Assam. Pin-788710,788710,384,263580,-,(03843) 292891,karimganjppl@mahaemail.com,-,1998,Dibakar Das,Senior Secondary,Maharishi Shiksha Sansthan,-,Karimganj
Maharishi Vidya Mandir,230020,Silpukhuri Guwahati Dt- Kamrup Assam,781003,91,9854035702,9435040538,3612662559,mvmguwahati.1@mahaemail.com,-,2002,Manika Goswami,Senior Secondary,Pinakini Educational Trust,-,Kamrup
Maharishi Vidya Mandir Public School,230115,"Panikhaiti, Guwahati-26pin-781026",781026,361,9127069285,-,-,mvmguwahati.2@gmail.com,http://www.guwahati2.maharishividyamandir.com,1998,Mrs. Papri Saha,Senior Secondary,Maharishi Shiksha Sansthan,-,City Guwahati
Maharishi Vidya Mandir Public School,230134,"Parua Gaon, Po Mahavairab",784001,371,2230727,-,03712 230727,rekhajaiswal35@gmail.com,http://www.maharishividyamandir.com/index.jsp,1992,Rekha  Jaiswal,Secondary School,Maharishi Shiksha Sansthan,-,Sonitpur
Maharishi Vidyamandir,230043,Barsajai Lalmati Guwahati Distt Kamrup Assam,781029,91,9954747908,734453,275075,panchaliroy16@gmail.com,-,1992,Panchali Roy,Senior Secondary,Dps Delhi,-,Kamrup
Mahashay Dharampal (Mdh) Dayanand Arya Vidya Niketan,230182,Village Disagism P.o.dhansiri Par P.s.diphu,782470,-,7399345381,-,-,davndhansri@gmail.com,http://mdhdavnassam.in/,2017,Mr. Naresh Reang,Secondary School,"Akhil Bhartiya Sewashram Sangh, Delhi",-,Karbi Anglong
Manas Valley Academy,230107,P.o - Simlaguridist - Baska (btc)assam,781313,3666,260328,1662243374,-,priyankoo_bhuyan1@gmail.com,-,2003,Priyankoo Kashyap Das,Secondary School,Manas Valley Educational Trust,-,Barpeta
Maria's Public School,230037,Birkuchi Narangi Guwahati Distt Kamrup Assam,781026,361,"2647880, 452560",2577351,-,alpana.kp@gmail.com,-,1999,Alpana Khound Phukan,Senior Secondary,Maria's Pub Edu Trust,-,Kamrup
Marrys Public School,230126,"Kabaitari, P.o.jogighopa,dist-bongaigaon, Assam",783382,3664,272040,-,-,risi.av6@gmail.com,-,2011,Himangshu Sarma,Secondary School,Children Welfare Education Society,-,Bongaigaon
Modern English School,230058,Kahilipara Kamrup Guwahati Assam,781019,361,2471400,-,-,jonalidas08@gmail.com,-,1995,Jonali Das,Senior Secondary,Modern English Trust,-,Kamrup
Modern Public Academy,230172,"Bajiripara, Rampur, Kamrup (rural),assam",781132,-,917896197465,-,-,modernpublicacademy@gmail.com,http://www.modernpublicacademy.com,2017,Mrs. Akhtra Begum,Senior Secondary,Meda Ali Saikia Educational Foundation,-,Kamrup
Modern High School,230093,Mother Teressa Roadguwahati,781020,91,9954094641,-,-,modernschool85@gmail.com,-,1985,Mukul Sarkar,Senior Secondary,Modern Educational Society,-,Kamrup
Montfort School,230135,"Vill Batabari P.o Abhayapuri, Dist Bongaigaon, Pin 783384",783384,3664,282630,-,-,pjphilip@yahoo.com,-,2005,Bro P J Philip,Secondary School,"Institute Of The Brothers Of St.gabriel, Society Provice Of N.e. India",-,Bongaigaon
Montfort School,230070,"10th Mile G S Road Guwahati, Distt Kamrup, Assam",781023,361,2895325,-,-,montfort96@gmail.com,http://montfortguwahati.org,1990,Maria Soosai,Senior Secondary,The Institute Of Brothers Of St Gabriel Society Prov Of Ne India,-,Kamrup
Mangaldai Maharishi Vidya Mandir,230064,"Gerimari Maharishi Nagar Mangaldai, Distt Darang Assam",781425,91,9707916439,25655044,-,sarma_pradip@rediffmail.com,-,2004,Pradip Sarmah,Senior Secondary,Mangaldai Maharishi Vidya Mandir Vidyalaya Trust,-,Darrang
"Mothers Pride School, Dhemaji",230189,Village - No.1 Nareng Survey Villagep.o. - Aradhaldistrict - Dhemajistate - Assam,787057,-,9435088689,-,-,bijoydas13@gmail.com,http://www.mpsdhemaji.in,2008,Mr. P. J. Thomas,Secondary School,Dhemaji Education And Economic Development Society,-,Dhemaji
Nabaroon Public School,230136,"Vill. & Po. Batarhat,mirza",781125,362,3231244,-,-,npsbatarhat@gmail.com,-,2002,Bipin Patir,Secondary School,Nabaroon Educational Trust,-,Kamrup
National Academy,230116,"Raidongia, Aibheti, Nagaon",782002,3672,236399,-,3672236399,nationalacademy2011@gmail.com,-,1994,Kumkum Hazarika,Secondary School,Shiksha Samriddhi Samaj,-,Nagaon
Nalanda Public School,230129,"Komar Suburi Pathjaparkuchi, Nalbari Distt.",781335,3624,298511,-,-,jitendrakumarjainnps@gmail.com,-,2007,Jitendra Kumar Jain,Secondary School,Jain Educational Trust,-,Nalbari
Narayana School,230180,"Sonaighuli, Dakhingaon Road (nr Don Bosco School)",781040,-,9848011111,-,-,nassam@narayanagroup.com,www.narayanaguwahati.com,2018,Mr. Donavalli Siva Ramakrishna,Senior Secondary,Narayana Educational Society Nellore,-,Kamrup Metropolitan
Noonmati Public School,230101,"Choonshali,noonmati, Guwahati-781020",781020,361,233520,-,-,akgeorge230101@gmail.com,-,2004,Achankunhi Trevar George,Senior Secondary,D K Education Society,-,Kamrup
National School,230013,Near Ganesh Mandir New Guwahati Guwahati Assam,781003,-,-,-,-,national_school23@yahoo.com,-,1990,Mr. Sushma Shah Kalwar,Secondary School,R C Edn. & Char. Trust,-,Kamrup
"North East Public School, Rowta",230188,"Vill - Bhalukmaripo - Rowta Charialiudalguri, Btad , Assam - 784508",784508,-,7002807226,-,-,nepsrowta@gmail.com,www.nepsrowta.org,2016,Mr. John V K,Secondary School,"North East Public School, Rowta",-,Darrang
Nps International School,230055,"Nh-37, Near Lakhra Chariali,p.o. Saukuchi, Guwahati, Distt Kamrup, Assam",781034,3776,266705,3.78E+19,266565,principal@npsis.in,http://dpsnumaligarh.in,2003,M N Chaturvedi,Senior Secondary,National Educational Trust,-,Kamrup
Oil Valley Girls & Boys School,230175,Po Banipur Dist Dibrugarh,786001,-,03732322185,-,3732322185,oilvalleyschool_ovgb@rediffmail.com,http://www.oilvalleygirlsandboysschool.org,2007,Mrs. Nitya Sandhya Saikia,Secondary School,S.b. Bhattacharjee Memorial Trust For Children Education,-,Dibrugarh
Nri Public School,230186,Mr Biswanath Chowdhury,782440,-,9435455385,-,-,NRIPS.DOBOKA@GMAIL.COM,www.nripublicschool.com,2017,Mr. Biswanath Chowdhury,Secondary School,Jamuna Co-education Society,-,Hojai
Oil Valley School,230034,"Bogapani Colony P O Bogapani P S Digboi, Distt Tinsukia Assam",786171,3751,260311,-,0891-2759088,tannu2512@rediffmail.com,-,2001,Rajesh Kumar Mishra,Senior Secondary,S B Bhatracharjee Mem Trust,-,Tinsukia
North East Global School,230251,"Jhagrarpar Pt:iii, Magurmari,behind Dhubri Civil Hospital, P.o:jhagrarpar, Dist:dhubri, Assam, Pin:783325",783325,-,7002282381,-,-,director.negs@gmail.com,www.negs.in,2018,Mr. Sofiqul Islam,Senior Secondary,North East Education Foundation Trust,-,Dhubri
Our Abc Academy,230097,Borguri Court Tinali,786126,374,2331717,-,0374-2334525,nrayon@gmail.com,-,2005,Narayan Upadhyaya,Senior Secondary,Jai Tulsi Trust,-,Tinsukia
Nurture International School,230187,"K.c. Gogoi Path, Kodomoni, Dibrugarh",786001,-,03732321215,-,3732321215,nurtureinternationalschooldbr@gmail.com,www.nurtureinternationl.in,2014,Mrs. Papori Sharma Dutta,Secondary School,Progressive Education Society,-,Dibrugarh
Pathsala Public School,230184,Seuj Nagarpathsala - 781325dist:barpetaassam,781325,-,03666265339,-,3666265339,pathsala123school@gmail.com,-,2015,Mrs. Barnali Devi Barman,Secondary School,Aura Educational Trust,-,Barpeta
Pinewood Residential School,230081,"Swahid Moniram Dewan Nagar, Pinewood Road, Tinsukia, Assam.",786125,374,2340594,-,0374  2300730,rgoswami2006@yahoo.com,-,1999,Rumoo Goswami,Senior Secondary,Pinewood Academic Society,-,Tinsukia
Polestar Academy,230089,"Court Road Rajadhap Sonar, Sibsagar",785690,3772,255458,-,2213930,tapati.bhatta@yahoo.co.in,-,1999,Tapati Bhattacharya,Secondary School,Green Dale Education Society,-,Sivasagar
Jawahar Navodaya Vidyalaya,240014,Doomardallong Po- Bamunbari Dt- Dibrugarh Assam,786613,3754,212742,3759291738,-,JNVDBR@REDIFFMAIL.COM,-,1995,D K Srivastava,Senior Secondary,N.v.s.,-,Dibrugarh
Jawahar Navodaya Vidyalaya,240017,Dudhnoi Golpara Assam,781316,3663,281079,09435560421M,-,md_rehan2011@gmail.com,-,1988,Md Rehan,Senior Secondary,N.v.s.,-,Goalpara
Jawahar Navodaya Vidyalaya,240005,Sensowa No 2 Po- Chinatolly Dt- Golaghat Assam,785621,3774,287601,231807,-,jnvgolaghat3@gmail.com,-,1995,Surendra Kumar,Senior Secondary,Navodaya Vidyalaya Samiti,-,Golaghat
Jawahar Navodaya Vidyalaya,240018,"Monacherra, Distt. Hailakandi  Assam",788152,3844,286629,77744,-,virendrakumarjnv@gmail.com,-,1995,Virendra Kumar Yadav,Senior Secondary,Navodaya Vidyalaya Samiti,-,Hailakandi
Jawahar Navodaya Vidyalaya,240006,Purana Titabar Dt- Jorhat Assam,785630,3771,291624,7685200080,768525631,binodjorhat@gmail.com,-,1995,Binod Kumar,Senior Secondary,Nvs,-,Jorhat
Jawahar Navodaya Vidyalaya,240008,Po- Diphu Dt- Karbi Anglong Assam,782460,8966,8402002291,77744,-,murerehman2016@gmail.com,-,1995,M U Rahman,Senior Secondary,Navodaya Vidyalaya Samiti,-,Karbi Anglong
Jawahar Navodaya Vidyalaya,240002,"Rangia,po Jamtola, Dt- Kamrup Assam",781365,3621,211402,231807,-,ss76100@gmail.com,-,1994,Surjeet Singh,Senior Secondary,Navodaya Vidyalaya Samiti,-,Kamrup
Jawahar Navodaya Vidyalaya,240027,"Longjhap, Honkram, Baithalangso, Distt Karbianglong, Assam-782450",782450,3671,217814,-,-,db_yadav@rediffmail.com,-,1992,D B Yadav,Secondary School,Navodaya Vidyalaya Samiti,-,Karbi Anglong
Jawahar Navodaya Vidyalaya,240001,"Hari Nagar, Karimganj Assam",788734,3843,259886,83416,-,behariaseem@gmail.com,-,1994,Aseem Behari Saxena,Senior Secondary,Navodaya Vidyalaya Samiti,-,Karimganj
Jawahar Navodaya Vidyalaya,240011,Ranchidham Via- Basugaon Dt- Kokrajhar Assam,783372,3715,81208,3715223600,-,avadhraj1974@gmail.com,-,1995,Avadh Raj,Senior Secondary,Navodaya Vidyalaya Samiti,-,Kokrajhar
Jawahar Navodaya Vidyalaya,240016,Lakhimpuri Distt Po Bihpuria Assam,784161,3666,9401145699,3759291738,-,apurbakumarr@gmail.com,-,1995,Apurba Kumar Roy,Senior Secondary,Navodaya Vidyalaya Samiti,-,Lakhimpur
Jawahar Navodaya Vidyalaya,240012,Morigaon Assam,782105,3678,216111,74280,279092,lax2406@gmail.com,http://www.jnvand.in,1987,Laxmi Singh,Senior Secondary,Navodaya Vidyalaya Samiti,-,Morigaon
Jawahar Navodaya Vidyalaya,240023,"Sontila, N.c. Hills (iti Complex Haflong), Distt N C Hills, Assamsontila (haflong),dima Hasao(n.c.hills),assam",788819,3673,9460919393,-,-,jnvnchills@gmail.com,dimahasao.jnv.academy,2006,Mr. Ramawatar Burdak,Senior Secondary,Navodaya Vidyalaya Samiti,-,N.C.Hills
Jawahar Navodaya Vidyalaya,240024,"Paper Mill Campus,p.o. Dhing, Distt. Nagaon, Assam",782123,3672,260940,-,-,mathewputhen@yahoo.co.in,-,1992,P J Mathew,Senior Secondary,Navodaya Vidyalaya Samiti,-,Nagaon
Jawahar Navodaya Vidyalaya,240004,"Banekuchi P.o., Nalbari Distt. Assam",781340,3624,296844,231807,-,gsmeena2006@gmail.com,-,1994,Ghanshyam Meena,Senior Secondary,Navodaya Vidyalaya Samiti,-,Nalbari
Jawahar Navodaya Vidyalaya,240025,"Nalbari, Ward No.2, Udalguri Town, P.o. & Distt. Udalguri, Assam",784509,3711,296695,-,-,dsrirao7@gmail.com,-,1992,D S Rao,Senior Secondary,Navodaya Vidyalaya Samiti,-,Nalbari
Jawahar Navodaya Vidyalaya,240003,Tom-tom Tola Po- Chakimukh Dt- Sibsagar Assam,785665,377,2215308,231807,-,aksingh1005@gmail.com,-,1994,Ajeet Kumar Singh,Senior Secondary,Navodaya Vidyalaya Samiti,-,Sivasagar
Jesus Mary School,230090,"Jesus Mary School, Bhetagaon, Bijni -783390",783390,3668,284006,2169103,-,elangomichael@gmail.com,-,2000,Michael Elango,Secondary School,The Diocese Of Bongaigoan,-,Bongaigaon
Jawahar Navodaya Vidyalaya,240010,"Po Bishwanath, Chariali, Dt- Sonitpur Assam",784176,3715,223393,3715223600,-,sasivakacharth@gmail.com,-,1994,K M Sasi,Senior Secondary,Navodaya Vidyalaya Samiti,-,Sonitpur
Jawahar Navodaya Vidyalaya,240013,Womens Iti Campus Po- Borguri Dt- Tinsukia Assam,786126,3759,291738,3759291738,-,JNVTSK@REDIFFMAIL.COM,-,1995,M Raghumani  Singh,Senior Secondary,Navodaya Vidyalaya Samiti,-,Tinsukia
John Firth Christian English High School,230145,"Nakari, Ward No:1, P.o. Lakhimpur, P.s Lakhimpur, Dist Lakhimpur, Assam",787001,3752,9435703068,-,-,p.basumatary1969@gmail.com,-,2009,Prasanta Basumatary,Secondary School,North Bank Baptist Christian Association,-,Lakhimpur
Kaziranga Eng Academy,230048,"Garoo-ghuli ; P.o.- Garchuk, Guwahati, Distt Kamrup Assam",781035,361,2912420,2912421,2912422,ch.jaya@yahoo.in,www.kazirangaenglishacade,2000,Jaya Chakrawarty,Senior Secondary,Kaziranga Eng Acad Society,-,Kamrup
Kendriya Vidyalaya,200061,"Tamulpur, At /po Tamulpur, Distt. Baksa, Assam",781367,3624,287220,9862942438,-,gurupadtalukdar@gmail.com,-,1991,Gurupad Talukdar,Senior Secondary,Kendriya Vidyalaya Sangathan,-,Baksa
Kendriya Vidyalaya,200062,"Ward No -4, Near Hanuman Rice Mill, Udalguri,  Distt Udalguri, Assam",784509,3711,225952,8761835957,-,rajnishkamal646@gmail.com,-,1988,Rajnish Kamal,Secondary School,Kendriya Vidyalaya Sangathan,-,Darrang
Kendriya Vidyalaya,200063,"Assam University, Silchar, 788011",-,-,-,-,-,-,-,-,-,Secondary School,-,-,Cachar
Kendriya Vidyalaya,200054,Krishna Nagar P O Barpeta Distt Barpeta Assam,781301,366,236250,-,-,kanjalochan@gmail.com,-,1984,Kanja Lochan Pathak,Senior Secondary,Kvs,-,Barpeta
Kendriya Vidyalaya,200038,N F Railway New Bongaigaon Dt- Bongaigaon Assam,783381,3664,231653,984649206,08418-2542,pandeygsphy@gmail.com,-,1986,Ghanshyam Pandey,Senior Secondary,Kendriya Vidyalaya Sangathan,-,Bongaigaon
Kendriya Vidyalaya,200023,Silchar Tarapur Silchar Dt- Cachar Assam,788003,3842,245417,21962,-,pawansinghmeena1@gmail.com,-,1981,Pawan Singh Meena,Senior Secondary,Kendriya Vidyalaya Sangathan,-,Cachar
Kendriya Vidyalaya,200021,Air Force Station Kumbhirgram Dt- Cachar Assam,788109,3841,"282234, 266",21520,-,kcp_meena@yahoo.co.in,-,1981,C P Meena,Senior Secondary,Kendriya Vidyalaya Sangathan,-,Cachar
Kendriya Vidyalaya,200059,"Nit Campus, Silchar Distt Cachar, Assam",-,3842,212277,-,-,sk.kaiwart12@gmail.com,-,1986,Sharad Kumar Kaiwart,Senior Secondary,Kendriya Vidyalaya Sangathan,-,Cachar
Kendriya Vidyalaya,200011,Masimpur Po- Arunachal Dt- Cachar Assam,788025,3842,278521,23,-,rvats1972@gmail.com,http://kvmasimpur.org.in,1974,Rajesh Kumar Vats,Senior Secondary,Kendriya Vidyalaya Sangathan,-,Cachar
Kendriya Vidyalaya,200041,Ongc Srikona Silchar Dt- Cachar Assam,788026,3842,254545,30123,-,ushakkashyap@gmail.com,-,1988,Usha Kiran Kashyap,Senior Secondary,Kendriya Vidyalaya Sangathan,-,Cachar
Kendriya Vidyalaya,200031,Dholchera Jarailtola Bazar Dt- Cachar Assam,788126,384,282849,699(ioc,-,mpkvranikhet@gmail.com,-,1986,Mahi Pal Singh,Senior Secondary,Kendriya Vidyalaya Sangathan,-,Cachar
Kendriya Vidyalaya,200051,Mangaldai Distt Darrang Assam,784125,3713,230930,2780846,-,msjbabu68@gmail.com,-,1974,M Suresh Jayakumar Babu,Senior Secondary,Kendriya Vidyalaya Sangathan,-,Darrang
Kendriya Vidyalaya,200047,Panbari Po Alomganj Bsf Campus Distt Dhubri Assam,783339,3662,9706180992,249085,-,kanjalochan@gmail.com,http://www.kvkhatkati.g,1996,Kanja Lochan Pathak,Senior Secondary,Kendriya Vidyalaya Sangathan,-,Dhubri
Kendriya Vidyalaya,200052,Nhpc Subansiri Lower H E Project Geru Ka Mukh Distt Dhemaji Assam,787035,3752,269209,-,-,bhagyanandam@gmail.com,-,1995,Bhagyanandam Talari,Senior Secondary,Kendriya Vidyalaya Sangathan,-,Dhemaji
Kendriya Vidyalaya,200053,"Near D. C.'s Office, P.o C R Building, Dibrugarh, Assam",786003,373,2319558,2319558,-,daskvkp@gmail.com,-,1988,Haripada Das,Senior Secondary,Kvs,-,Dibrugarh
Kendriya Vidyalaya,200022,Namrup Po- Parbatpur Dt- Dibrugarh Assam,786623,374,"2500330, 319 P&T",475225,-,deepika_pathak1965@yahoo.in,-,1982,Deepika Pathak,Senior Secondary,Kendriya Vidyalaya Sangathan,-,Dibrugarh
Kendriya Vidyalaya,200043,Mohanbari Po- Mohanbari Air Field Dt- Dibrugarh Assam,786012,373,2383360,3732382019,-,ninuvjoy@gmail.com,http://www.kvmohanbari.or,1988,Ninu V Joy Incharge Principal,Senior Secondary,Kendriya Vidyalaya Sangathan,-,Dibrugarh
Kendriya Vidyalaya,200018,Chabua Air Field Dt- Dibrugarh Assam,786102,373,2387509,2124,-,kk_verma2009@rediffmail.com,http://kvmissamari.edu.in,1981,Krishan Kumar Verma,Senior Secondary,Kendriya Vidyalaya Sangathan,-,Dibrugarh
Kendriya Vidyalaya,200008,Dinjan Via- Panitola Dt - Dibrugarh Assam,786189,374,2388490,407,-,KALITA.DEEPA16@GMAIL.COM,-,1976,Deepa Devi Nath,Senior Secondary,Kendriya Vidyalaya Sangathan,-,Dibrugarh
Kendriya Vidyalaya,200012,Oil India Limited Duliajan Dt- Dibrugarh Assam,786602,374,2800573,81383,-,duliajan1869@gmail.com,http://kvmasimpur.g.in,1977,Rajib Das,Senior Secondary,Kendriya Vidyalaya Sangathan,-,Dibrugarh
Kendriya Vidyalaya,200057,"Goalpara, Jts Building, Beltola, Baladmari, Goalpara, Assam-783121",783121,366,3240256,27062364,-,simadas9@gmail.com,-,1988,Sima Rani Das,Senior Secondary,Kendriya Vidyalaya Sangathan,-,Goalpara
Kendriya Vidyalaya,200056,"Golaghat, Distt Golaghat, Assam-782561",782561,3774,285572,984649206,-,teznthakur@gmail.com,-,1986,Tez Narayan Thakur,Senior Secondary,Kendriya Vidyalaya Sangathan,-,Golaghat
Kendriya Vidyalaya,200049,R R L Jorhat Po Rrl Jorhat Assam,785006,376,2372550,3762372667,-,rrljorhat1477@gmail.com,-,1988,Shikha S Gogoi,Senior Secondary,Kendriya Vidyalaya Sangathan,-,Jorhat
Kendriya Vidyalaya,200029,Panchgram  Dt- Hailakandi Assam,788802,3844,273813,984649206,08418-2542,skrohtak@gmail.com,-,1984,Sunil Kumar,Senior Secondary,Kendriya Vidyalaya Sangathan,-,Hailakandi
Kendriya Vidyalaya,200042,"Ongc Cinnamara, Po- Jorhat Assam",785008,376,2361202,2361202,2361202,sunil8dutt@gmail.com,http://kvongcjorhat.org,1988,Sunil Dutt,Senior Secondary,Kendriya Vidyalaya Sangathan,-,Jorhat
Kendriya Vidyalaya,200004,Jorhat Air Force Station Po- Jorhat Dt- Assam,785005,376,2333151,-,-,kvjorhatconf@gmail.com,-,1966,M H  Shimray,Senior Secondary,Kendriya Vidyalaya Sangathan,-,Jorhat
Kendriya Vidyalaya,200046,Gc Crpf Khatkhati Dt- Karbi Anglong Assam,782480,3675,249085,249085,-,mohammadnasimuddin@yahoo.in,http://www.kvkhatkati.org,1995,Md Nasimuddin,Senior Secondary,Kendriya Vidyalaya Sangathan,-,Karbi Anglong
Kendriya Vidyalaya,200033,"Cci Bokajan, P O Bokajan Distt Karbi Anglong, Assam",782490,3675,246009,-,-,principalkvccibokajan@yahoo.in,-,1986,Arun Kumar Gautam,Secondary School,Kendriya Vidyalaya Sangathan,-,Karbi Anglong
Kendriya Vidyalaya,200019,Diphu  Dt- Karbi Anglong Assam,782462,367,1272700,2291,-,principal.kvdiphu@gmail.com,-,1978,Aparna Saxena,Senior Secondary,Kendriya Vidyalaya Sangathan,-,Karbi Anglong
Kendriya Vidyalaya,200050,Iit Kamrup Guwahati Assam,781039,361,2692329,-,-,kviitg@gmail.com,-,1980,Shyama Charan,Senior Secondary,Kendriya Vidyalaya Sangathan,-,Kamrup
Kendriya Vidyalaya,200060,"N F Railway, Rangia, Distt. Kamrup, Assam",781365,362,240950,73158,-,principal.rnsarkar@gmail.com,-,1993,Rathindra Nath Sarkar,Senior Secondary,Kendriya Vidyalaya Sangathan,-,Kamrup
Kendriya Vidyalaya,200009,Digaru Po- Sonapur Dt- Kamrup Assam,782402,361,2786320,984649206,08418-2542,dollycdas@gmail.com,-,1971,Dolly Das,Senior Secondary,Kendriya Vidyalaya Sangathan,-,Kamrup
Kendriya Vidyalaya,200025,Ioc Noonmati Guwahati Assam,781020,361,"2657121, EXTN 55",699(ioc,-,snehasmita123@gmail.com,-,1989,Sheshanooj Sarkar,Senior Secondary,Kendriya Vidyalaya Sangathan,-,Kamrup
Kendriya Vidyalaya,200002,Narangi Satgaon Guwahati Assam,781027,361,"2640046, 385",0361-2840324,2840324,SHUBHA1958@GMAIL.COM,-,1971,Shubha Krishnamachar,Senior Secondary,Kendriya Vidyalaya Sangathan,-,Kamrup
Kendriya Vidyalaya,200017,Crpf Amreigog Guwahati Assam,781023,361,2895013,60070,-,vvvtailor@gmail.com,http://kvmissamari.edu.in,1981,Vishnu Dutt Tailor,Senior Secondary,Kendriya Vidyalaya Sangathan,-,Kamrup
Kendriya Vidyalaya,200003,Khanapara Guwahati Dt- Kamrup Assam,781022,361,2361062,-,-,kvkhanapara123@rediffmail.com,-,1966,Rajesh Dhawan,Senior Secondary,Kendriya Vidyalaya Sangathan,-,Kamrup
Kendriya Vidyalaya,200016,Maligaon Guwahati Dt-kamrup Assam,781011,361,2670796,70796,-,rkdas20@gmail.com,-,1979,Raju Kumar Das,Senior Secondary,Kendriya Vidyalaya Sangathan,-,Kamrup
Kendriya Vidyalaya,200001,Borjhar Azara Guwahati Assam,781017,361,2840324,0361-2840324,2840324,anandsnigdhal@gmail.com,-,1973,Singdha Anand,Senior Secondary,Kendriya Vidyalaya Sangathan,-,Kamrup
Delhi Public School,230029,Numaligarh Distt Golaghat Assam,785699,3776,"266897,9480693199",3776266558,266565,dpsnumaligarh@gmail.com,http://dpsnumaligarh.in,1997,Umesh Chandra Harbola,Senior Secondary,Delhi Pub School Soceity,-,Golaghat
Delhi Public School,230049,"Ahomgaon Road Trupati Balaji Temple, Guwahati, Distt Kamrup, Assam",781035,91,7086055501,9864028899,2270204,principaloffice@dpsguwahati.in,http://dpsguwahati.g,2003,Chandralekha Rawat,Senior Secondary,Gyansroun Foundation,-,Kamrup
Delhi Public School,230033,"O N G C Nazira, Distt Sibsagar, Assam",785685,377,2240500,3772240507,3772240503,partha_sarkar51@yahoo.com,http://www.dpsnazira.net,1999,P S Sarkar,Senior Secondary,Delhi Public School Soc,-,Sivasagar
Delhi Public School,230021,Iocl Township Po- Digboi Dt- Tinsukia Assam,786171,375,"1264917, 2917",265955,266850,rakesh5870@yahoo.in,http://www.dps-digboi.com,1996,R S Choudhary,Senior Secondary,Delhi Public School Society,-,Tinsukia
Delhi Public School Dibrugarh,230253,"Air Force Road, Mohanbarinear Air Force Road, Mohanbari",786012,-,06000901001,-,-,mail.dpsdibrugarh@gmail.com,http://dpsdibrugarh.org,2019,Mrs. Probhati Biswas,Secondary School,Gyan Ved Foundation,-,Dibrugarh
Delhi Public School Jorhat,230177,"Borbheti Namghar Road, Opp. Haroocharai Tea Estate,rowriahjaan, P.o Charingia, P.s Pulibor",785006,-,7575960960,-,-,principaldpsjorhat@gmail.com,www.dpsjorhat.in,2017,Dr. Ivan John Fidjern Vas,Senior Secondary,Gyan Mandir Foundation Society,-,Jorhat
Delhi Public School Kamrup,230168,"Delhi Public School Kamrup, Village-nagaon, Karara, Baihata Chariali Kamrup,assam,pin-781381",781381,-,03612455487,-,-,info@dpskamrup.com,https://www.dpskamrup.com,2016,Mrs. Sangita Bora,Senior Secondary,Aarda Education,-,Kamrup
Don Bosco School,230103,"Tarapur, Khelma, Silchar, Cachar, Assam",788003,384,2268154,-,03842-268788,dbssilchar@gmail.com,-,2006,Fr Thomas Puliparambil,Senior Secondary,The Sarvodaya Salesian Society,-,Cachar
Don Bosco School,230057,"Pan Bazar Guwahati, Distt Kamrup, Assam",781001,361,2540583,-,0240 2349838,principaldbs@yahoo.co.in,www.podar.g,1995,Fr Sebastian Mathew Sdb,Senior Secondary,Podar Education And Spts Trust,-,Kamrup
Don Bosco School,230027,Kokrajhar  Dt- Kokrajhar Assam,783370,3661,270879,-,-,damibsu@gmail.com,-,1993,Damian Basumatary,Senior Secondary,Don Bosco Kokrajhar,-,Kokrajhar
Elite Academy,230155,"C/o-elite Academyp.o.--balipara, P.s.--rangapara,dist.--sonitpurassam",784101,3714,292500,2593126,-,eliteacdemy.balipara@gmail.com,-,1999,Samsad Begum,Secondary School,Elite Foundation For Rural Education & Social Development,-,Sonitpur
"Doon Public School, Sivasagar",230167,No-1 Choulkara Gaon,785640,-,9401814071,-,9401814071,doonsiv@rediffmail.com,-,2010,Mr.hafizur Rahman,Secondary School,Doons Welfare Association,-,Sivasagar
Eklavya Model Residential School Dalbari,220001,"P.o. Dalbari, Distt. Baksa (btad), Assam-781333",110035,361,44011,4427,-,anila@nds.vsnl.net.in,-,1954,.,Secondary School,Education Society A F Stn Kanpur,-,Baksa
Don Bosco School,230118,"Rarnfalbil, Serfanguri P.o.",783346,3661,291877,-,-,nnathanekka@gmail.com,-,2004,Nathan Nirmal Ekka,Secondary School,Don Bosco Centre - Ramfalbil,-,Kokrajhar
Erudite Academy,230165,"Diphu Town, P.o & P.s - Diphu, Karbi Anglong, Assam",782460,-,03671273501,-,-,erudite.diphu@gmail.com,http://eruditeacademy.in,2005,Mr.lutfur Rahman Choudhury,Secondary School,K K Khataniar Memorial Trust,-,Karbi Anglong
Faculty Hr Sec School,230007,"G.n.b. Road, Ambari, North Guwahati Assam",781039,361,9207046133,9207046133,-,principal@facultyschool.org,www.facultyschool.org,1982,Loya Sinha,Senior Secondary,Osom Educational Society Trust,-,Kamrup
Goalpara English School,230082,"Po  Bhalukdubi,  Tehsil-balijana, Distt. Goalpara",783101,3663,240114,-,-,-,-,1990,Abedur Rahman Saikia,Senior Secondary,The Institute Of Brothers Of St Gabriel Society Prov Of Ne India,-,Goalpara
Fatima Convent School,230138,"Fatima Nagar, Bongaon, Rangia-781354, Kamrup Dist, Assam",781354,3621,242851,-,-,fatimaschoolrangia@gmail.com,http://www.gmail.com,2007,Bernadette,Secondary School,Sisters Of Our Lady Of Fatima Northeast Rangia,-,Kamrup
Faculty Senior Secondary School,230150,"Mother Teresa Road Guwahati,kamrup, Assam - 781024",781024,361,03612413127,-,-,roon.facultyschool@rediffmail.com,http://www.facultyhighschool.org,2014,Mr. Nilotpal Bordoloi,Senior Secondary,Neo Educational Trust,-,Kamrup
Green Dale School,230088,Thakurbari Roadrangaparadist Sonitpur,784505,3714,251343,-,-,jennyshaji@yahoo.co.in,-,1999,Jenny Eappan,Senior Secondary,Green Dale Education Society,-,Sonitpur
Godwins School,230086,"Near Radiant Motors, Gorolia, Sarusajai, Beltola, Nh-37, Guwahati. Assam, Pin-781034",781034,361,2134953,543373,-,principal@godwinsschool.edu.in,http://www.godwinsschool.in,1996,Balraj Singha,Secondary School,Godwins Educational Trust,-,Kamrup
Green Meadows School,230154,"Homeopathic Collage Road, Bagharbari , Dist. Kamrup, Assam- 781 037",781037,-,7035210733,-,-,faridaalam95@gmail.com,-,2006,Farida Alam,Secondary School,Al-kasim Academy,-,Kamrup
Green Valley Public School,230139,"Khanamukh, West Jalukbari",781014,91,9085066666,-,-,principalgvps2012@gmail.com,http://www.gvps.co.in,2012,Monimala Bora Chakroborty,Senior Secondary,M.y. Foundation,-,Kamrup
Guru Teg Bahadur Academy,230039,At/po/distt Tinsukhia Assam,786125,374,9435992647,9711668783,-,rrj_prasad@rediffmail.com,-,2003,Raja Ram Prasad,Senior Secondary,Guru Teg Bahadur Academy Society,-,Tinsukia
Gurukul Grammar School,230030,"Pub-gita Nagar Zoo Narengi Road. Guwahati, Distt Kamrup Assam",781125,361,2410392,9410202987,-,gurukulgrammarschool@gmail.com,-,1993,Nikhilesh Goswami,Senior Secondary,Gurukul Educational Trust,-,Kamrup
Gurukul Group Of Educational Wing,230192,"Na-howly P.o Janaram Chowka , Mangaldoi, Darrang District, Assam",784529,-,9863363649,-,-,gurukulgroup2017@gmail.com,www.gurukulgroup.in,2017,Mrs. Sangeeta Adhikari Sarkar,Senior Secondary,Durlav Foundation,-,Darrang
Gurukul National School,230266,"Thuribari, Thana Roadbasugaon Townpo Ps Basugaondist Chirang( Btad, Assam)pin 783372",783372,-,03661296010,-,-,gnsbasugaon1@gmail.com,www.gnsbasugaon.in,2016,Mr. Rajani Kanta Das,Secondary School,Gurukul Educational Foundation,-,Chirang
Gyan Bharati Public School,230252,Saralabaruah Chuck Sootae 784175,784175,-,03715281825,-,-,bubu.gba@gmail.com,gbpssootea.com,2006,Mr. Golap Kalita,Secondary School,M.c. Baruah Educational Foundation,-,Sonitpur
Guwahati Public School,230005,Panjabari Guwahati Dt- Kamrup Assam,781022,361,2134141,9707899398,-,principal.guwahatipublicschool@gmail.com,-,1982,Sangeeta Chatterjee,Senior Secondary,Assam Adarsha Vidyalya Sanstha,-,Kamrup
Gyan Bharti Academy,230061,Swahidbakeri Tejpur Sonitpur Assam,784001,3712,255533,-,-,bhuyan.pabitra6@gmail.com,http://www.lokmanyatilakshikshannyas.com,1995,Pabitra Bhuyan,Secondary School,Bikramadia Educational Foundation,-,Sonitpur
Gyan Educational Institution,230151,"Hurmutty,assam Kathani Road.po :merbil.",784160,360,036022001739,-,36022001739,gyanharmuttyss@gmail.com,http://gyanharmutty.in,2007,Mr. Diya Deuri,Senior Secondary,Gyan Educational Society,-,Kamrup
Gyan Educational Institution,230062,"Lokhra Road Jyoti Kuchi Guwahati, Distt Kamrup Assam",781034,361,2478047,2255371,2256168,gyaneducation@gmail.com,-,1980,Sumita Adhikary,Senior Secondary,Gyan Educational Society,-,Kamrup
Gyanjyoti Academy,230141,"D.k. Road, Gogamukh, P.o. Gogamukh, Dist.- Dhemaji, Assam.",787034,375,08723966199,-,-,ggyoti11@gmail.com,www.gyanjyotiacademy.org.in,2006,Mrs. Rina Pradhan,Senior Secondary,Gyanjyoti Society,-,Dhemaji
Heritage Public School,230140,"P.n.g.b. Road, Gotanagar, Maligaon",781033,361,03612489988,-,-,35225@cbseshiksha.in,hpsguwahati.com,2011,Mrs. Gopa Mukherjee,Senior Secondary,Hemlata Heritage Foundation,-,Kamrup
Hemlata Handiqui Memorial Institute,230084,"Baghchong, Jorhat, Assam",785008,376,2340150,260410,0260-2453293,bhuyan.arunima@gmail.com,http://www.hariagroupvapi.org,1987,Arunima Bhuyan,Senior Secondary,Vapi Education Trust,-,Jorhat
Happy Convent School,230031,G T B Road Dhubri Assam,783301,366,230836,260367,-,hcsmonika@gmail.com,-,1991,Monika Dalal,Secondary School,R C Edn. & Char. Trust,-,Dhubri
Global Public Central School,230152,"W/no.- 16, Po- Lakshmisahar, Hailakandi",788152,3844,217533,-,-,dhmhkd@yahoo.com,http://www.gpcshkd.weebly.com,2010,Moin Uddin Barbhuiya,Senior Secondary,Millennium Educational Trust,-,Hailakandi
Hindustani Kendriya Vidyalaya,230173,"Tezpur University Road Bhitar Paruah , Po-nikamul Satra",784154,-,03612529395,-,3612529395,hkvtzp@gmail.com,http://www.hkvtezpur.org,2013,Mrs. Sumana Jana,Senior Secondary,Purbottar Hindustani Sammelan,-,Sonitpur
Hindustani Kendriya Vidyalaya,230014,"Dinesh Ojha Path Bhangagarh Guwahati, Distt Kamrup Assam",781005,361,2529395,64111,-,hindkv@yahoo.com,-,1989,Ratna Singh,Senior Secondary,Purbottar Hindustani Sammelan,-,Kamrup
Holy Brook School,230143,"Pakharijian Gaon Near St Lukes Hospital, Tinsukia Assam",786146,374,2338597,-,-,shamimhazarika@yahoo.com,-,2004,Shamim Mumtaz Hazarika,Senior Secondary,Dilawar Hussain Hazarika Memorial Educational Trust,-,Tinsukia
Hindustani Kendriya Vidyalaya,230106,"N.h.-37, Laipuli, Hijuguri, Tinsukia(assam)",786125,374,2310137,-,3742310137,sujata.popy@gmail.com,http://www.hindustanikv.org,2006,Sujata Choudhury,Senior Secondary,Purbottor Hindustani Sammellan,-,Tinsukia
Holy Child Public School,230137,"Bhebarghat, Mangaldai",784125,371,230526,-,-,prnholychildmld@gmail.com,-,2005,Shyamoli Das,Secondary School,Holy Child Public School Trust,-,Darrang
Holy Child H.S.School,230120,"Krishnanagar, Chandmari,guwahati.",781003,361,2650044,-,-,annievillu@gmail.com,www.holychildguwahati.org,1972,Miss Lissy Mathew,Senior Secondary,The Salesian Sisters Of Holy Child School,-,Kamrup
Holy Child English School,230149,Gopalpur Jamugurihat Pub Borbhagia Sonitpur Assam,784180,3715,9854100548,-,3715264995,hcesjmg2003@gmail.com,http://www.hcesjmg.com,-,Mr. Sanjay Kumar Newar,Secondary School,-,-,Sonitpur
Holy Flower High School,230123,"Hospital Road, Teok, Jorhat, Assam",785112,376,2396786,-,nil,manobborah@rediffmail.com,nil,1992,Manob Jyoti Borah,Senior Secondary,Rkb Human Resourse Development Trust Society,-,Jorhat
Holy Crown School,230263,"Holy Crown Schoolmasimpur, Arunachal, Silchar, Assam. Pin: 788025",788025,-,9954129913,-,-,hcssilchar2006@gmail.com,http://holycrownsilchar.in/,2013,Mr. Dipankar Das,Secondary School,Society For Management Training And Research Center,-,Cachar
Holy Home Secondary School,230124,"Pamohi, Maghuapara, Gorchuk, Kamrup",781035,361,2386948,-,-,principal.holyhomeschool@gmail.com,-,2010,Bandana Bezbaruah,Senior Secondary,Holy Home Charitable Trust,-,Kamrup
Icon English School,230170,"Icon School, House No-263, Rajgarh Road, Byelane-3",781003,-,03612450082,-,-,rosbarua1236@yahoo.com,-,2003,Missroselle Barua,Secondary School,Registration Of Socities,-,Kamrup
Holy Child School,230166,"Dublapadung Gaon, Thakurbari, Sonitpur, Assam",784505,-,03714250122,-,-,holycs1@yahoo.in,-,2006,Mrs.bably Saha,Secondary School,Gyan Bharati Society,-,Sonitpur
Indus Academy,230066,Jagiroad Distt Migaon Assam,201204,3678,244946,-,-,prasan08@yahoo.co.in,-,1991,Prasanta  Bhattacharjee,Secondary School,Indus Educational Trust,-,Morigaon
International School Guwahati,230174,"Opposite Radiant Motors,kali Mandir Path,nalapara Road,sarusajai",781040,141,6000343432,1412653552,6000343432,principalcisg@gmail.com,http://www.intschghy.org,2014,Mr. P Bhattacharyya,Senior Secondary,N R Education Foundation,-,Kamrup
Itbp Public School,280013,"Mohanbari, C/o 764 Asc Bn, C/o 99 Apo",-,373,2382287,9864028899,2270204,shobharoykurmi43@gmail.com,-,2003,Shobha Roy Kurmi,Senior Secondary,R C Edn.& Char. Trust,-,Dibrugarh
Jawahar Navodaya Vidyalaya,240020,Bishunpur Dhemaji Dhemaji Distt Assam,783390,3753,225021,86139,-,sunilkdhakar@gmail.com,-,1995,Sunil Kumar Dhakar,Senior Secondary,Navodaya Vidyalaya Samiti,-,Dhemaji
Jawahar Navodaya Vidyalaya,240022,"Adalbari, Distt.baksa, P.o. Adalbari, Assam",781372,632,03624292510,-,-,jnvadlbks@gmail.com,www.baksa.jnv.academy,2006,Mr. K.k Tewari,Senior Secondary,Navodaya Vidyalaya Samiti,-,Baksa
Jawahar Navodaya Vidyalaya,240015,Po- Howly  Dt- Borpeta Assam,781316,3666,296048,3759291738,-,closetorakesh@gmail.com,-,1995,Rakesh Kumar,Senior Secondary,N.v.s.,-,Barpeta
Jawahar Navodaya Vidyalaya,240019,Khamarguri Bijni Distt Bongaigaon Assam,783390,366,8284055,3759291738,-,adeshvats@gmail.com,-,1995,Adesh Kr Sharma,Senior Secondary,N.v.s.,-,Bongaigaon
Jawahar Navodaya Vidyalaya,240009,Pailapool Po- Pailapool Dt-cachar Assam,788098,3841,284834,7685200080,768525631,dksinghexam@gmail.com,-,1994,Devendra Kumar Singh,Senior Secondary,Nvs,-,Cachar
Jawahar Navodaya Vidyalaya,240007,Po- Kalaigaon  Dt- Darrang Assam,784525,3713,292807,231807,-,-,-,1995,Pravind Krishnan,Senior Secondary,Navodaya Vidyalaya Samiti,-,Darrang
Jawahar Navodaya Vidyalaya,240026,Village & Po- Alomganj Partix Dhubri Assam 78339,783331,3662,281069,-,-,scramchiary@gmail.com,-,1992,S C Ramchiary,Senior Secondary,Navodaya Vidyalaya Samiti,-,Dhubri
Jawahar Navodaya Vidyalaya,240021,"Distt. Bongaigaon, P.o. Mulagaon, Assam",783380,366,4228805,-,-,sanjay59@hotmail.com,-,1992,Sanjay Kumar,Senior Secondary,Navodaya Vidyalaya Samiti,-,Bongaigaon
