A V N English School,330095,50 Sardar Patal Path North S K Puri Patna Bihar,800013,612,265062,264136,-,-,-,1989,Mrs Meeta Bose,Secondary School,Anvmaya Human Resource Founcation,-,Patna
A A M Childrens Academy,330108,Kathiar Po Kathiar Distt Kathiar Bihar,854105,6452,245821,240593,-,principalaamca@gmail.com,stjosephnawada.com,1967,Satyajeet Bose,Senior Secondary,Adhiri Ajab Lal Manjhi Child Edu,-,Katihar
A.N.R. Public School,330587,"Hajipur, Jehanabad",804417,6114,222222,-,-,ANRPUBLICSCHOOL@GMAIL.COM,-,2011,Mukesh Kumar,Senior Secondary,A.n.r. Educational Trust,-,Jehanabad
A. Y. International School,330755,"At & P.o.-rebra, P.s.-khanpur,dist-samastipur",848117,-,8677042789,-,-,principal.ayisrebra@gmail.com,http://www.ayinternationalschool.com,2014,Mrs.afrin Khanam,Secondary School,Abu Yunus Educationl & Welfare Society,-,Samastipur
A.V.N School,330237,"Road No - 04, Rajeev Nagar, P.O.- Keshri Nagar, Patna - 24",800024,145,09234919621,1452693441,-,avnschool_rn@rediffmail.com,-,2003,R.B. Goswami,Senior Secondary,Parwati Educational & Welfare Trust,-,Patna
Aarya Mission School,330850,"Nh-57,manikpur,bardaha,araria-854311",854311,-,8521469185,-,8521469185,info@aaryamissionschool.com,http://www.aaryamissionschool.com,2007,Mr. Ashish Rai,Senior Secondary,Keshri Global Trust,-,Araria
Abr Foundation School,330298,"Shanti Nagar, Vill-nekra, P.o-agrar, Sasaram,dist Rohtas ,bihar",821113,6184,224111,656593,06184-224507,principalabrfoundationschool@yahoo.com,-,2004,Sunil Singh,Senior Secondary,Abr Educational Trust,-,Rohtas
Acharya Narender Deo Pub School,330090,At & Po Khalpura Via Gultainganj Distt Saran Chapra Bihar,841211,615,273493,26522,-,anilkumarsingh2163@gmail.com,-,1994,Anil Kumar Singh,Senior Secondary,Acharya Narendra Deo Mem Trust,-,Saran (Chapra)
Acharya Shri Sudarshan Krishna Niketan,330121,"Krishna Vihar, Jakariapur, New Bye Pass Road, Patna",800007,612,"2342027, 2623300",-,-,knpatna@yahoo.com,-,1987,Mrs. Anita Singh,Senior Secondary,Krishna Niketan,-,Patna
Acharya Shri Sudarshan Patna Central School,330015,Sudarshan Vihar New Byepass Road Patna Bihar,800020,612,9102997549,2380144,2380155,principal@aspcspatna.ac.in,www.aspcspatna.ac.in,1988,Shamsher Prasad Singh,Senior Secondary,Patna Central School,-,Patna
Acharya Sudarshan Vidyapeeth,330651,Sudarshan Dham,843332,6226,275402,-,-,asudarshandham@gmail.com,www.acharyasudarshanvidyapeeth.com,2016,Mr. Ashutosh Kumar Singh,Senior Secondary,Acharyasudarshan(a Trust Dedicated To Education),-,Sitamarhi
Acme Public School,330524,"At- Sonbarsa Alias Barkagaon Nayatola, Ps- Karja, Block- Marwan, Anchal- Kanti, District- Muzaffarpur",843109,-,06223237658,-,6223237658,acmepublicschool1@gmail.com,-,2010,Mr. Md Mushtaque,Senior Secondary,Mostakima And Muniruddin Educational & Charitable Trust,-,Muzaffarpur
Adarsh Gyanoday Vidyalay,330219,"Brahmani Nagar, Nadavan, Barh, Patna",803213,6132,244041,0565-2430298,2430170,agvbarh@yahoo.com,http://www.dpsfamily.org,1999,Kumari Kalyani,Senior Secondary,Christva Mahilalayam Edu Trust,-,Patna
Adarsh Vikas Vidyalaya,330172,"V & Po  Mahamadpur, Patna, Bihar",801105,612,9693155751,205783,-,priyambada.sharma@yahoo.com,-,1988,Priyambada,Senior Secondary,Chinmaya Mission,-,Patna
Adelaide Convent School,330184,Sampatchak (sohagi-rampur),800007,612,9939949691,-,-,acspatna123@gmail.com,http://www.adelaideconventschoolpatna.com,1993,Mrs. Veena Kumari,Secondary School,"Gautam Budha Harijan Adivasi Pichara Varg Kalyan Samiti, Bihar",-,Patna
Adwaita Mission High School,330344,"At.shivdham,p.o.maniyarpur Bounsi Banka Bihar",813104,771,9771459021,2263718,06424-291210,amhsshivdham365@gmail.com,-,2001,Rajiv Kumar Thakur,Senior Secondary,Mandar Vidyapith Educational Foundation Trust,-,Banka
Adwaita Mission High School,330073,Mandar Vidyapith Po Mandar Vidyapith Distt. Banka Bihar,813104,6324,"9801820820, 266558",2222699,-,mohandasanrk@gmail.com,-,1990,Mohandasan R K,Senior Secondary,Mandir Vidyapith,-,Banka
Akshar Vidya Griha,330608,"Vill+po- Dardha, Ps- Goh",824203,91,7260891176,-,-,aksharvidyagriha4@gmail.com,-,2011,Suresh Kumar Singh,Senior Secondary,Akshar Foundation Trust,-,Aurangabad
Al Momin International School,330129,At & Po Bishunpura Via Cherki Bazar Gaya Bihar,824237,6326,290003,-,-,mdali55786@gmail.com,-,1982,Sanjeev Kumar,Senior Secondary,Abdul Qawi Edu & Welfare Trust,-,Gaya
All Saints School,330828,"Nepura, Silao, Nalanda",803117,-,9102003419,-,-,allsaintschool@gmail.com,http://www.allsaintsnalanda.com,2013,Mrs. Kiran Kumari,Senior Secondary,Nalanda Association For Social Action,-,Nalanda
Alay Nabi High School,330193,"Village & P.o.khaja Chand Chhapra, Via-baghi, Distt. Vaishali",844112,6671,9523559555,-,0612-2300700,perwezrehan2@gmail.com,-,2001,Rehan Perwaiz Shahid,Secondary School,"The Managing Committee/society, Patna Muslim High School",-,Vaishali (Hajipur)
Allied International School,330636,"Reganichak, Belaganj, Gaya, Bihar- 804403",804403,-,7004998909,-,-,info.arpainternationalschool@gmail.com,http://www.alliedinternationalschool.com,2012,Mr. Sujit Kumar Sinha,Senior Secondary,Late Ramashankar Rai Educational Foundation Trust,-,Gaya
Alok Bharati Shikshan Sansthan,330849,"Jogapatti Road, Manuapul Gurwalia Biswas, Chanpatiya, West Champaran",845449,-,06254242552,-,6254242552,alokbharatibettiah@gmail.com,www.alokbhartibettiah.com,2018,Mr. Rajenthiran S V,Senior Secondary,Alok Bharati Educational And Welfare Trust,-,Champaran West
Aman Academy,330647,At & Po- Loam,847115,627,2267666,220565,06272-267666,saifullah0761@gmail.com,-,2010,Md Saifullah,Secondary School,"Aman Foundation, New  Delhi",-,Darbhanga
Amar Jyoti School,330527,"Dumohan, Po- Bhaluwa, Bodhgaya",824231,631,2201050,-,-,kavitalopes@gmail.com,-,2008,Kavita Lopes,Secondary School,Amar Jyoti Society,-,Gaya
Ambika Bhawani Public School,330366,"Gopinathpur, Dokra, Saraiya, Muzaffarpur",843126,621,7677071777,64111,6223255019,prkps@yahoo.co.in,-,2010,Kumud Ranjan,Senior Secondary,Janki Mahila Evam Bal Vikash Samiti Society,-,Muzaffarpur
Ambika Bhawani Public School,330318,"Bibi Ganj, Bhagwanpur, Muzaffarpur-842001",842001,621,7763813438,-,0621-2264017,abps07777@gmail.com,-,2008,Vandana Jyoti,Senior Secondary,Society,-,Muzaffarpur
Ambika Public School,330533,"Karma Road, Near Police Line, Aurangabad (bihar)",824101,91,08002082654,-,-,apsabad@gmail.com,-,-,Mr. Uday Narayan Kapoor,Senior Secondary,-,-,Aurangabad
Anand International School,330588,Bypass Krishna Niketan Road Near Badsahi Pane Jakariyapur Jhali Gopalpur Patna,800007,612,2350965,-,-,birendrakrais@gmail.com,-,2005,Birendra Kumar,Secondary School,Shree Anand Chandra Foundation,-,Patna
Anand Prep Public School,330659,"At-mansurpur,chamarua, P.s.- Karza, Muzaffarpur",843106,621,2210362,-,-,principal.appsmuz@gmail.com,www.appsmuz.co.in,2010,Mr. Satish  Kumar  Mishra,Senior Secondary,Anand Charitable Trust,-,Muzaffarpur
Anand Public School,330774,"Khankitta, Sabour, Bhagalpur -813210",813210,-,07808899651,-,-,apskhankitta.sabour@gmail.com,http://www.apsbhagalpur.com,2010,Mr.n.r. Verma,Secondary School,Nutan Educational And Welfare Trust,-,Bhagalpur
Anandram Dhandhania Sarswati Vidya Mandir,330198,"Banshi Jha Lane, Burhanath Road,bhagalpur, Bihar",812001,641,2302901,9219663332,0641-2302901,manojadsvm@gmail.com,-,1994,Manoj Kumar Mishra,Senior Secondary,"Shishu Shiksha Prabandh Samiti , Bihar",-,Bhagalpur
Angel High School,330474,"Shair Mohammad,bhigo, Darbhanga",846004,6272,250767,-,6272250767,angel.highschool@yahoo.in,-,2005,Shabiha Khanam,Senior Secondary,"Baber Khan Voluntary Society,bhigo,darbhanga",-,Darbhanga
Ankur Public School,330324,"Nirala Nagar,digha",800011,91,9431049079,23027,-,ankurpublicschoolnirala@gmail.com,-,1996,Archana Kumari,Secondary School,Pragatishil Samaj Welfare And Charitable Trust,-,Patna
Annex Global School,331075,"Hajipur-muzaffarpur Road, Hajipur, Vaishali-844102",844102,-,7717738500,-,-,helpmeags@gmail.com,www.annexian.in,-,Punam Kumari,Secondary School,Annex Education,-,Vaishali (Hajipur)
Annie Besant International School,330648,"Sampatchak, Parsa",804453,612,06122223824,-,6275258067,principalabis@gmail.com,http://www.abisparsa.in,2010,Mrs. Pushpa Lata Lal,Senior Secondary,Shyam Bihari Prasad Educational & Cultural Trust,-,Patna
Araria Public School,330145,Wasiabad Po Araria Distt Araria Bihar,854311,6453,9431205924,-,-,aps_principal@yahoo.com,www.apsararia.com,1989,Mrs. Farhin Afzal,Senior Secondary,Al-wasi Educational Trust,-,Araria
Army Public School,380005,"Gaya, (m B Army School) O T A, Paharpur, Gaya, Bihar",-,631,2210089,-,-,apsgaya@gmail.com,-,-,Pankaj Kumar Jain,Secondary School,-,-,Gaya
Army Public School,380001,Danapur Cantt Bihar Distt Bihar,801503,6115,221840,-,221840,asdanapur@rediffmail.com,-,1993,Mrs Dharmsheela Pandey,Senior Secondary,Army Welfare Education Society Br.,-,Patna
Arora International High School,330566,"Meer Nagar, Baikathpur, Near Panchrukhiya, Khusroopur, Patna",803202,612,2617013,-,-,arorainternationalhighschool@rediffmail.com,-,2012,Anu Arora,Secondary School,Arora Educational Trust,-,Patna
Arpa International School,330363,"Madhopur Chow,chainpur,chakia To Kesria Road,east Champaran,bihar",845412,6257,"2244236,7004998909",-,06257-279318,info.arpainternationalschool@gmail.com,-,2009,Pankaj Kumar,Senior Secondary,International Human Rights Protection Association Charitable Trust,-,Champaran East
Arya Bal Shanti Niketan,330229,"Malusiri Talle, Munger",811201,6344,222823,9431237286,2303341,MDGAUHAR@YAHOO.COM,-,1938,Sh. Amitabh Kumar,Secondary School,The Mang. Commtt. Society Patna Muslim High School,-,Munger
Arya Mission Global School,330786,"English Masaru More,(sabour To Mamalkha Road),sabour,bhagalpur-bihar-813210",813210,-,"09334165910,08409551883",-,-,aryamission@rediffmail.com,http://www.aryamission.com,2011,Mr.vijay Kumar Singh,Secondary School,Keshri Global Trust,-,Bhagalpur
Arya Public School,330857,Village-prasidhnathp.o.  - Gaura,841437,-,9422247422,-,-,aryaacademy06@gmail.com,http://wwwaryaacademy.com,2010,Mrs. Premlata Mishra,Senior Secondary,Muktidham,-,Gopalganj
Arya Public School,330981,"Bathnaha, Sitamarhi",843302,-,8986458036,-,6226255261,aryaprepsitamarhi@gmail.com,-,2018,Mr. Ram Ramapati Singh,Senior Secondary,Sundarkala Memorial Education Society,-,Sitamarhi
Arya Vidyapith,330441,"At- Laxmipur, P.o.- Shankar Saraiya , P.s.- Turkaulia, Distt.- East Champaran",845437,6252,231443,-,6252231443,arun27oct@yahoo.com,-,2004,Anil Kumar,Senior Secondary,Kunti Shankar Educational Trust,-,Champaran East
As Sabeel Academy,330732,Abul Hasan Complexazam Nagarpo:- Kusyar Gaon,854311,91,7903166850,-,-,assabeelap11@gmail.com,http://www.assabeel.in,1989,Md Naim Chand,Secondary School,Al Hasnat Educational Trust,-,Araria
Ascent Public School,330561,"Village - Prasad, Post- Banki, Distt- Madhubani, Bihar",847408,6273,290520,-,-,chamankumarlal@gmail.com,-,2010,Chaman Kumar Lal Das,Secondary School,Purandar Jha Educational & Social Welfare Charitable Trust,-,Madhubani
Ashwani Public School,330359,"Nh-98, Sundar Nagar, Bhusaula, Danapur.",801505,480,0612-3297253,2742517,0612-2200440,ashwanipublicschool@yahoo.com,-,2004,Mrs.Kumari Sneh Bala,Senior Secondary,Ashwani Educational Charitable Trust,-,Patna
Asian School,330297,"Brahampura, Krishna Toli Road,",842003,621,2264251,-,-,asianschoolmuzaffarpur@gmail.com,www.asianschool.in,2004,Anil Kumar,Senior Secondary,Babu Lal Shah & Ram Khelawan Shah Trust,-,Muzaffarpur
Assembly Of God School Of Education,330448,Vill.-sakari P.o-sakari Chowki P.s And Distt.-arwal,804401,6337,229109,-,-,agseramesh@gmail.com,-,2009,Ramesh Sharma,Senior Secondary,Sat Niwas Educational And Charitable Trust,-,Jehanabad
Assembly Of God Church School,330063,Bettiah West Champaran Bihar,845438,6254,242268,625424268,-,agchurchschool@rediffmail.com,-,1980,Dil Kumar Singh,Senior Secondary,The North India Distt. Council,-,Darbhanga
Awadhoot Academy,330504,"Bindwara, Munger-jamalpur Road, Munger",811201,91,7545800438,-,-,principalawadhootacademy@gmail.com,http://WWW.SSKTMUNGER.COM,2000,Manoj Kumar Sinha,Senior Secondary,Sudharma Samajik Kalyan Trust,-,Munger
Awasiya Delhi Public School,330432,"Khairatiya , Mainatand Road, Bettiah",845438,6254,06254231331,-,-,adps.bettiah@rediffmail.com,www.adpsbettiah.com,2005,Mr. Dharmesh Kumar Singh,Secondary School,"Mkdpe & W Society, Bettiah",-,Champaran West
Awasiya Public School,330748,"Rajnagar, Madhubani, Pin - 847235, Bihar",847235,-,7319809490,-,-,apsrajnagar1999@gmail.com,http://www.apsrajnagar.com,2009,Mr. Anjani Kumar Rai,Senior Secondary,Dikshant Siksha Seva Sansthan,-,Madhubani
B D M Public School,330797,Maner,801108,-,06115286115,-,-,bdmpmaner@gmail.com,www.bdmpublicschool.org,1997,Mr. Pankaj Kumar,Senior Secondary,Bhagwan Das Educational & Welfare Trust,-,Patna
B D Public School,330048,Budha Colony Patna Bihar,800001,612,"9065523903, 670562",7783863553,6122524763,madhawibdps@gmail.com,www.bdpschool.com,1992,Mrs. Meera Kumari,Senior Secondary,Budha Vikas Samiti,-,Patna
B D Public School,330161,Panapur Langa Distt Vaishali Hajipur Bihar,844124,6224,288258,6122523966,-,bdpublicschool@gmail.com,-,1998,Ajitabh Kumar,Senior Secondary,Budha Vikash Samiti,-,Vaishali (Hajipur)
B. P. L. Residential Public School,330471,"Vill&po-ajwan,p S - Naubatpur, Patna",801109,91,9297533111,-,-,bplschool1995@gmail.com,http://www.bplrpschool.com,1995,Mrs. Soni Jha,Senior Secondary,Navyug Nirman Shaikshnik Sansthan,-,Patna
B L Indo Anglian Public School,330272,"Rampur Tola, Bhanhara Aurangabad,",824101,6186,224694,-,-,idpandeyblindo@gmail.com,-,2006,Ishwar Dutt Pandey,Senior Secondary,B L Indo Anglian Educational Trust,-,Aurangabad
D.M.L. (Doctor Mohammad Luqman) Public School,330666,"Village- Chandan Bara, Anchal+ps- Dhaka, Distt.- East Champaran",845304,625,9661002794,-,6250240009,dmlpublics@gmail.com,-,2011,Mr. Krishna Kumar Tinku,Secondary School,Jamia Imam Ibn Taimiya,-,Champaran East
D.M.P. Holy Mission School,330585,"Rosera, Dist-samastipur",848210,6275,06275-223600,-,-,dmphms@gmail.com,http://www.dmphms.com,2006,Mr. Shambhu Sharan Singh,Senior Secondary,D.m.p.educational Charitable Trust,-,Samastipur
D.R.Vidyaniketan Senior Secondary School,331027,"Sabalpur Hastitola , Near Bambam Bricks, Sonepur",841101,-,8507347691,-,-,vidyaniketan1sonepur@gmail.com,-,2016,Mr. Dhananjay Kumar,Secondary School,Rampati Devi Trust,-,Saran (Chapra)
Daffodil Convent School,330340,"Manpur , Puraini , Giriyak , Nalanda",803109,6112,294127,-,-,dcsnalanda2008@gmail.com,-,2008,Ajay Kumar,Secondary School,Swarn Ranjan Welfare Trust,-,Nalanda
Daffodil Public School,330810,"Shri Satisthan, Mangalasthan Road, Bihar Sharif (nalanda)- 803101",803101,-,9204367354,-,-,daffodilpublicschoolbsf@gmail.com,http://www.dpsbsf.com,2013,Mr. Swarn Kiran Prasad,Senior Secondary,Daffodils Educational & Welfare Trust,-,Nalanda
Daffodils International Public School,330847,"Vil-chakdaulat,near Nh-30(four Lane),bakhtiyarpur,patna",803202,-,"7739908147,9931679468",-,-,dipschool01@gmail.com,http://www.dipschool.org,2014,Mrs. Asha  Singh,Secondary School,Janta Seva Sansthan,-,Patna
Daffodils Public School,330883,"Bankipur, Fatuha, Patna (bihar) -803201",803201,-,6203521733,-,-,info@daffodilsfatuha.in,http://www.daffodilsfatuha.in/,2016,Mr. Arun Kumar Rajak,Senior Secondary,Daffodils Social Welfare Trust,-,Patna
Darjeeling Public School,331072,"Madhepura, Madhepura",852113,-,07903916797,-,-,kishoryadav94@yahoo.in,www.djpsmadhepura.com,-,Shyamal Kumar Sumitra,Secondary School,Ganga Prasad Educational And Welfare Society,-,Madhepura
Darbhanga Public School,330356,"Rambagh Bye Pass Near Nh 57, Darbhanga Bihar",846005,6272,247713,245500,-,dbgpublicschool@gmail.com,-,2000,Madan Kumar Mishra,Senior Secondary,Abhipray Samajik Vikas Avam Shaikshnik Samiti,-,Darbhanga
Dav   Public School,331071,"Chewara Road, Sheikhpura",811304,-,6201455263,-,-,davsheikhpura@gmail.com,http://www.davpssheikhpura.com,-,Arun Kumar Singh,Secondary School,Dayanand Anglo Vedic College Trust And Management Society,-,Shiekhpura
Dav Public School,330034,"Dayanand Vihar, Near Bijauli More, Aurangabad",824101,618,7250100999,-,-,dav08231@gmail.com,http://www.davaurangabad.org,-,Mr. Rajendra Singh Yadav,Senior Secondary,-,-,Aurangabad
Dav Public School,330147,Daud Nagar Aurangabad Bihar,824113,6328,9431483393,332375,-,dav_dnr@yahoo.com,-,2000,Santan Kumar,Senior Secondary,Dav Collge Trust And Mgmt Society,-,Aurangabad
Dav Public School,330096,Begusarai Harrakh Kothi Etwa Nagar Near Bmp Campus Po Dumri Distt Begusarai Bihar,851101,6243,249940,7903990384,-,davpublicschoolbgs@gmail.com,-,1993,Shanti Singh,Senior Secondary,Dav College Trust & Mgmt Committee,-,Begusarai
Dav Public School,330031,Deeptinagar (ntpc) Kahalgaon Bhagalpur Bihar,813203,6429,222273,-,27482090,davntpc@yahoo.com,http:/www.pdpschool.com,1992,Vijoy Kumar,Senior Secondary,D A V College & Managing Committee,-,Bhagalpur
Daksh Public School,330665,"Haspura, Aurangabad",824120,6186,7488585635,-,-,singhmukeshca@gmail.com,http://www.dakshpublicschool.com,2011,Mr. Cbb Radhakant,Senior Secondary,Daksh Foundatin,-,Aurangabad
Dav Public School,330195,"Itarhi Road, Lal Ganj, Buxar",802101,6183,222280,-,6183227503,akdavbuxarbihar@gmail.com,-,1994,Anil Kumar,Senior Secondary,"Dav College Trust & Managment Society, Chitragupt Road, New Delhi",-,Buxar
Dav Public School,330333,"Dehri-patna Road, Dalmiyanagar",821305,618,4221650,-,-,davdehri163@gmail.com,-,2003,Baski Prasad,Senior Secondary,Dav College Managing Comittee,-,Rohtas
Dav Public School,330191,"Vill+po-narha-panapur,via-rajepur, Distt.-east-champaran, Bihar",845406,6259,258355,75265,-,awiradha@gmail.com,-,2003,Awinash Kumar Singh,Secondary School,"Dav College Trust And Management Soceity,new Delhi-55",-,Champaran East
Dav Public School,330260,"At+po- Sara Mohanpur, Darbhanga Saramohanpur",846004,6272,258825,-,6272258781,davdbg_55@yahoo.in,-,2001,Sabita,Senior Secondary,Dav College Trust & Management Society,-,Darbhanga
Dav Public School,330112,Sherghati At & Po Shargati Gaya Bihar,824211,6326,"222993, 222830",-,-,sunilverma1965@rediffmail.com,-,1993,Sunil Kumar Verma,Secondary School,Dav College Trust & Mgmt Soc,-,Gaya
Dav Public School,330101,College Road Rotary Campus Gaya Bihar,823004,-,"9572543194, 2225183",-,-,rroy2510@gmail.com,-,1991,Ramashish Roy,Senior Secondary,Dav College Trust & Mgmt,-,Gaya
Dav Public School,330157,Manpur Vill Kaiya Post Kharhari Gaya Nawada Road Gaya Bihar,823003,631,"9471038997, 2331258",-,-,arvindkrdav@gmail.com,-,2000,Arvind Kumar,Senior Secondary,Dav College Trust & Mgmt Society,-,Gaya
Dav Public School,330178,"Ashok Town Hall Road, Jamui",811307,6345,224272,2287378,-,skdubeydav@gmail.com,-,1999,Shashi Kant Dubey,Senior Secondary,Dav College Trust & Mgmt Society,-,Jamui
Dav Public School,330028,Khetanlane Jehanabad 804408 Bihar,804408,6114,222072,222345,-,djehanabad@gmail.com,http://www.cgfmanet.org,2010,Hem Narayan Jha,Senior Secondary,Karan Solanki Educational & Welfare Society,-,Jehanabad
Dav Public School,330116,Power Grid Corporation Of India Pusanli Po Bhitti Via Mohania Distt Kaimur Bihar,821109,6187,7254969120,-,06272-251802,davpusauli8@gmail.com,http://www.mgssdbg.com,2001,Satyendra Prasad Yadav,Senior Secondary,Dav Collge Trust & Mgmt Soc,-,Kaimur
Dav Public School,330472,"Dayanand Nagar,",851213,6245,290190,-,-,principal.davmkt@gmail.com,-,2005,Vijoy Kumar,Secondary School,Yes,-,Khagaria
Dav Public School,330319,"Naya Tola Keshopur, Jamalpur",811214,6344,200051,-,-,sbhujabala17@gmail.com,-,2007,Sarbeswar Bhujabala,Senior Secondary,"Dav College Managing Committee,new Delhi",-,Munger
Dav Public School,330143,Purab Sarai Goushala Road Munger Po Munger Bihar,811201,6344,227555,261345,-,sanjay.ambastha@yahoo.com,-,2001,Sanjay Kumar Ambastha,Senior Secondary,Dav College Trust And Mgmt Society,-,Munger
Dav Public School,330094,M T P S Kanti Muzaffarpur Bihar,843130,6223,266315,6.69E+14,255028,kankanaghosh_2k7@yahoo.com,-,1993,Shree Kant Chaubey,Senior Secondary,Dav College Trust Mgmt Society,-,Muzaffarpur
Dav Public School,330181,"Near Ram Ratan Singh College, Main Road, Jakhrajathan, Mokama, Patna-803302 (bihar)",803302,6132,233431,2287378,-,SURDARSHANPRASAD01964@GMAIL.COM,-,1999,Sudarshan Prasad,Senior Secondary,Dav College Trust & Mgmt Society,-,Patna
Dav Public School,330132,Power Grid Campus Ranchi Patna Road Po Mohanandpur Bihar Sharif Nalanda Bihar- 803216,803101,6112,290186,225454,-,SATNDRA11@GMAIL.COM,-,1982,Satendra Kumar Singh,Senior Secondary,Dav Colelge Trust & Mgmt Soc,-,Nalanda
Dav Public School,330050,Bihar State Electricity Board New Punai Chak Patna Bihar,800023,612,2283467,1242379991,124237999,davbsebpatna23@gmail.com,-,1993,Dr V S Ojha,Senior Secondary,D A V College & Managing Committee,-,Patna
Dav Public School,330105,Adamapur Hansraj Nagar P.o. Karwandiya Sasaram Rohtas Bihar,821115,6184,"221650,9431068033, 221650",2.24E+15,221650,dav.sasaram@gmail.com,-,1997,Dr Birendra Kumar,Senior Secondary,Dav College & Trust & Mgmt Soc,-,Rohtas
Dav Public School,330018,Cantt Road Khagaul Campus Patna Bihar,801105,6224,9798353206,2501387,-,rroy2510@gmail.com,-,1989,R Roy,Senior Secondary,Dav College Trust & Managing Society N D,-,Patna
Dav Public School,330405,Near Police Station Thawe Gopalganj Thawe Bihar,841440,6156,276365,-,06156-276365,ashwanikhushi16@gmail.com,-,2008,Ashwani Kumar Singh,Senior Secondary,Davcollege Trust And Management Society,-,Gopalganj
Dav Public School,330118,"Lajpat Rai Nagar Katar Bachina Shakarpuri Via Indra Puri Dehri On- Stone, Distt Rohtas Bihar",821308,6184,"0, 253646",9473235897,06432 275485,davkatardos147@yahoo.com,-,1998,Dr.shashi Kant Dubey,Senior Secondary,Dav College Mgmt Committee,-,Rohtas
Dav Public School Bhagalpur,330127,Meera Chalk Industrial Estate Barari Bhagalpur Bihar,812003,641,"2610960, 2406170",-,642051960,kishorekamal.ssm@gmail.com,-,1982,Kamal Kishore Sinha,Senior Secondary,Dav College Trust & Mgmt Society,-,Bhagalpur
Dav Public School,330076,Runnisaidpur Gorigama Po Runisaidpur Distt. Sitamarhi Bihar,843328,884,6226286222,220,54561,davrunnisaidpur031@gmail.com,-,1992,Poonam Sharma,Secondary School,Dav College Mang. Comtt. N.d.,-,Sitamarhi
"Dav Public School ,Semra,Bikramgaj",330389,Sasaram Ara Road Semra Bikramganj Rohtas,802212,6185,06185290623,-,06185-222651,davbikramganj@yahoo.in,www.bikramganj.com,2008,Mr. Prem Chandra Tripathi,Secondary School,Dav College Trust And Management Society,-,Rohtas
Dav Public School Kochas,330897,At+ P.o.- Kochasdist- Rohtasstate- Bihar,821112,-,07870326525,-,-,davkochas2013@gmail.com,-,2013,Mr. Upendra Nath Mishra,Secondary School,Dav College Trust And Management Society New Delhi,-,Rohtas
Dav Public School Lakhisarai,330232,Vidyapith Lakhisarai,811311,634,6290613,870373,06346-233220,davpslkr@gmail.com,-,2002,Shanti Singh,Senior Secondary,Dav College Trust,-,Lakhisarai
"Dav Public School Moriyawan, Bihta, Patna",330913,"Dav Public School Moriyawan, Bihta, Patna",801114,-,9263182157,-,-,bihtadav@gmail.com,www.davbihta.org,2010,Mr. Arun Kumar,Secondary School,Dav College Trust And Management Society,-,Patna
"Dav Public School, Dumraon",330736,"Near Bmp Campus, Nandan Dera, Dumraon, Buxar, Bihar",802119,6323,222413,-,-,sahay.ghanshyam94@gmail.com,-,2013,Ghanshyam Kumar Sahay,Secondary School,Dav College Managing Commitee,-,Buxar
"Dav Public School, Malighat,Muzaffarpur",330262,"Near B.m.p-6 ,kanhauli,bishundutt,malighat ,muzaffarpur",842002,621,7260815790,-,6212283776,jashokan@gmail.com,-,1991,Jayasree Ashokan,Senior Secondary,"Dav College Managing Committee,new Delhi",-,Muzaffarpur
"Dav Public School, Madhepur",330469,"Laxmipur Chowk, Madhepur, Madhubani",847408,6273,283072,-,-,deepakkr_dav@rediffmail.com,-,2011,Deepak Kumar,Secondary School,Dav College Trust & Management Society,-,Madhubani
"Dav Public School, Mathurapur",330259,At+po- Mathurapur,813222,91,8581837357,-,222273,principaldavmathurapur@gmail.com,www.davmathurapur.org,2002,Dr. Birendra Kumar,Senior Secondary,Dav College Trust & Management Society,-,Bhagalpur
"Dav Public School, Nabinagar",330256,"At- Mahuli, Nabinagardist - Aurangabad, Bihar",824301,6332,8581034249,-,06332 227189,davnbr@rediffmail.com,http://www.davnabinagar.com,-,Dr. R. K. Dubey,Senior Secondary,-,-,Aurangabad
"Dav Public School, Chhapra",330832,"Dav Public School, Sidhwalia,po-fakuli,ps-mufassil,chhapra Saran.",841301,-,06152,-,-,davpschhapra@gmail.com,http://www.davpschhapra.in,2011,Mr. Alok Kumar,Secondary School,Dayanand Anglo Vadic College Trust And Management Society,-,Saran (Chapra)
"Dav Public School, Rafiganj",330802,"Dav Public School, Rafiganj, Neema More Kasma Road",824125,-,09199037606,-,-,davrafiganj2013@gmail.com,-,2012,Mr. Bidhu Shekhar Pandey,Secondary School,Dayanand Anglo-vedic College Trust & Management Society,-,Aurangabad
"Dav Public School, Rotary Campus, Ashok Nagar, Gaya",330865,"Dav Public School, Rotary Campus, Ashok Nagar, Katari Hill Road, Behind A.m. College, Gaya",823001,-,0631-2225254,-,-,davashoknagar@gmail.com,http://www.davrcangaya.org,1991,Mrs. Sanyukta Gopal,Secondary School,Dayanand Anglo Vedic College Trust & Management Society,-,Gaya
Dayal Public School,330408,"Madho Bigha,patna Ranchi Road,p.o. Orhanpur,thana Moffassil,dist.nawadah",805123,6324,227109,-,210640,mpsinha1965@gmail.com,-,1999,Mahendra Prasad Sinha,Senior Secondary,Dayal Educational Organisation And Social Welfare Trust,-,Nawadah
Daya Prakash Saraswati Vidya Mandir,330695,"Keshav Nagar, South Of Brahmayoni Haill",823001,-,06122665469,-,6122665470,dpsvidyamandir@gmail.com,http://www.dayaprakashsvm.com,2013,Mr. Satya Shekhar Rai,Senior Secondary,Daya Prakash Charitable Trust,-,Gaya
Dedicated Public School,330657,"Dina Vihar, Bansa, Karwandiya, Sasaram, Rohtas, Bihar-821305",821305,6184,9430280000,-,-,info@dpsinternational.org,http://www.dpsinternational.org,-,Mr. Kumar Vikas Prakash,Senior Secondary,-,-,Rohtas
Dei Gratia International School,330365,Sukhasan Main Road. Tuniyahi,852113,647,6223436,43564350,-,mathsubhas10@gmail.com,-,2010,Vinay Kumar,Senior Secondary,Kusum Banke Bihari- Educational Organization,-,Madhepura
Delhi Central Public School,330761,"Sarwa Gumti, Masaurhi, Nh - 83, Po.- Nadwan,",804453,-,9161225337383,-,-,delhicentralpublicschool@gmail.com,www.dcps.co.in,2014,Mr. Gaurav Kumar,Secondary School,Newton Education And Research Foundation,-,Patna
Delhi Model Public School,330374,"Kulharia, Near About Kulharia Bazaar, P.o. Kulharia",802160,6182,294044,-,-,sundaramk00@gmail.com,-,2009,Sundaram Kumar,Senior Secondary,Delhi Model Public School Society,-,Bhojpur
Delhi Model Public School,330064,Bhagwati Pur Shivalaya More Khagoul Patna Bihar,801113,612,2344302,6122344302,-,singh.jayshree30@gmail.com,-,1993,Jayshree Kumari,Senior Secondary,Delhi Model Pub. Sch. Society,-,Patna
Delhi Public School,330168,Deekshapuram Sabour Bhagalpur Bihar,813210,641,"2452503, 2452603",-,-,principal@dpsbhagalpur.com,-,2007,Arunima Chakravorty,Senior Secondary,Angika Development Society,-,Bhagalpur
Delahi Public School,330353,"Delahi Public Schoolmaheshkhunt, Khagaria",851213,91,9931422317,2452921,06245-266022,sjha8159@gmail.com,http://www.dpsmhk.com,2007,Subhash Jha,Secondary School,Akhilanand Foundation,-,Khagaria
"Dav Public School, Indupuram, Laxmichak, Parsa",331006,"Dav Public School, Indupuram, Laxmichak, Parsa Bazar, Sampatchak Road, Patna",804453,-,9263182193,-,-,davparsapatna@gmail.com,www.davparsapatna.com,2019,Mr. Sumanth Ghosh,Secondary School,Dav College Trust And Management Society,-,Patna
Cambridge Public School,330373,"Laxmipur,main Road,raxaul,east Champaran Bihar",845305,6255,220359220459,-,-,cps_raxaul@live.com,-,2010,Devesh Kumar Pandey,Senior Secondary,Laxmi Educational & Welfare Trust,-,Champaran East
Cambridge Public School,330599,"Koilara, Dawan, Jagdishpur, Bhojpur",802152,91,7870389200,-,-,cambridgedawan107@gmail.com,http://www.cpsbihiya.com,2010,Mr. Lucky Singh,Secondary School,Shanti Welfare Trust,-,Bhojpur
Cambridge Public School,330266,Govindpur Silhauri Naubatpur,801109,91,09835259811,2593126,-,dkumar.96@rediffmail.com,-,2002,Mrs. Punam Kumari Gupta,Senior Secondary,Bright Educational & Welfare Society,-,Patna
Cambridge School,330560,"Paharpura, P.o.- Ranabigha, Dist- Nalanda, Bihar",803101,6112,634212,-,-,cambridgesng@gmail.com,-,2009,Sanyogita Kumari,Secondary School,Cambridge Education Society,-,Nalanda
Cambridge School Chousa,331029,"Kathtar, Chousa, Buxar, Bihar",802114,-,06183223962,-,-,cambridgechousa@gmail.com,www.cambridgechousa.in,2013,Miss Vandana Mishra,Senior Secondary,Phul Shankari Devi Kalayan Awam Vikas Sansthan,-,Buxar
Cambridge Seni Secondary School,330314,"Kathkauli, Buxar",802101,6183,227698,-,-,mkchoubey_bxr@rediffmail.com,-,2004,Mithilesh Kumar Choubey,Senior Secondary,Phul Shankari Devi Kalyan Awam Vikas Sansthan,-,Buxar
Cambridge School,330402,"Silao, (nepura)dist.-nalanda, Pin Code - 803117 Bihar",803101,6112,290944,-,06112-290190,shailusinha452@gmail.com,-,2006,Shailendra Sahay,Senior Secondary,Cambridge Education Siciety,-,Nalanda
Campus Public School,330011,R. A. U. Pusa Samastipur Bihar,848125,6274,240209,209,223992,principal@cpspusa.com,http://www.happydaysschoo,1987,Ruma,Senior Secondary,A I Personality Enhance.cntr For Sc,-,Samastipur
Captain International School,330924,"Rasoolpur, D.m.c., Bahadurpur, Darbhanga",846003,-,9525022820,-,6272,cisdarbhanga2015@gmail.com,-,2015,Mrs. Minu Kumari,Senior Secondary,Manjoor Hassan Memorial Social Welfare Trust,-,Darbhanga
Career Guide Academy,330606,"Diyaganj.rampur Kodarkatti,n.h-57,araria",854325,6453,223138-06453,-,-,cga.araria@gmail.com,http://www.cgaararia.in,-,Mr. Sibtain Ahmad,Secondary School,-,-,Araria
"Cambridge School, Dumraon",330723,Harnahi Road,802119,632,3223962,-,06323-223962,csdumraon@gmail.com,http://www.cambridgeschooldmr.org,2009,Mr. Rajib Pradhan,Senior Secondary,Phul Shankari Devi Kalyan Awam Vikash Sansthan,-,Buxar
Central English School,330291,"Mohalla Kabirganj, P.o.sasaram, Distt.rohtas,",821115,6184,223102,-,0612-2303341,mdgauhar@yahoo.com,-,2005,Uma Kant Pandey,Senior Secondary,Al-momin Educational & Welfare Trust,-,Rohtas
Carmel Convent,330965,"Basgaon, Bhairoganj, West Champaran",845106,-,7762062974,-,6256224485,carmelconventbhairoganj@gmail.com,-,2009,Mr. Virendra Prasad Chaurasia,Secondary School,Carmel Educational Trust,-,Champaran West
Cd Fort Public School,330628,"At - Narayanpur, P.o. - Daulatpur, P.s. - Khodawandpur, Dist. - Begusarai",848210,-,0000,-,-,principalcdfps@gmail.com,-,2011,Sunil Kumar Dutta,Secondary School,Chand Memorial Educational Trust,-,Begusarai
Central Public School,330242,"Vikas Nagar, Chandmari Road, Po- Tari, Ps- Muffasil, Chapra",841301,6152,248388,0180-6534366,06152-236779,principal.cpschapra@gmail.com,-,1994,Murari Singh,Senior Secondary,"Human Development & Welfare Society, Chapra",-,Saran (Chapra)
Chaitanya Gurukul Trust Public School,330478,"Po. Chamanpura And Sisai, Via Kishanpura",841416,938,6048043,-,-,CGT.PS.PRINCIPAL@GMAIL.COM,http://www.chaitanyagurukul.co.in,2008,Ishteyaque Ahmad,Secondary School,Chaitanya Gurukul Trust,-,Gopalganj
Camford Public School,330321,At.+p.o. Kurthaul P.s.parsa Bazar,804453,612,6582937,-,-,camfordublicschool@gmail.com,-,2007,Ashok Kumar Singh,Senior Secondary,Camford Educational Society,-,Patna
"Chaman Sah Saraswati Vidya Mandir, Jagatpur , Banka,Bihar",330937,"Cssvm , Jagatpur, Banka, Distt- Banka, 813102, Bihar",813102,-,7632856939,-,-,bankavidyamandir@gmail.com,http://www.cssvmbanka.com,2001,Mr. Shailendra Kumar Singh,Secondary School,"Shishu Shiksha Prabandh Samiti, Bihar",-,Banka
Chandrasheel Vidyapeeth,330139,Kanti Muzaffarpur Bihar,843109,622,3266025,9771480678,-,chandrasheel.vidyapeeth1@gmail.com,-,2010,Mr. Kumod Purnendu,Senior Secondary,Chandrasheel Educational Trust,-,Muzaffarpur
Chandrikasingh Bidya Secondary Education Public School,330676,"At-basdila Khas, Ps+anchal-gopalganj, Distt-gopalganj,bihar",841428,6156,09546942892,-,6156,cbsegopalganj@gmail.com,http://www.cbsepublicschool.org,2010,Mrs. Pinki Kumari,Senior Secondary,Chandrika Bidya Secondary Educational Trust,-,Gopalganj
Chapra Central School,330092,Behind Ghosh Colony Near Bazar Samiti Sarha Road Chapra Bihar,841301,6152,248112,6152232458,-,santosh.kumar.sk33@gmail.com,chapracentralschool.co.in,1994,Santosh  Kumar,Senior Secondary,Braj Kishore Memo Trust,-,Saran (Chapra)
Chauhan Public School,330620,At Po Baijani Fulwariaps Jagdishpur,813112,641,2302039,-,-,chauhanpublicsh@rediffmail.com,-,2010,Rabindra Kumar,Senior Secondary,Chauhan Educational Trust,-,Bhagalpur
Chela Mary Memorail High School,330662,"Agarwa, Motihari",845401,6252,241719,0495-2283144,-,chelamarymemorialschool@gmail.com,-,2010,Evelyn Prakash,Senior Secondary,Chela Mary Memorial & Educational Trust,-,Champaran East
Chakrapani Model Public(Cmp) School,330248,"Villae+ Post Office- Hissar,via Khirhar",847230,6271,288151,-,-,PRINCIPALAKJHACMPSCHOOL@GMAIL.COM,-,1996,Anil Kumar Jha,Secondary School,Shri Educational And Public Welfare Society,-,Madhubani
Children Delight School,330349,"Dak Bunglaw Road, Chapra",841301,615,2245034,-,-,katyayanisaran@gmail.com,-,1985,Katyayani Saran,Secondary School,Harihar Phanindra Memorial Saikshanik Sansthan,-,Saran (Chapra)
Children Garden School,330914,"Vill-kekadha, Po-kilani, Ps-chand Distt. - Kaimur",290399,-,9708439342,-,-,childrengardenkekadha@gmail.com,http://www.cgskekadha.com,2017,Mrs. Madhu Singh,Senior Secondary,Mamta Seva Sansthan,-,Kaimur
Children's Garden School,330206,"Near Svp College, Ward No.02, P.o. Bhabua, Distt.-kaimur, Bihar",821101,6189,223074,-,-,pratimasinghcgs@gmail.com,-,1995,Pratima Singh,Senior Secondary,B.n Charitable Trust,-,Kaimur
Central Public School,330041,Tajpur Road Samastipur Bihar,848101,6274,222970,222970,-,mdariftraveller@gmail.com,-,2002,Md Arif,Senior Secondary,Azad Memial Ednl.&cultural Soc.,-,Samastipur
Childrens Happy Home,330759,"Near Gas Godown, Rojidpur",854105,-,06452248397,-,-,chh.katihar@gmail.com,www.childrenshappyhome.com,1972,Mr. Rama Shankar Jha,Senior Secondary,Childrens Happy Home Society,-,Katihar
Christ Church Diocesan School,330188,"Collectorate Road, Patna, Bihar",800001,612,2677152,75265,-,rubina2228@gmail.com,-,1972,Rubina Hansdah,Secondary School,Diocesan Educational Society,-,Patna
"Christ Church Diocesan School,Khagaul",330894,"Christ Church Diocesan School,khagaul       Hospital Road Khagaul,patna, Bihar-801105",801105,-,06115232029,-,-,christcdschool@rediffmail.com,http://www.ccdskhagaul.com,2013,Mr. Pawan Agrawal,Secondary School,Diocesanal Education Trust,-,Patna
Christ Jyoti International School,331031,"Dharmodaya Asthali, Madhopur, Susta",843119,-,7463884603,-,-,christjyotiinternationalmuz@gmail.com,-,2016,Mrs. Nisha Sinha,Secondary School,Pandav Educational Trust,-,Muzaffarpur
City Central High School,330663,Vill-po- Jitwariaps - Kalyanpurdist - Samastipur,848302,6274,7765025109,-,-,citycentralhighschool@gmail.com,citycentralhighschool.org,2012,Mr. Sanjiv Kumar Pandey,Senior Secondary,Vasundhara,-,Samastipur
Citi Ford School,330998,"Qutub Chapra, Siwan Road, Siwan",841286,-,8750114040,-,-,shirazkirmani@gmail.com,https://citifordschool.com,2016,Mr. Akhilesh Kumar Singh,Senior Secondary,Kabir Educational Foundation,-,Siwan
City Montessori Public School,330617,"At- Bargaon, Po- Bargaon, Ps- Bagaha, Distt.- West Champaran",845101,6251,226801,-,6251226801,seema.swadha@gmail.com,-,2004,Seema Gupta,Senior Secondary,Swatantra Educational And Welfare Trust,-,Champaran West
Cmj Institute Of Education,330544,"Cmj Institute Of Education ,bankat,motihari East-champaran",845401,9955,079920,-,-,surgicare.motihari@gmail.com,http://www.cmji.in,2010,Anil Kumar,Senior Secondary,Cmj Educational Trust,-,Champaran East
Colonels Academy,330286,"Sirsa,katihar, Bihar-854106",854106,6452,239463,2758565,6452239463,principalcolonels@gmail.com,-,2008,Manas Ranjan Chakraborty,Senior Secondary,Matri Educational And Cultural Trust,-,Katihar
Co-Operative Publc School,330542,"Near Airport, Dubhal",823001,91,9470854760,-,-,cooperativepublicschool6@gmail.com,-,-,Mrs. Reena Kumari,Senior Secondary,-,-,Gaya
Columbus English Academy,330792,"Pachkathiya Shahkund,bhagalpur,bihar",813108,-,8271069216,-,9934054531,ceacademy1986@gmail.com,http://www.columbusbgp.com,2016,Mr. M J Najam,Senior Secondary,Sabra Welfare And Education And Empowerment Trust,-,Bhagalpur
Creane Memorial High School,330016,Katari Hill Road Gaya Bihar,823001,631,"2220644, 420644",-,2228816,principal@creaneschool.com,-,1966,James George,Senior Secondary,Patna Central School,-,Gaya
Creation Gurukool,330912,Ward No 12 Ramgarhwa East Champaran Bihar,845433,-,06255233236,-,-,creationgurukool@gmail.com,http://creationgurukool.in,2007,Mrs. Soni Kumari,Secondary School,Creation Educational & Charitable Trust,-,Champaran East
Creative Minds International School,330919,"Creative Minds International School, Nh 80, Ramnagar, At+po-surajgarha,dist-lakhisarai,pin-811106",811106,-,7280073603,-,-,mailtocmis@gmail.com,https://cmis-lakhisarai.business.site/,2016,Mr. Abhilash C.r,Secondary School,Sharda Educational Trust,-,Lakhisarai
City Public School,330257,"Near Mehta Petrol Pump, On Gaya Nawada Roadp.o. Baragandhar.gaya",823003,631,2250940,-,-,madhabendra.kuila@gmail.com,-,2003,Madhabendra Kuila,Senior Secondary,Vidyawati Foundation,-,Gaya
Creative Public School,330687,"Vill :-ketra, P.s.- Fatehpur, District- Gaya",824232,-,9939018406,-,-,rajkumar.cpr.teacher@gmail.com,http://creativepublicschool.co.in/,2014,Mr. Md. Yasin,Senior Secondary,C.p.r. Educational & Charitable Trust,-,Gaya
Crescent Public School,330281,"Cps Road,sir Syed Nagar,kishanganj",855107,6456,222153,-,06456-233003,SHAHID.CPS@GMAIL.COM,-,1991,Rizwan Mubasshir,Senior Secondary,Crescent Education And Welfare Trust,-,Kishanganj
D A V Centenary Public School,330017,Kabir Math Kandhwara Siwan Bihar,841226,6154,242078,-,-,vpvijaypathak17@gmail.com,-,2078,Vijay Kumar Pathak,Senior Secondary,Patna Central School,-,Siwan
D A V Public School,330006,Urvarak Nagar Barauni Begusarai Bihar,851115,6243,265030,6243265287,6243264584,davpshfc@gmail.com,-,1983,Mukesh Kumar,Senior Secondary,Dav Coll Naging Committee N Delhi,-,Begusarai
D A V Public School,330035,"Ara Bhojpur, Ara Patna Road, Dhanupura, Ara, Distt Bojpur, Bihar 802301",802301,6182,8986931506,-,6182243572,davps_ara8216@hotmail.com,davapsara.com,1990,Mr. Sanjay Sinha,Senior Secondary,Dayanand Anglo-vedic College Trust & Management Society,-,Bhojpur
D A V Public School,330027,Circuit House Area Cantonment Area Gaya Bihar,823001,631,"2224514,9263182127,9471008023",-,-,davcanttarea@gmail.com,-,1978,Anjali,Senior Secondary,Karan Solanki Educational & Welfare Society,-,Gaya
D A V Public School,330160,Ratwar Bhabhua Via Mohania Kaimur Bihar,821109,6187,"223724, 223724",6187223724,618722335,ajitkumarbakshi@gmail.com,-,1996,A  K  Bakshi,Senior Secondary,Dav College Trust & Mgmt Society,-,Kaimur
D A V Public School,330066,Walmi Complex Phulwari Sharif Patna Bihar,801505,612,2452223,-,-,KJSINHA@YAHOO.COM,-,1994,Kunwar Jee Sinha,Senior Secondary,D A V College Managing Committee,-,Patna
D A V School,330589,Saitha Jadupur,821101,6189,06189222085,-,6189222085,principal.rajeshsingh@gmail.com,-,2010,Rajesh Kumar Singh,Senior Secondary,Maa Mundeshwari Educational Trust,-,Kaimur
D K Carmel Residential High School,330140,1 Km West From Zero Mile N H 30 Ara Po Bhelai Bhojpur Bihar,802301,6182,237734,-,-,psupadhyay64@gmail.com,-,2007,Pramod Shankar Upadhyay,Senior Secondary,M D A D Educational & Medical Trust,-,Bhojpur
D S English Boarding School,330813,At+po - Pipra,852218,-,09472335448,-,-,dsebpipra@gmail.com,-,2005,Mr.narayan Kumar Karn,Senior Secondary,Zishan Foundation,-,Supaul
D. P. Public School,331021,Village + Post - Amolri,841226,-,08873392245,-,-,dppublics@gmail.com,http://dppublicschool.in,2018,Mr. Kshetrabashi Nayak,Senior Secondary,Maa Vindhyawasini Shiksha Nayas,-,Siwan
D A V Public School,330045,Nh 28 Khabra Darbhanga Road Muzaffarpur Bihar,849001,621,"2904041, 261470",76107,-,davmuzaffarpur@gmail.com,-,1991,Shashi Kant Jha,Senior Secondary,D A V College & Managing Committee,-,Muzaffarpur
D.A.V. Public School,330951,"Puchari, Baniyapur, Saran, Bihar - 841403.",841403,-,9608091824,-,-,dav.puchari@gmail.com,https://www.davbaniapur.com,2015,Miss Sonam Kumari,Senior Secondary,D. A. V. School Managing Trust,-,Saran (Chapra)
D.A.V. Public School,330244,"Po. - Harpur Ailoth, Dist. - Samastipur",848101,6274,226267,-,06274-246599,davsprbr046@rediffmail.com,-,2002,Niraj Kumar Singh,Senior Secondary,Dav College Trust And Management Society,-,Samastipur
"D.A.V. Public School , Achchhua, Paliganj",330945,"Dav Public School, Achchhua,dhahara Paliganj,patna,bihar-801110",801110,-,9471002207,-,6135277008,davschool.2013@gmail.com,www.davpaliganj.in,2013,Mrs. Kumari Seema Sinha,Secondary School,"Dav College Trust And Management Society, New Delhi",-,Patna
D.A.V. School,330769,"Near Sub Division Hospital, Dulour Dih, Jagdishpur, Bhojpur, 802158",802158,-,9431456884,-,6122281929,davschooljagdishpur@gmail.com,www.davschool.org,2014,Mr. Sanjay Kumar Singh,Senior Secondary,Nav Jagriti Educational Trust,-,Bhojpur
B. P. S. Higher Secondary Public School,330891,"Nawanagar, Buxar - 802129, Bihar.",802129,-,6299268033,-,-,bps.edu123@gmail.com,http://www.bpspublicschool.co.in,2015,Mrs. Kanchan Kumari,Senior Secondary,R K Welfare Educational Trust,-,Buxar
B.D. Academy,330434,"At - Khemichak, P.o. - Bishwambharchak, P.s. - Amarpur, Banka",813101,642,222175,-,6420223175,s.gunjan@rediffmail.com,-,2007,Saurabh Gunjan,Senior Secondary,Srm Educational Trust,-,Banka
B.D. Public School,330243,"Navada Chauk, Bhojpur",802301,618,2239216,-,-,rajeshrajmani1@gmail.com,-,2000,Rajesh Rajmani,Secondary School,Ara Bhagwan Das Educational Society,-,Bhojpur
B.P.Convent,330276,"B.p.convent,phulwarisharif,patna,bihar,801505",801505,-,0612 3254255,-,0612 3254255,bpconvent72@yahoo.com,-,2007,Rama Kant  Singh,Secondary School,Patliputra Art &craft Institute,-,Patna
B.P.N. Global School,330990,"Chhatwa Road, Chiraily, Tekari, District ? Gaya (bihar)",824236,-,08709353018,-,-,bpnglobalschool@gmail.com,http://www.bpnglobalschool.com/,2015,Mr. Arun Kumar Priyadarshi,Secondary School,Ramanand Mahto Educational Trust,-,Gaya
B.R.D.A.V Public School,330062,P O Refinery Township Begusarai Bihar,851117,6243,274250,26281870,0161-2459970,anjali_hwb@yahoo.com,http://wwxyz.com,1997,Anjali,Senior Secondary,D A V College Trust&management Soc,-,Begusarai
B.P.S Public School,330642,At & P.o Naokothi,851130,91,8409413943,-,6122582618,arvaindanshu11@gmail.com,-,2009,Arvind Kumar,Secondary School,R.d.e.c Foundation,-,Begusarai
Bahera Public School,330523,At+po- Baheradist- Darbhanga,847201,6242,290190,-,6242222367,r.daman29@yahoo.com,http://www.imameducationalsociety.com,2011,Ripu Daman,Senior Secondary,Imam Educational Society,-,Darbhanga
Baba Ganga Singh International School,330999,"Panditpura, N.h. 30",802213,-,06185280218,-,-,bgsinternationalschooldinara@gmail.com,-,2015,Mrs. Ruby Singh,Secondary School,Ramchandra Singh Educational And Charitable Trust,-,Rohtas
Bal Bharati Public School,330932,"Npgc Nabinagar Super Thermal Power Project Shivanpur, P O Ankorah",824303,-,07542994691,-,-,saoli.dutta@balbharati.org,www.bbpsnabinagar.com,2019,Mrs. Saoli Dutta,Senior Secondary,Child Education Society,-,Aurangabad
B.P.M. International School,330592,"Shahpur, P.o.- Sirdala, Distt.- Nawada",805127,6324,9973067934,-,-,bpminternational24@gmail.com,-,2011,Suryadew Kumar Sudhaker,Senior Secondary,Sadbhavana Development Society,-,Nawadah
Bal Bharti Vidyalaya,330552,Goshala Road,853204,6421,222986,-,-,rajive.principalbbv@gmail.con,-,2006,Rajive Prasad,Secondary School,Bal Bharti,-,Bhagalpur
Bal Kalyan Public School,330586,At+po-palivia-ghanshyampurdistt-darbhanga,847427,6242,261123,-,-,principalbkps@gmail.com,-,2008,Soni Kumar,Senior Secondary,Bal Kalyan Seva Nyas,-,Darbhanga
Bal Mandir Sr Sec School,330009,Bal Mandir Road Po/distt Kishan Ganj Bihar,855107,645,222116,7752240261,240262,pirncipal.bmsss.kne@gmail.com,http://www.bmsss.in/,1973,Chanchal Giri,Senior Secondary,Bal Mandir Society Trust,-,Kishanganj
Bal Vidya Mandir,330803,"Mangla Nagar, Babhana",804408,-,9905440755,-,-,bvm.jbad@gmail.com,http://www.balvidyamandir.net.in/,2014,Mrs. Kanchan Mala Kumari,Senior Secondary,Divya Educational Welfare Charitable Trust,-,Jehanabad
Bal Vidya Niketan,330071,Raja Bazar Patel  Nagar Jehanabad Bihar.,804408,6114,9431226080,-,-,bvn.balvidyaniketan.bvn@gmail.com,-,1988,Sushil Kumar,Senior Secondary,Deo Gagina Welfare Char. Trust,-,Jehanabad
Bal Vidya Niketan,330706,"Knowlege City Behind Patliputra Jcb Showroom South Of Toll Plaza, Patna, Bihar 800009",800009,612,9546154151,-,-,bvnschoolpatna@gmail.com,http://www.bvnpatnacity.com/,2014,Mr. Sunil Kumar,Senior Secondary,Swani Dayanand Saraswati Trust,-,Patna
Bal Vidya Niketan Sukulchak,330958,"Karouna, Jehanabad",804417,-,9572111129,-,-,BALVIDYANIKETAN@GMAIL.COM,WWW.BALVIDYANIKETAN.COM,2016,Mrs. Sneha Sinha,Senior Secondary,Swami Vivekanand Trust,-,Jehanabad
Baldwin Academy,330042,"Dhawalpur South, Po Begumpur, Patna Bihar",800009,612,"2576158, 262670",-,-,rajivrrs09@gmail.com,-,1987,Rajiv Ranjan Sinha,Senior Secondary,Baldwin Academy,-,Patna
Balika Vidya Peeth,330007,Lakhi Sarai Munger Distt Bihar,811311,6346,232024,232025,-,sksingh9431470@gmail.com,-,1947,Shailendra Kumar Singh,Senior Secondary,Balika Vidyapeeth Trust,-,Munger
Bds Public School,330548,"Madarpur, Siwan",841416,-,9955634347,-,06153-6440570,bdsprincipal@gmail.com,www.bdspublicschool.com,2011,Dr. Uma Pithora,Senior Secondary,Anup Sewa Trust,-,Siwan
Basanti Sharan Public School,331036,"Sripatpur, Jehanabad",804434,-,9931616840,-,-,bspsj@rediffmail.com,https://bspsm.in/,2017,Mrs. Sangita Kumari,Secondary School,Basanti Sharan Siksha Vikash Trust,-,Jehanabad
Best Model Public School,330299,"Hajipur, Jandaha, Vaishali",844505,612,2357332,-,-,tripti25jan2016@gmail.com,-,2007,Sri. Prabhat Kumar,Senior Secondary,Bhuwaneshwar Educational & Social Trust (best),-,Vaishali (Hajipur)
Bethel Mission School,330430,"Uttarpali,fulwari Road",855107,6456,9430874718,-,-,julianakavitha@gmail.com,http://www.bethelmission.hpage.com,1998,A Kavitha Juliana,Senior Secondary,Bethel Educational Sovereign Trust,-,Kishanganj
Bal Vikas Vidyalaya,330025,Shershah Roza Path Sasaram Rohtas Bihar,821115,6184,"226002, 22305",22058,-,patrickgerald16@gmail.com,-,1976,Gerald Patrick P,Senior Secondary,Bal Vikas Vid.managing Commiittee,-,Rohtas
Bhagwat Vidyapeeth,330171,Russi Chhawni Bhagwan Bazar Chhapra Saran Bihar,841301,6152,232341,1722699644,251455,aksinha16754@gmail.com,-,1994,Awadh Kumar Sinha,Senior Secondary,Ruri Manf Raj Trust,-,Saran (Chapra)
Bihar Public School,330267,"Ahirouli, Buxar, Bihar",802101,618,232009,-,06183-226323,principalbps@gmail.com,-,1997,Brij Bhushan Pandey,Senior Secondary,Maharshi Vishwamitra Development Foundation,-,Buxar
Bihar Public School,330570,"Bihar Public School,lalganj Sehra, P.o.- Sehra, P.s.- Paliganj, Patna, Bihar",801110,6135,06135277981,-,-,bpslalganjsehra@gmail.com,-,2012,Mrs. Rina Sinha,Senior Secondary,Vikrant Educational And Welfare Trust,-,Patna
Bihar Vikas Vidyalaya,330655,"Karmaini Mohabbat, P.o. + P.s.- Kuchaikote, Dist- Gopalganj, Bihar-841501",841501,91,9431252732,-,-,biharvikasvidyalaya@gmail.com,http://www.bbv.co.in,2011,Mr. Santosh Prasad Barnwal,Senior Secondary,Bihar Vikas Educational Trust,-,Gopalganj
Bihta Public School,330424,"Kishunpur, Po-bihtaps-bihta, Patna",801103,6115,9473098230,-,-,ubps.76u@gmail.com,www.bihtapublicschool.co.in,2008,Mr. Uday Kumar Singh,Senior Secondary,Ark Education & Welfare Trust,-,Patna
Bijendra Public School,330159,N H 31 Maranga Purenea Bihar,854301,6454,"223595, 240157",242331,240157,krishnancc5@gmail.com,http://www.bpspurnea.com,2002,Krishnan C C,Senior Secondary,Bijendra Memorial Society,-,Purnea
Bishop Scott Boys School,330726,"Chainpur, P.s.-gopalpur",800027,91,09798903550,-,6122356688,info@bishopscottboysschool.com,http://www.bishopscottboysschool.com,2015,Mr. Gracious.t.j.,Senior Secondary,Shri Jagannath Sita Educational And Social Development Sansthan,-,Patna
Bishop Eastcott School,331032,"Dahiyawan Tola Tari, Chapra (saran) Bihar",841301,-,8292582817,-,-,bishopeastcott55@gmail.com,http://www.bishopeastcottschoolchapra.com,2016,Miss Preeti  Kumari,Senior Secondary,Archana Kala Educational Trust,-,Saran (Chapra)
Bishop Scott Girls School,330453,"Brahmpur, Jaganpura, P.o.-subhash Nagar, Ps-ramkrishna Nagar,patna",800027,91,9471003549,-,0612-2359854,lindsy64@gmail.com,http://www.bishopscottschool.com,2009,Lindsy Dayalkumar,Senior Secondary,Shri Jagannath Sita Educational And Social Development Sansthan,-,Patna
Bihar Public School,330399,Pachora  Mathia,841226,6154,237509,-,-,binodpdsnh2@gmail.com,-,2006,Binod Prasad Sinha,Senior Secondary,Lok Bharti Social Welfare Educational Trust,-,Siwan
Bishop Scott Senior Secondary Girls School,330740,"Brahmpur, Jaganpura, Po - Subhash Nagar, Ps- Ramkrishna Nagar,",800027,91,7061717785,-,6122356688,principal@bishopscottssgs.com,http://bishopscottssgs.com/en/,2015,Mrs. Jyotsna Ranjan,Senior Secondary,Shri Jagannath Sita Educational And Social Development Sansthan,-,Patna
Birla Open Minds International School Turki Muzaff,330794,"Opposite J.m. Hospital, Turki, Muzaffarpur, Bihar, Pin - 844 127.",844127,-,9472699692,-,-,info@mybirlaschool.com,http://www.mybirlaschool.com,2017,Mrs. Binita Sinha,Secondary School,Parag Educational And Welfare Society,-,Muzaffarpur
Bless International School,330871,"Nh-31, Chisti Nagar, Makhar, Nawada (bihar) -805112",805112,-,09910896545,-,-,cmbisnwd@gmail.com,http://bisnawada.com/,2011,Mrs. Sudha Choudhary,Senior Secondary,Al- Qutub Educational Trust,-,Nawadah
Black Diamond Public School,330525,"At-gadi Katouna, Katouna, Dist-jamui, Bihar-811313",811313,91,7004275133,-,-,principalbdse@gmail.com,www.bdpsjamui.in,2010,Mr. Rajeev Kumar,Senior Secondary,Black Diamond Kalyan Sansthan,-,Jamui
Blue Bells Academy,330158,Ashokpuri Khajpura Complex Khagul Road Danapur Patna,801503,612,3218697,01675-240715,-,jaisrk3@gmail.com,-,1999,Rajesh Kumar Jaiswal,Senior Secondary,Shivam Educational Dev Institute,-,Patna
Blue Sky Public School,330538,"Mohmadpur Kothi Campus, Dholi, Pusa Road, Muzaffarpur",843121,621,2826503,-,6212826503,shashist@rediffmail.com,-,2009,Ashutosh Kumar,Senior Secondary,Shanti Educational Trust,-,Muzaffarpur
Bradford International School,330690,"Bradford International School, Karmalichak, Main Bye-pass Road, Nh-30, Near Didarganj Toll Tax Booth, Patna",800009,-,0612-3191444,-,0612-3191444,principalbradford@gmail.com,http://www.bradfordschool.in/,2014,Mr. A P Varma,Senior Secondary,Dharamyug Educational Trust,-,Patna
Bright Life Public School,330605,"Inglish (kiyakhap), Rafiganj",824125,6327,063272250511,-,-,brightlifeschool4@gmail.com,www.brightlifeschoolrafiganj.in,2011,Mr. Arvind Sharma,Senior Secondary,Abhimannu Memorial Educational Trust,-,Aurangabad
Braj Indu Gyan Bharti Public School,330558,"Moh-arun Nagar, Jalpar, Po-pakribarama",805124,-,9060743535,-,-,brajindugbs100@gmail.com,-,2010,Akhilesh Shukla,Senior Secondary,Bharti Educational Trust,-,Nawadah
Bright Career School,330246,"Careers Colony, Distt Purnea, Bihar",854301,6454,241318,2545951,6454222854,reemasulabh@gmail.com,http://www.brightcareerschool.com,2001,Reema Sharan,Senior Secondary,Soft Mind Development Research Centre,-,Purnea
Brilliant  Public School,330875,"Paleya, Makhdumpur, District ? Jehanabad (bihar)",804422,-,9430478301,-,-,bpsmakh20@gmail.com,http://www.bpsmakhdumpur.org/,2009,Mrs. Puja,Secondary School,"A,n,r Educational Trust",-,Jehanabad
Brilliant Public High School,330783,"Belaganj, Gaya, Bihar804403",804403,-,9955039840,-,-,brilliantpublichs@gmail.com,-,2013,Mr.sanjay Kumar,Senior Secondary,New Brilliant Development Foundation,-,Gaya
"Brahmadev Public School,Sitamarhi",330419,"Devangan, Dumra Road, Rajopatti,sitamarhi (bihar)",843302,6226,252314,-,-,brahmadevpublic@gmail.com,http://www.brilliantpublicschool.com,2007,Shiva Shaknar Ray,Senior Secondary,B.d.sah Foundation Trust,-,Sitamarhi
Brilliant Public School,331037,Chehrakalan Mahua Vaishali,844122,-,9934852524,-,-,drhrahmanhjp524@gmail.com,-,2010,Mrs. Kumari Archana,Secondary School,Al Rahmaneducational And Social Trust,-,Vaishali (Hajipur)
Bright Career Academy,330885,"Vill+p.o-mehsari,p.s-ujiyarpur,dist-samastipur",848114,-,7352906869,-,-,brightcareeracademy2002@gmail.com,-,2002,Mr. Sunil Kumar,Secondary School,Gurukul Anath Ashram,-,Samastipur
Brilliant Public School,330156,B P S Nagar Nizamuddinpur At Po Ps & Dist Jehanabad Bihar,804408,6114,225514,223223,-,ranjanabps@ymail.com,-,1981,Ranjana,Senior Secondary,A Brilliant Charitable And Dev Tru,-,Jehanabad
British English School,330483,"Vill- Gere, P.o.- Manpur, P.s. Mufassil, Gaya",823003,91,9931722099,-,-,britishenglishschoolgaya@gmail.com,-,2005,Bharti Sinha,Senior Secondary,Lila Foundation,-,Gaya
Buddha Mission School,330409,"Jagdeo Path, Nooranganj, Sasaram, Rohtas- 821115",821115,6184,9931543225,-,-,trilokbms@gmail.com,http://www.buddhamissionschool.in,2006,Mr. Nand Kishor Singh,Senior Secondary,Tathagat Educational Trust,-,Rohtas
Buddha Public School,330196,"Kachehari Dhalla, Saharsa, Bihar",852201,6478,227547,-,-,aratiprasad973@gmail.com,-,2001,Arati,Senior Secondary,S.s. Buddha Charitable Trust,-,Saharsa
Buddha Woodland School,330722,"Vill+p.o.-keonta, P.s.-dalsingsarai,dist.-samastipur, (bihar)-848114",848114,-,06278221322,-,-,basantkchoudhary@gmail.com,-,2012,Mr.prem Kumar Chaudhary,Secondary School,Krishna Enlightenment Foundation,-,Samastipur
Budha Public School,330840,"Narayanpur, East Champaran, Pin - 845 406, Bihar.",845406,-,9199388216,-,-,scpdkushwaha@gmail.com,-,2015,Mr. Suresh Kumar Sinha,Senior Secondary,Champaran Budha Shiksha Seva Sansthan,-,Champaran East
C S Dav Public School,330098,"Kotwa Road,bankat, Motihari,east Champaran,bihar-845401",845401,6252,"09264430777, 24128",-,290789,csdavps.motihari@gmail.com,http://www.davcsmotihari.org/,-,Mr. Pranav Kumar,Senior Secondary,-,-,Champaran East
C.M.D. Public School,330869,"Radhiya, Areraj, East Champaran",845458,-,9931014825,-,6258285060,cmdpublicschool2018@gmail.com,-,2012,Mr. Satyendra Kumar,Secondary School,Mahadev Educational & Welfare Trust,-
Cambridge International Academy,330652,"Singhia Hibbon,banjariya Thana, Motihari",845401,-,0943055669,-,6252302266,cambridge.motihari@gmail.com,-,2013,Mr. Bishnudeo Thakur,Senior Secondary,Kapileshwar Savitri Educational & Charitable Trust,-,Champaran East
Buddha World School,330812,Vill + Po + Ps + Dist -  Vaishali,844128,-,09798400004,-,-,65816@cbseshiksha.in,www.buddhaworldschool.com,2016,Dr. Sarika Malhotra,Senior Secondary,Sanskrit Development Foundation,-,Vaishali (Hajipur)
