Aadharshila,3330211,Village Bijabhat Bhatapara Raipur,493118,7726,220254,-,7726220912,aadharshilabyt@gmail.com,http://www.aadharshila.net,2014,Chhote Lal Shukla,Senior Secondary,Shree Aadharshila Shikshan Samiti,-,Raipur
Aadeshwar Academy,3330092,"Halba Kachora, Adawal, Jagdalpur, Distt Bastar, Chhattisgarh",494001,7782,264500,-,-,pradip_p111@yahoo.co.in,http://aadeshwaracademy.org,2006,Pradip Kumar Pandey,Senior Secondary,Jin Kushal Education Society,-,Bastar
Aadharshila Vidya Mandir,3330179,"Behind Govt. Engg. College, Ramtala Road, Koni",495009,775,2260085,-,07752-237268,principal.avmbsp@gmail.com,http://www.avmbsp.com,2011,Nitu Sharma,Senior Secondary,Sandipani Education Society,-,Bilaspur
Aaryan Public School,3330396,Opposite Urga Petrol Pump Urga,495677,-,7772030008,-,-,rsbeducationalsociety@gmail.com,-,2017,Mr. Mangal Murti Sharma,Middle Class,Rai Sahab Banwari Lal Educational Society,-,Korba
Aaryan Public School,3330402,"Korba, Champa Road , Urga , Korba",495677,-,7772030008,-,-,rsbeducationalsociety@gmail.com,www.apskorba.com,2017,Mrs. Neelam Singh,Secondary School,R.s.b.educational Society,-,Korba
Abhyuday School,3330199,"Sarodha Canal Road, Rajnandgaon Road, Kawardha Distt, Chhattisgarh",491559,9522,272239,-,07741-233232,principal@abhyuday.edu.in,http://www.abhyuday.edu.in,2012,Subhash Chandra Verma,Senior Secondary,Sudha Devi Trust,-,Kawardha
"Aastha Vidya Mandir English Medium, At. Education City",3320264,"Jawanga,p.o. Geedam, Distt. Dantewada , Chhattisgarh- 494 441",143001,7856,2244477,1832506162,-,santosh.pradhan197610@gmail.com,-,2000,Santosh Pradhan,Senior Secondary,Pioneer Institute Of Edu,-,Dantewada
Academic Brights Public School,3330261,-,496661,-,09575420094,-,-,academicbrightkharsia@gmail.com,-,2016,-,Senior Secondary,R.m.& Sumitra Education,-,Raigarh
Academic Heights Public School,3330270,"Tendudand, Vikaskhand- Manendragarh, Distt- Koriya, Chattisgarh",497442,-,07771243953,-,-,ahps5095@academicheights.in,www.manendragarh.academicheights.in,2013,Mr. P. Ravi Shankar,Senior Secondary,Sunsine Education Society,-,Koriya
Academic World School,3330168,"Vakrangee Foundation, Nh-30, Village-lolesara, Bemetara, Chhattisgarh",491335,7824,9179997333,-,07824-299294,academicworldschool@gmail.com,-,2010,Jashvir Chaudhary,Senior Secondary,Vakrangee Foundation,-,Durg
"Adani Vidya Mandir, Surguja",3330371,"Village : Salhi, Post : Dandgaon, Block : Udaipur, Surguja, Chhattisgarh - 497001",497001,-,9898645421,-,-,jatin.upadhyay@adanifoundation.com,http://www.adanividyamandir.org/,2013,Mr. Rajanikant Sharma,Secondary School,Adani Foundation,-,Surguja
Achievers International School,3330478,"Distt. Surajpur, 497223",497223,-,7999671694,-,-,achieversinternationalppur@gmail.com,http://www.aisppur.org,-,Shraddha Chaturvedi,Secondary School,Vidyasagar Educational And Social Welfare Foundation,-,Surajpur
Adarsh International School,3330417,"A-4, Sector 30, Naya Raipur",492002,-,8889020003,-,-,principalais@adarshvidyalaya.net,www.adarshvidyalaya.net/atalnagar,2016,Mrs. Jasveer Sarkar,Secondary School,Raipur Kerala Samajam,-,Raipur
Adarsh Vidyalaya English Medium,3330231,"Sec.-1, Udaya Society, Tatibandh",492099,771,2573303,-,-,pillaianil.24@gmail.com,http://www.adarshvidyalayatatibandh.ac.in,1994,Mr. Anil Pillai,Senior Secondary,Raipur Kerala Samajam,-,Raipur
Adeshwar Public School,3330234,Khamargaon Jagdalpur Bastar C.g. 494001,494001,7782,07782227744,-,-,adeshwarpublic@gmail.com,http://www.adeshwarpublicschool.com,2012,Mrs. Rani Mathew,Senior Secondary,Adeshwar Shikshan Samiti Raipur,-,Bastar
"Adarsh Vidyalalya, Adarsh Nagar, Mowa, Raipur, C.G.",3330118,"Adarsh Vidyalaya, Mowa,raipur",492007,771,07714046318,-,-,adarshvidyalaya2004rks@gmail.com,http://www.adarshvidyalayamova.edu.in,2004,Mrs. Sabita Chaturvedi,Senior Secondary,Raipur Kerala Samajam,-,Raipur
Agarwal Public School,3330269,"Plot B-4, Sector - 28",492015,-,07712430111,-,7712430111,info.apsnayaraipur@gmail.com,http://www.apsraipur.in,2018,Mrs. Rohini Thappa,Senior Secondary,Agarwal Charitable Trust,-,Raipur
Aghore Vidya Peetha,3330421,Pondi Dalha Akaltara,495552,-,7471111834,-,-,affiliations@indiaeducare.com,www.aghorevidyapeetha.org,2012,Mr. Suraj Prakash,Secondary School,Aghor Peeth Jan Seva Abhed Ashram Trust,-,Janjgir-champa
Agrsen International School,3330502,Vill.& Post-dagania,491221,-,8959593939,-,7882101662,agraseninter@gmail.com,http://www.agraseninternationalschool.in,2015,Mrs.p Annapurna,Secondary School,Bhilai Agrasen Education Society Bhilai,-,Balod
Ahilya International School,3330394,Ahilya International School Baloda Bazar Village-lahod,493526,-,7697437003,-,-,ahilyacbse@gmail.com,ahilyainternationalschool.com,2017,Miss Anjali,Secondary School,Ahilya Educational Society,-,Baloda Bazar
Akshar The School,3330210,"Sanjay Nagar, Ajab Nagar",497001,774,9203744440,-,-,ddrana17@gmail.com,-,2012,Digamber Dayal Rana,Secondary School,Padma Saraswati Educational Trust,-,Surguja
Allons Public School,3330059,Vill Bijabhat Bemetara Distt Bemetara Chhattisgarh,491335,7824,07824222508,-,7824222505,allons_ps@yahoo.co.in,www.allonsps.com,2003,Dr. Satyajit Hota,Senior Secondary,Jhai Ji Shikshan Samiti,-,Durg
Alpha Public School,3330361,"Opp. Indian Oil Petrol Pump, Raipur Road, Mungeli",495334,-,8103608888,-,-,apsmungeli@gmail.com,http://www.apsmungeli.com,2016,Mrs. Mousumi Mukherjee,Secondary School,Ashok Shikshan And Samaj Kalyan Samiti,-,Mungeli
Ambition Public School,3330277,"Dhutpur, Pandariya, Distt-kawardha (c.g.)",491559,1262,09993645450,1262,-,ambition.pandariya@gmail.com,-,2011,Dr.shiv Poojan Pandey,Secondary School,Sandeepani Shikshan Samiti,-,Kawardha
Ambuja Vidya Peeth,3330013,"Vill. & Post- Rawan, Dist. Baloda Bazar, Bhatapara,",493331,7727,220220,7727220142,220004,kpandeysanjay@yahoo.com,-,1988,Sanjay Kumar Pandey,Senior Secondary,Modi Charitable Trust,-,Raipur
Alok International School,3330267,"Shobha Vatika, Rajghatta, Po-kharsia, Dist-raigarh(c.g.)",496661,-,09516799202,-,-,alokinternationalschool@gmail.com,www.alokinternational.org,2016,Mrs. Kiran Tirkey,Secondary School,Shobha Shikshan Aom Prashikshansansthan,-,Raigarh
Amibition English Medium School,3330067,Pithampura Chowk Khuksha Jangger Chhattisgarh,495668,7759,229204,-,-,-,-,2003,Shri S Matiapatra,Secondary School,New Model Education Society,-,Janjgir-champa
Amresh Sharma Public School,3330146,"P.o. Bsi, Dhana, Durg (c.g.)",491001,788,9893496809,-,-,principalasps@gmail.com,-,2005,Rohini Rao,Senior Secondary,Adhyayn Shikshan Samiti,-,Durg
Angel Valley School,3330033,Opp. 32 Bangalows Hospital Sector Bhilai Chhattisgarh,490009,788,2242890,2212790,-,angelvalleybhilai@yahoo.co.in,-,1989,Mrs. Suma Shekar,Senior Secondary,Littel Angels Edn. Soceity,-,Durg
Aricent Public School,3330142,"Main Road , Patel Pali,nh-216,raigarh",496001,7762,233390,-,7762235121,sujatasusanta1964@gmail.com,-,2010,Dr  S K Maharana,Senior Secondary,Aricent Education Society,-,Raigarh
Arihant Academy,3330500,"Khasra No. 842, 843/4, 843/5, At Vill- Baghmara, Tehsil- Balod, District- Balod, Chhattisgarh",491226,-,6232100307,-,-,arihantacademybalod@gmail.com,www.arihantacademy.in,2019,Miss Upasana Vaidya,Secondary School,"Shri Jain Sewa Sansthan, Balod",-,Balod
Arundhati Govt Higher Sec School,3320091,Arang Raipur Chhattisgarh,493441,-,-,-,-,-,-,1970,-,Senior Secondary,Govt. Of Chhattisgarh,-,Raipur
Arunodaya Public School,3330366,Khasra No. 3096/1 P H No 1 At Village Karli,494441,-,07856225247,-,-,principal@arunodaya.ac.in,-,2015,Mrs. Nilima Rath,Senior Secondary,Shree Laxmi Devi Trust,-,Dantewada
Ashoka Public School,3330429,"Raipur Road,viil.chhiraha, Post- Kawardha,distt Kabirdham(kawardha) Cg",491995,-,09993149149,-,-,apskwd@gmail.com,http://www.ashokakawardha.in,2004,Mrs. Seema Mehar,Secondary School,Takshshila Shikshan Samittee,-,Kawardha
Ashoka Public School,3330191,"Raipur Road Sarangah, Raigarh",496445,7768,233905,-,-,jashbant.26@gmail.com,-,2008,Jashabanta Mishra,Senior Secondary,Shri Trolk Chand Agrawal Shikhan Samiti,-,Raigarh
Athena World School,3330251,"Village Bothlinear Amleshwar, Mahadeo Ghat Road",491111,-,9329004500,-,-,enquiry@athenaworldschool.com,http://www.athenaworldschool.com,2016,Mr. Sanjay Sharma,Senior Secondary,Knowledge Developing Society,-,Raipur
B S P Senior Sec School,3330012,Sector-vi Bhilai Nagar Dt Durg Chhattisgarh,490006,-,4993,-,-,sailbsp@vsnl.com,-,1981,Shri A B Palia,Senior Secondary,Bhilai Steel Plant Bhilai Nagar,-,Durg
B S P Sr Sec School,3330003,Sector X Bhilai Nagar Durg Chhattisgarh,490006,788,2855411,0788-2279872,-,arvindkumarverma@sail-bhilaisteel.com,-,1971,Arvind Kumar Varma,Senior Secondary,Bhilai Steel Plant,-,Durg
Bal Bharati Public School,3330083,"Ntpc, Tehsil - Sipat, Dist. Bilaspur",495558,7752,246607,-,-,s_nigs@yahoo.com,-,2004,Shalabh Nigam,Senior Secondary,Child Education Society,-,Bilaspur
Bailadila Iron Ore Project S Sec Sch,3330005,Kirandul Dantewada Chhattisgarh,494556,7857,255254,363,011-45161081,gautambiom@gmail.com,http://www.ppischool.com/,1966,R S Gautam,Senior Secondary,National Mineral Devp Corp Ltd,-,Dantewada
B S P Sr Sec School No.2,3330035,Sector 6 Bhilai Durg Chhattisgarh,490001,788,2858868,74937,220992,principalsss26@gmail.com,http://www.manavschool.co,1997,S K Bahadur,Senior Secondary,Bhilai Steel Plant,-,Durg
Beacon English Medium Higher Secondary School,3330108,"Korba, Katghora Shakti Nagar, Chhatisgarh.",495452,7815,275143,715454,-,noormasih.10@gmail.com,-,1994,Nuram Singh,Senior Secondary,Menno Christian Education Society,-,Korba
Bharat Mata Senior Secondary School,3330244,"Bharat Mata Senior Secondary School, Tatibandh, Raipur. 492099",492099,771,07712572485,-,-,jmjbms@rediffmail.com,www.jmjbharatmata.com,2015,Miss V.m.pushpalatha,Senior Secondary,"Society Of Jesus Mary And Joseph, Raipur",-,Raipur
Bethany Vidyalaya,3330041,Borsi Durg Chhattisgarh,491001,788,2344141,2324456,2273286,bethvid3330041@gmail.com,-,1991,Sister Prakash,Senior Secondary,Durg Bethani Society,-,Durg
Bharat Mata Sr.Sec.School,3330356,"Bharat Mata Sr.sec.school, Sector 26, Rakhi, Naya Raipur, C.g.",492015,-,7354102283,-,-,bharatmatanayaraipur@gmail.com,http://www.bharatmataschoolnayaraipur.com,2015,Miss Thomasamma Pedakotla,Senior Secondary,Society Of Jesus Mary Joseph Of Raipur,-,Raipur
Bhilai Nair Samajam English Medium Higher Secondary School,3330194,"Sector-8, Bhilai, Durg Chhattisgarh",490006,788,2276913,-,7882220494,bnsschool76@gmail.com,-,1976,Padmaja Nand Kumar,Senior Secondary,Bhilai Nair Samajam,-,Durg
Bhilai Public School,3330229,"Maroda, Bhilai",490001,788,2265630,-,-,bpsbhilai@gmail.com,-,1980,Shakuntala Yadev,Senior Secondary,Pragatisheel Shiksha Samiti Bhilai,-,Durg
Brahmavid The Global School,3330365,"Brahmavid The Global Schoolbahatogaon Road,  Towards Mahadev Ghat,  Bhatagaon",492001,-,07772998877,-,-,cbse@brahmavid.com,http://www.brahmavid.com,2013,Mrs. Vinita Sharma,Middle Class,Ask Edifying Foundation,-,Raipur
Bnb Higher Secondary School,3320081,Neora Raipur Chhattisgarh,-,-,-,-,-,-,-,-,-,Senior Secondary,-,-,Raipur
Bhavans R.K. Sarda Vidya Mandir,3330156,"Gsi-ti Via Mcf Saddu-baronda Road,vill: Baronda",493111,771,6619701,-,0771 4221270,principal@bvbraipur.org,bvbraipur.g,2009,Amitava Ghosh,Senior Secondary,Bharatiya Viya Bhavan,-,Raipur
Brighton International School,3330153,"Near Vidhan Sabha, Zero Point, Off Baloda Bazar Road, Village: Nardaha, Po: Gsi",493111,771,6067670,-,7712426879,principal@brightoninternational.in,http://www.brightoninternational.in,2010,Jayshree Nair,Senior Secondary,Prathistha Educational Society,-,Raipur
Brilliant Public School,3330362,"Near Azad Chowk, Nh-49village- Banari",495668,-,07817296238,-,-,bpsjanjgir@gmail.com,http://www.bpsjanjgir.com,2016,Mrs. Sonali Singh,Senior Secondary,21st Century Education Society,-,Janjgir-champa
Brilliant Public School,3330374,"Stadium Road, Tulsi Nagar Square, Korba",495678,-,07759291199,-,9111992000,bpskorba@yahoo.com,http://www.brilliantkorba.com,2017,Dr. Smita Shukla,Secondary School,Khemchand Goyal Educational Society,-,Korba
Brilliant Public School,3330408,"Seepat Road, Bahatarai, Bilaspur",495006,-,8251822774,-,8251822774,bilaspur.bps@gmail.com,http://www.bpsbilaspur.com/,2017,Mrs. Sangeeta Mishra,Secondary School,Brilliant Public School Society,-,Bilaspur
Bsp Sr Secondary School,3330039,Sec Vii Bhilai Nagar Distt Durg Chhattisgarh,490006,788,2855144,788,-,"indiraachari@sail-bhilaisteel.com, iachari59@gmail",-,1961,Sumita Sarkar,Senior Secondary,Bhilai Steel Plant,-,Durg
Campion School Raipur,3330222,Vidhan Sabha Road,493111,771,09827135656,-,-,lakralakraji@gmail.com,http://www.campionraipur.com,2007,Mr. Ravindra Lakra,Senior Secondary,Madhya Pradesh Jesuits,-,Raipur
Career Point World School,3330209,"Beside Radha Soami Satsang Beas, Dheka-masturi Road,",495001,7752,414963,-,7752406523,pricipal@cpwsbilaspur.com,http://www.cpbilaspur.com,2005,Dr Prerna Hiradhar,Senior Secondary,Swargiya Harbhajan Singh Chawla Smriti Sewa Sansthan,-,Bilaspur
Burgess English Hr Sec School,3330043,Link Road Bilas Pur Chhattisgarh,495001,7752,07752428652,-,220516,besbsp2015@gmail.com,burgessenglish.com,1969,Mrs. Nishita Hansa Das,Senior Secondary,"Board Of Education, Cni, Jabalpur Diocese, Jabalpur",-,Bilaspur
Brillant Public School,3330074,Mission Hospital Road Bilaspur Chhattisgarh,495001,7752,8251822772,-,-,directorprincipalbrilliant@gmail.com,-,2001,Shruti Gupta,Senior Secondary,Maharishi Shiksha Sansthan,-,Bilaspur
Career Public School,3330196,"Behind Ambedkar Bhawan, Mudapar Bazar",495677,7759,6268921464,-,7759245999,basubaral@gmail.com,www.viswadeepthi.org,1994,Mr Munno Singh,Senior Secondary,Kba Creative Career Society,-,Korba
Dav Mukhyamantri Public School,3320190,"Patratu Block Rajpur, Distt. Balrampur, Chattisgarh",497101,-,94063242934,9406130310,-,patratumodelschool.gmail.com,-,2005,Vinay Kumar Ambastha,Senior Secondary,S.K. Shiksha Samiti,-
Dav Mukhyamantri Public School,3320199,"Chnta Konta Hq Awapalli Blocfk Uso Dist Gujarat, Bijapur, Chattisgarh",497101,-,94063242934,94247368973,-,manikgupta58@gmail.com,-,2005,Mamidai Pravhakar Rao,Senior Secondary,S.K. Shiksha Samiti,-
Dav Mukhyamantri Public School,3320248,"Dharampura, Block Kawardha, Distt, Kabirdham, Chhattisgarh",110019,11,9406417102,26119395,-,-,-,1980,"Jaleshram, Chandra Wanshi",Secondary School,Delhi Administration,-
Dav Mukhyamantri Public School,3320236,"Sulenga, Block & Distt- Narayan Pur, Chhattisgarh",494228,-,9407731734,9479107307,-,-,-,1970,P.K.Tiwari,Secondary School,Ditrecat Of Education Delhi Adm N,-
Dav Mukhyamantri Public School,3320222,"Janta Block, Bematara, Block Kiya , Chhattisgarh",495559,-,9424128750,9406026725,-,modelschooljanta@gmail.com,-,1970,S.L. Dhruw,Secondary School,Ditrecat Of Education Delhi Adm N,-
Dav Mukhyamantri Public School,3320257,"Lohandi, Guda, Basatar, Chhattisgarh",495334,-,9424270591,9407750762,-,thakurromanchal@gmail.com,-,1980,Mr Ashok Khaperde,Secondary School,Delhi Administration,-
Dav Mukhyamantri Public School,3320251,"Dev Khargaon, Block & Distt. Kondagaon, Chhattisgarh",495001,-,9424291790,-,-,mpdharp003@rediffmail.com,-,1980,Mahendra Nath Pandey,Secondary School,Delhi Administration,-
Dav Mukhyamantri Public School,3320233,"Dongartari, Block- Pondi Upra, Post- Bhawar",494228,-,9424744544,9424280807,-,-,-,1970,Smt Ganga Kaushik,Secondary School,Ditrecat Of Education Delhi Adm N,-
Dav Mukhyamantri Public School,3320235,"Melasnau, Block & Tehsil- Bhairamgarh, Distt- Bijapur, Chhattisgarh",494228,-,9424293146,9754897180,-,-,-,1970,Anil Kumar Merawi,Secondary School,Ditrecat Of Education Delhi Adm N,-
Dav Mukhyamantri Public School,3320205,"Teh. Bloda, Bazar, Po, Amera, Palari, Distt Bloda Bazar, Bhatapara",110005,11,9425524203,27111207,-,modelschoolsakri@gmail.com,-,1929,B. Singh,Secondary School,Saroj Bala Bansal,-
Dav Mukhyamantri Public School,3320193,"Kalamanjan, Odgi, Block Odgi, Tehsil& Teh. Thane, Odgi, Surajpur, Mainroad, Chattisgarh",497224,-,9617030871,969104048,-,manikgupta58@gmail.com,-,2005,N.R. Bharti,Secondary School,S.K. Shiksha Samiti,-
Dav Mukhyamantri Public School,3320241,"Jandi, Block- Bhaiyathan, Distt. Surajpur, Chhattisgarh",497101,-,9617040884,969104048,-,rmsachg@gmail.com,-,1970,Mr. N.Ram,Senior Secondary,Dir. Of Edu.,-
Dav Mukhyamantri Public School,3320216,"Mumgjhar, Distt- Gariaband, Deodho, Chhattisgarh",496224,-,9691352094,-,-,fryadav18@gmail.com,-,1970,Nirmal Singh Dhruv,Secondary School,Ditrecat Of Education Delhi Adm N,-
Dav Mukhyamantri Public School,3320231,"Badedongar, Block- Phrasgaon, Kondagaon, Chhattisgarh",494228,-,9755788728,9424280807,-,-,-,1970,Mr S.P. Kujar,Secondary School,Ditrecat Of Education Delhi Adm N,-
Dav Mukhyamantri Public School,3320204,"Kutri, Block Lmi, Mungli Distt, Chattisgarh",110005,11,9893694088,27111207,-,p.brijesh@yahoo.com,-,1929,Paras Dhrun,Senior Secondary,Saroj Bala Bansal,-
Dav Mukhyamantri Public School,3320255,"Birgaon, (Fulwari)Block & Distt. Mungeli, Chhattisgarh",495334,-,9826735316,-,-,-,-,1980,Mr Dilip Singh Kashyap,Secondary School,Delhi Administration,-
Dav Mukhyamantri Public School,3320232,"Janjara, Block & Post- Katgha, Chhattisgarh",494228,-,9907424986,9424280807,-,-,-,1970,R.K. Tiwari,Secondary School,Ditrecat Of Education Delhi Adm N,-
Dav Mukhyamantri Public School,3320229,"Block Masturi, Distt. Bilaspur, Chhattisgarh",495682,-,9981284674,-,-,-,-,1970,Bhagat Singh,Secondary School,Ditrecat Of Education Delhi Adm N,-
Dav Mukhyamantri Public School,3320253,"Sarbha Ara, Gaurella, Bilaspur, Chhattisgarh",495001,-,9993067351,-,-,vktomar99@gmail.com,-,1980,Sri Rajkaran Singh Tomar,Secondary School,Delhi Administration,-
Dav Mukhyamantri Public School,3320242,"Ladwa, Block-Pandaria, Distt. Kabirdham, Chhattisgarh",497101,-,9993243431,969104048,-,rmsachg@gmail.com,-,1970,G.P. Benarjee,Secondary School,Dir. Of Edu.,-
Dav Mukhyamantri Public School,3320191,"Vhawarmal Post Chandarnagar, Balrampur, Chattisgarh",-,-,-,969104048,-,rmsaprincipal@dtls@gmail.com,-,2005,Pyare Lal Singh,Senior Secondary,S.K. Shiksha Samiti,-
Dav Mukhyamantri Public School,3320262,"Mokhpal, Block- Katekalyan, At/Post- Mokhpal, Via- Nakulnar, Dist. Dantewada, Chhattisgarh",494552,-,07587023692,-,-,-,-,1980,Ablam Kumar Baghel,Secondary School,Delhi Administration,-,Dantewada
Dav Mukhyamantri Public School,3320226,"Ponta, Distt- Sukma, Chhattisgarh",494111,-,09406227629,-,-,srinicgknt@gmail.com,-,1970,S. Sriniwas Rao,Secondary School,Ditrecat Of Education Delhi Adm N,-,Dantewada
Dav Mukhyamantri Public School,3320238,"Kumhar Distt, Dantewada, Chhattisgarh",494001,-,9406004222,-,-,babita.donare@gmailcom,-,1970,Smt Babia Dohary,Secondary School,Ditrecat Of Education Delhi Adm N,-,Dantewada
Dav Mukhyamantri Public School,3320246,"Hitawar, Block. Kuakonda, Distt. Dantewara, Chhattisgarh",494553,-,9406226002,-,-,-,-,1970,A.R. Dhruv,Secondary School,Dir. Of Edu.,-,Dantewada
Dav Mukhyamantri Public School,3320240,"Murtonda, Sukma, Distt., Chhattisgarh",494111,-,9424291214,-,-,-,-,1970,Smt Trisa Detaila Das,Secondary School,Ditrecat Of Education Delhi Adm N,-,Dantewada
Dav Mukhyamantri Public School,3320214,"Kukrab, Block- Pamgarh, Distt-Janigir-Champa, Chhattisgarh",495554,-,9479216252,-,-,-,-,1970,-,Secondary School,Ditrecat Of Education Delhi Adm N,-,Jangir-Champa
Dav Mukhyamantri Public School,3320217,"Kansabel, Distt Jashpur, Chhattisgarh",496224,-,09755639151,881724688,-,kamalkant1961@gmail.com,-,1970,Kamal Kant Mishra,Secondary School,Ditrecat Of Education Delhi Adm N,-,Jashpur
Dav Mukhyamantri Public School,3320207,"Pandari Pani, Distt-Jaspur, Chhattisgarh",493888,703,9406271951,9893098611,-,rrnishad51gmail.com,-,1929,Sh. K.S. Dhruwa,Secondary School,Saroj Bala Bansal,-,Jashpur
Dav Mukhyamantri Public School,3320215,"Bagicha, Distt- Jashpur, Chhatisgarh",496224,-,9827957879,-,-,fryadav18@gmail.com,-,1970,F.R. Yadav,Secondary School,Ditrecat Of Education Delhi Adm N,-,Jashpur
Dav Mukhyamantri Public School,3320220,"Belgaon, Block Makri, Ponda Gaon, Chhattisgarh",495559,-,9907839757,-,-,-,-,1970,M.S. Otti,Secondary School,Ditrecat Of Education Delhi Adm N,-,Kawardha
Dav Mukhyamantri Public School,3320258,"Badmar, Kartala, Distt Korba, Chhattisgarh",492001,-,9406031959,-,-,-,-,1980,-,Secondary School,Delhi Administration,-,Korba
Dav Mukhyamantri Public School,3320250,"Block. Pali, Post Saila, Distt Korba, Chhattisgarh",495449,-,9406270830,-,-,-,-,1980,Smt P.Sriwas,Secondary School,Delhi Administration,-,Korba
Dav Mukhyamantri Public School,3320228,"Kharmora, Block & Post - Korba, Chhattisgarh",495682,-,9926133766,-,-,privinita12@gmail.com,-,1970,Smt. V.A. Das,Secondary School,Ditrecat Of Education Delhi Adm N,-,Korba
Dav Mukhyamantri Public School,3320224,"Kachhand, Distt. Koriya, Chhattisgarh",497559,-,9009860362,-,-,-,-,1970,C.P. Dwiredi,Secondary School,Ditrecat Of Education Delhi Adm N,-,Koriya
Dav Mukhyamantri Public School,3320212,Janakpur(Bhagwan Pur) Block & Teh Bharatpur. Distt-Kia,497778,11,23559045,27430024,-,-,-,1970,Sh Bihari Lal Sharma,Secondary School,Ditrecat Of Education Delhi Adm N,-,Koriya
Dav Mukhyamantri Public School,3320219,"Sakaria Vill. Post Office,Pondi, Bachara, Distt- Koriya, Chhattisgarh",497449,-,9669604151,-,-,-,-,1970,Sh R.L. Manhar,Secondary School,Ditrecat Of Education Delhi Adm N,-,Koriya
Dav Mukhyamantri Public School,3320208,"Kunjara, Distt, Raigarh, Chhattisgarh",493888,703,9424192924,9893098611,-,rrnishad51gmail.com,-,1929,Piyarsai Bhagat,Secondary School,Saroj Bala Bansal,-,Raigarh
Dav Mukhyamantri Public School,3320244,"Tikuliya, Block. Bhatapara, Distt. Baloda Bazar, Chhattisgarh",493332,-,7587148779,-,-,-,-,1970,S.K. Bhriegu,Secondary School,Dir. Of Edu.,-,Raipur
Dav Mukhyamantri Public School,3320247,"Chharchhed, Tehsil. Kasdol, Distt. Baloda Bazar, Chhattisgarh",493332,-,9009304422,-,-,-,-,1970,Chandresh Sai,Secondary School,Dir. Of Edu.,-,Raipur
Dav Mukhyamantri Public School,3320197,"Kanak Nagar, Block, Pratappur, Distt Surguja, Chhattisgarh",497101,-,09406274233,969104048,-,manikgupta58@gmail.com,-,1970,K.B. Yadav,Senior Secondary,Dir. Of Edu.,-,Surguja
Dav Mukhyamantri Public School,3320196,"Karanki Block, Lundra, Distt. Surguja, Chattisgarh",497101,-,09926128624,969104048,-,manikgupta58@gmail.com,-,2005,Sunil Dutt Pandey,Senior Secondary,Satyam Educational Health And Charitable Trust,-,Surguja
Dav Mukhyamantri Public School,3320202,"Parsa, Ambikapur, Surguja, Chattisgarh",110005,11,09926147720,27111207,-,p.brijesh@yahoo.com,-,1929,Dr. Brijesh Pandey,Secondary School,Saroj Bala Bansal,-,Surguja
Dav Mukhyamantri Public School,3320203,"Narmadapur, Surguja, Chhattisgarh",497001,11,7828139526,27111207,-,p.brijesh@yahoo.com,-,1929,Arjun Prasad Singh,Senior Secondary,Saroj Bala Bansal,-,Surguja
Dav Mukhyamantri Public School,3320194,"Kewari, Lakhanpur, Block Lakhanpur, Surguja",497224,-,9424249429,969104048,-,manikgupta58@gmail.com,-,2005,Sh. Satyanarayan Singh,Senior Secondary,Satyam Educational Health And Charitable Trust,-,Surguja
Dav Mukhyamantri Public School,3320195,"Bhatco, Batauli, Surguja",497101,-,8889763800,969104048,-,manikgupta58@gmail.com,-,2005,Mr. C.R. Miri,Senior Secondary,Satyam Educational Health And Charitable Trust,-,Surguja
Dav Mukhyamantri Public School,3320223,"Tilishwa Block & Distt. Surajpur, Chhattisgarh",497229,-,9926192272,-,-,-,-,1970,K.D. Toppo,Secondary School,Ditrecat Of Education Delhi Adm N,-,Surguja
Dav Pub School,3330025,Bacheli Distt Dantewada Chhattisgarh,494553,-,-,-,-,-,-,-,-,Senior Secondary,-,-,Dantewada
Dav Mukhyamantri Public School Dharamjaigarh,3330284,"Ward No-1, Dharamjaigarh Colony, Post-shaha Pur, Dharamjaigarh, Dist- Raigarh (c.g) Pin-496 116",497224,7762,214392,969104048,-,davmpsdgh9@gmail.com,-,2005,Sunil Mahajan,Senior Secondary,S.k. Shiksha Samiti,-,Surajpur
Dav Public School,3330034,Secl Chhal Distt. Raigarh Chhattisgarh,496665,7766,277707,-,7766277707,kd.sharma62@yahoo.in,-,1995,Krishna Datta Sharma,Senior Secondary,Dav College Managing Committee,-,Raigarh
Dav Public School,3330036,Bhatgaon Area Secl Surguja Chhattisgarh,497235,7775,278598,07775-278685,278606,skmdav@gmail.com,-,1997,Surendra Kumar Mishra,Senior Secondary,Dav College Managing Committee,-,Surguja
"Dav Public School, Kirandul",3330281,"Dav Public School, Kirandul, B.i.o.m., Kirandul Complex, Dist - Dantewada",494556,-,07857255149,-,-,davkirandul@gmail.com,http://www.davpskirandul.com,1990,Mr. Chittaranjan Ghosal,Senior Secondary,"Dav College Trust And Management Society, New Delhi",-,Dantewada
Davara International School - Abhanpur,3330184,"Cit Campus, Belwahdih, Abhanpur",493661,771,9826959300,-,0771-6060006,disraipur@yahoo.com,-,2012,Purnima Sahu,Senior Secondary,Manav Rachna Education Society,-,Raipur
Davara International School,3330185,"Davara Colony, Near Ramkrishna Care Hospital, Pachpedi Naka",492001,771,07712535144,-,0771 2538434,disraipur@yahoo.com,-,2011,Mrs. Vinita Jha,Senior Secondary,Manav Rachna Education Society,-,Raipur
Deepti Convent School,3330205,Aghanpurp.o. Dharampura,494005,7782,229475,-,-,srsaumyasabs@gmail.com,-,1992,Sr Cicy Joseph,Senior Secondary,Adharana Society,-,Bastar
Delhi Public School,3330009,Risali Sector Bhilai Dt. Durg Chhattisgarh,490006,788,"2273545, 2037",2241177,2273622,parshant.vashishta@gmail.com,www.dpsbhilai.in,1985,Parshant Vashistha,Senior Secondary,Delhi Public School Society,-,Durg
Delhi Public School,3330060,Bilaspur Raipur Road Tifra Bilaspur Chhattisgarh,495223,7752,"420293, 242243",7752420776,420292,principal@dpsbilaspur.com,http://www.dpsbilaspur.co,2004,Jaspal Singh Math,Senior Secondary,Delhi Public Sch Society,-,Bilaspur
Delhi Public School,3330126,"Gram - Banbhedi, Nagpur Road, N.h. 6, Rajnandgaon",491441,774,8223091999,-,-,dpsrjn@gmail.com,www.dpsrjn.in,2009,Mrs. Urmila Dixit,Senior Secondary,Kamla Vijay Charitable Foundation (society),-,Rajnandgaon
Delhi Public School,3330051,Junwani Road Durg Chattisgarh,490020,788,"2287000, 2352240",9.93E+19,2216371,dpsdurg@gmail.com,www.dpsdurg.com,2003,Anupal Sagar,Senior Secondary,D P S Society,-,Durg
Delhi Public School,3330171,"Scholar's Zone, Vill- Ghuthiya, Madwa Plant  Road",495671,7819,245527,-,-,principal.dpsjc@outlook.com,http://www.dpschampa.com,2011,Mani Bhushan Choubey,Senior Secondary,Ramgopal Dewangan Memorial Society,-,Janjgir-champa
Dav Mukhyamantri Public School,3330309,"Sakaria Vill. Post Office,pondi, Bachara, Distt- Koriya, Chhattisgarh",497449,777,1266804,-,-,m23021966@gmail.com,-,1970,Madhuri Shukla,Senior Secondary,Ditrecat Of Education Delhi Adm N,-,Koriya
Dav Mukhyamantri Public School,3330308,"Singanpur Block- Tokapal, Bastar, Chhhattisgarh",496224,7857,230086,881724688,-,davmmpssinghanpur@gmail.com,-,1970,Sujeet Kumar Sharma,Senior Secondary,Ditrecat Of Education Delhi Adm N,-,Bastar
Dav Mukhyamantri Public School,3330310,"Belgaon, Block Makri, Ponda Gaon, Chhattisgarh",495559,-,000000000000000,-,-,vksrock2013@gmail.com,-,1970,Dr Vijay Kumar Singh,Senior Secondary,Ditrecat Of Education Delhi Adm N,-,Kawardha
Dav Mukhyamantri Public School,3330311,"Gudrapara, Garkha, Block -keshkan, Distt. Kondagaon, Chhattisgarh",495559,7748,285109,9406026725,-,davmmps.kgn@gmail.com,-,1970,C M Pandey,Senior Secondary,Ditrecat Of Education Delhi Adm N,-,Kondagaon
Dav Mukhyamantri Public School,3330313,"Tilishwa Block & Distt. Surajpur, Chhattisgarh",497229,-,7470792272,-,-,sparkskv8@gmail.com,-,1970,Dr Santosh Kumar Verma,Senior Secondary,Ditrecat Of Education Delhi Adm N,-,Surguja
Dav Mukhyamantri Public School,3330312,"Janta Block, Bematara, Block Kiya , Chhattisgarh",495559,7748,7470792230,9406026725,-,prernachauhan26@gmail.com,-,1970,Prenrna Singh Chauhan,Senior Secondary,Ditrecat Of Education Delhi Adm N,-,Bemetara
Dav Mukhyamantri Public School,3330315,"Jabanga Edu City, Post, Dantewada, Chhattisgarh",494441,-,9406093746,-,-,santosh.pradhan@yahoo.com,-,1970,Santosh Kumar Pradhan,Senior Secondary,Ditrecat Of Education Delhi Adm N,-,Dantewada
Dav Mukhyamantri Public School,3330314,"Kachhand, Distt. Koriya, Chhattisgarh",497559,7771,266802,-,-,singhsurendra5464@gmail.com,-,1970,Surendra Singh,Senior Secondary,Ditrecat Of Education Delhi Adm N,-,Koriya
Dav Mukhyamantri Public School,3330317,"Gondhi, Bilaspur, Chhattisgarh",495001,91,7470792231,-,-,pushpborder@gmail.com,-,1970,Pushpendra Dwivedi,Senior Secondary,Ditrecat Of Education Delhi Adm N,-,Bilaspur
Dav Mukhyamantri Public School,3330316,"Ponta, Distt- Sukma, Chhattisgarh",494111,786,4254258,-,-,msashikumar71@yahoo.co.in,-,1970,M Sashi Kumar,Senior Secondary,Dav College Management Committee Alongwith Govt. Of Chhattisgarh.,-,Dantewada
Dav Mukhyamantri Public School,3330318,"Kharmora, Block & Post - Korba, Chhattisgarh",495682,-,7470792241,-,-,gobardhanmeher72@gmail.com,-,1970,Gobardhan Meher,Senior Secondary,Ditrecat Of Education Delhi Adm N,-,Korba
Dav Mukhyamantri Public School,3330319,"Block Masturi, Distt. Bilaspur, Chhattisgarh",495682,91,9039562503,-,-,davmps.parsadaved@gmail.com,-,1970,Shweta Shrivastava,Senior Secondary,Ditrecat Of Education Delhi Adm N,-,Bilaspur
Dav Mukhyamantri Public School,3330320,"Ulnar, Block- Bakawand, Distt- Bastar, Chhattisgarh",495682,785,230086,9406284438,-,principal.ulnar@gmail.com,-,1970,N Sunaina,Senior Secondary,Ditrecat Of Education Delhi Adm N,-,Bastar
Dav Mukhyamantri Public School,3330321,"Badedongar, Block- Phrasgaon, Kondagaon, Chhattisgarh",494228,-,000000000000,9424280807,-,nnroy1969@gmail.com,-,1970,Nitindra Narayan Roy,Senior Secondary,Ditrecat Of Education Delhi Adm N,-,Kondagaon
Dav Mukhyamantri Public School,3330323,"Dongartari, Block- Pondi Upra, Post- Bhawar",494228,7470,792245,9424280807,-,hemanto66846@gmail.com,-,1970,Hemanto Mukherjee,Senior Secondary,Ditrecat Of Education Delhi Adm N,-,Bastar
Dav Mukhyamantri Public School,3330322,"Janjara, Block & Post- Katgha, Chhattisgarh",494228,747,0792243,9424280807,-,rajrekha.shukla@rediffmail.com,-,1970,Dr  Raj Rekha Shukla,Senior Secondary,Ditrecat Of Education Delhi Adm N,-,Bastar
Dav Mukhyamantri Public School,3330324,"Khamharia, Distt- Baloda Bazar, Bhatapara, Chhattisgarh",494228,7729,7470792226,9424280807,-,2575dhanesh@gmail.com,-,1970,Dhaneshwari Patel,Senior Secondary,Ditrecat Of Education Delhi Adm N,-,Baloda Bazar
Dav Mukhyamantri Public School,3330325,"Melasnau, Block & Tehsil- Bhairamgarh, Distt- Bijapur, Chhattisgarh",494228,9406,044715,9754897180,-,lokeshkumar.sahu5@gmail.com,-,1970,Lokesh Kumar Sahu,Senior Secondary,Ditrecat Of Education Delhi Adm N,-,Bijapur
Dav Mukhyamantri Public School,3330327,"Vishrampuri, Block- Bade Rajpur, Konda Gaon, Chhattisgarh",494228,91,7470792264,9479107307,-,DAVMMPS.KGN@GMAIL.COM,-,1970,Cm Pandey,Senior Secondary,Ditrecat Of Education Delhi Adm N,-,Kondagaon
Dav Mukhyamantri Public School,3330326,"Sulenga, Block & Distt- Narayan Pur, Chhattisgarh",494228,-,7587475314,9479107307,-,sunilbspr@gmail.com,-,1970,K Sunil Kumar,Senior Secondary,Ditrecat Of Education Delhi Adm N,-,Narayanpur
Dav Mukhyamantri Public School,3330328,"Kumhar Distt, Dantewada, Chhattisgarh",494001,7587,255149,-,-,asitbose123@gmail.com,-,1970,Asit Baran Bose,Senior Secondary,Ditrecat Of Education Delhi Adm N,-,Dantewada
Dav Mukhyamantri Public School,3330331,"Jandi, Block- Bhaiyathan, Distt. Surajpur, Chhattisgarh",497101,7775,9131915106,969104048,-,yadavashokkumar064@gmail.com,-,1970,Ashok Kumar Yadav,Senior Secondary,Dir. Of Edu.,-,Surajpur
Dav Mukhyamantri Public School,3330330,"Murtonda, Sukma, Distt., Chhattisgarh",494111,786,4284100,-,-,gsrbtml36@gmail.com,-,1970,Gudipati S V Subba Rao,Senior Secondary,Ditrecat Of Education Delhi Adm N,-,Dantewada
Dav Mukhyamantri Public School,3330329,"Chha, Vill/teh/block, Police Station, Distt Narayan Pur, Chhattisgarh",494001,-,9407781465,9424286282,-,DAVMMPSORCHHA@GMAIL.COM,-,1970,Suman,Senior Secondary,Ditrecat Of Education Delhi Adm N,-,Narayanpur
Dav Mukhyamantri Public School,3330332,"Ladwa, Block-pandaria, Distt. Kabirdham, Chhattisgarh",497101,7754,7470792240,969104048,-,shankarmanoj14@gmail.com,-,1970,Manoj Shankar,Senior Secondary,Dir. Of Edu.,-,Kabirdham
Dav Mukhyamantri Public School,3330333,"Tikuliya, Block. Bhatapara, Distt. Baloda Bazar, Chhattisgarh",493332,-,7223027077,-,-,santosh.ropar@gmail.com,-,1970,Santosh Kumar,Senior Secondary,Dir. Of Edu.,-,Raipur
Dav Mukhyamantri Public School,3330335,"Hitawar, Block. Kuakonda, Distt. Dantewara, Chhattisgarh",494553,7857,255149,-,-,singh.rl66@gmail.com,-,1970,R L Singh,Senior Secondary,Dir. Of Edu.,-,Dantewada
Dav Mukhyamantri Public School,3330334,"Dei Khurd, Block, Takhatpur, Distt. Bilaspur, Chhattisgarh",495330,775,2240262,-,-,principaldav.devri@gmail.com,-,1970,Rakesh Kuttan,Senior Secondary,Dir. Of Edu.,-,Bilaspur
Dav Mukhyamantri Public School,3330336,"Chharchhed, Tehsil. Kasdol, Distt. Baloda Bazar, Chhattisgarh",493332,-,7470792227,-,-,bhuvanendradavplp@gmail.com,-,1970,Bhuvanendra Singh,Senior Secondary,Dav College Management Committee Alongwith Govt. Of Chhattisgarh.,-,Raipur
Dav Mukhyamantri Public School,3330339,"Block. Pali, Post Saila, Distt Korba, Chhattisgarh",495449,-,7470792244,-,-,himansu.kuanar72@gmail.com,-,1980,Himansu Kuanar,Senior Secondary,Delhi Administration,-,Korba
Dav Mukhyamantri Public School,3330338,"Kumhari, Marwahi, Distt. Bilaspur, Chhattisgarh",495001,7752,240262,-,-,rashmimishra5771@gmail.com,-,1980,Rashmi Mishra,Senior Secondary,Delhi Administration,-,Bilaspur
Dav Mukhyamantri Public School,3330337,"Dharampura, Block Kawardha, Distt, Kabirdham, Chhattisgarh",110019,7741,7470792239,26119395,-,nagalaxmimvs40@gmail.com,-,1980,Mvsnagalaxmi,Senior Secondary,Delhi Administration,-,Kabirdham
Dav Mukhyamantri Public School,3320200,"Kalamanjan, Odgt, Teh & Thana, Distt- Surajpur, Main Road, Chhattisgarh",497229,-,-,-,-,-,-,2005,N.R. Bharati,Senior Secondary,Satyam Educational Health And Charitable Trust,-
Dav Mukhyamantri Public School,3330340,"Dev Khargaon, Block & Distt. Kondagaon, Chhattisgarh",495001,7470,792261,-,-,pldavdevkhergaon@gmail.com,-,1980,C M Pandey,Senior Secondary,Delhi Administration,-,Kondagaon
Dav Mukhyamantri Public School,3320256,"Jareli,(Pendri), Block, Atharia, Distt. Mungeli",495334,-,-,-,-,-,-,1980,Man Singh Rajput,Secondary School,Delhi Administration,-
Dav Mukhyamantri Public School,3330341,"Chhindwara, Block, Darbha, Distt. Bastar, Chhattisgarh",495001,785,230086,-,-,davmmpsgumadpal@gmail.com,-,1980,Rakesh Sahu,Senior Secondary,Delhi Administration,-,Bastar
Dav Mukhyamantri Public School,3330342,"Sarbha Ara, Gaurella, Bilaspur, Chhattisgarh",495001,7752,240262,-,-,knmishra71@gmail.com,-,1980,Kamal Nayan Mishra,Senior Secondary,Delhi Administration,-,Bilaspur
Dav Mukhyamantri Public School,3330343,"Karmari, Post/block/distt. Bastar, Chhattisgarh",494001,778,2262218,-,-,ashok205070@gmail.com,-,1980,Ashok Kumar Patkar,Senior Secondary,Delhi Administration,-,Bastar
Dav Mukhyamantri Public School,3320213,"Block Chhindgarh, Chhattisgarh",497778,11,07587421295,27430024,-,-,-,1970,Miss Lakshmi Vecco,Secondary School,Ditrecat Of Education Delhi Adm N,-
Dav Mukhyamantri Public School,3330345,"Jareli,(pendri), Block, Atharia, Distt. Mungeli",495334,7752,7470792276,-,-,singh.sumit6@gmail.com,-,1980,Sumita Singh,Senior Secondary,Delhi Administration,-,Mungeli
Dav Mukhyamantri Public School,3330344,"Birgaon, (fulwari)block & Distt. Mungeli, Chhattisgarh",495334,7755,8120652916,-,-,davmpsfulwari@gmail.com,-,1980,Rajkumar Ajmera,Senior Secondary,Delhi Administration,-,Mungeli
Dav Mukhyamantri Public School,3330346,"Lohandi, Guda, Basatar, Chhattisgarh",495334,7857,230086,9407750762,-,vivekviv25@gmail.com,-,1980,Vivek Kumar Singh,Senior Secondary,Delhi Administration,-,Bastar
Dav Mukhyamantri Public School,3330347,"Badmar, Kartala, Distt Korba, Chhattisgarh",492001,-,7470792242,-,-,nilamadhabbandita@gmail.com,-,1980,Nilamadhab Pattanaik,Senior Secondary,Delhi Administration,-,Korba
Dav Mukhyamantri Public School,3330348,"Kurkai, Block Pendra, Block, Bilaspur, Chhattisgarh",495001,7470,792236,-,-,rashmimishra5771@gmail.com,-,1980,Rashmi Mishra,Senior Secondary,Delhi Administration,-,Bilaspur
Dav Mukhyamantri Public School,3330349,"Mokhpal, Block- Katekalyan, At/post- Mokhpal, Via- Nakulnar, Dist. Dantewada, Chhattisgarh",494552,7857,255149,-,-,singh.rl66@gmail.com,-,1980,Ram Lal Singh,Senior Secondary,Delhi Administration,-,Dantewada
Dav Mukhyamantri Public School,3330350,"Block Bastanar, Teh. Bastanar, Post-badekilepal, Chhatisgarh",494442,7857,230086,-,-,omdadsena@gmail.com,-,1980,Omprakash Dadsena,Senior Secondary,Delhi Administration,-,Bastar
Dav Mukhyamantri Public School,3320239,"Chha, Vill/Teh/Block, Police Station, Distt Narayan Pur, Chhattisgarh",494001,-,09407966393,9424286282,-,babita.donare@gmailcom,-,1970,Smt Girisha Devi Mishra,Secondary School,Ditrecat Of Education Delhi Adm N,-
Dav Mukhyamantri Public School,3330351,"Kunjara, Distt, Raigarh, Chhattisgarh",493888,7470,792246,9893098611,-,davmpskunjara@gmail.com,-,1929,Prakash Gupta,Senior Secondary,Saroj Bala Bansal,-,Raigarh
Dav Mukhyamantri Public School,3320201,"Pratapgarh, B.L. Sitapur, Distt. Surguja",497111,-,09993848808,-,-,-,-,2005,Dev Sai Singh,Senior Secondary,Satyam Educational Health And Charitable Trust,-
Dav Mukhyamantri Public School,3320206,"Deharguda Block Mainpur, Post. Mainpur, Distt. Gariaband, Chattisgarh",493888,703,243434,9893098611,-,rrnishad51gmail.com,-,1929,R.R. Nisahd,Secondary School,Saroj Bala Bansal,-
Dav Mukhyamantri Public School,3320261,"Sanibarra, Udaipur, Dist. Surguja, Chhattisgarh-497 116",-,7833,9301368884,-,-,rmssnageswararao@gmail.com,-,-,Rachakonda Modakonda Satya Sai Nageswara Rao,Senior Secondary,-,-,Raipur
Dav Mukhyamantri Public School,3320260,"Premnagar,  Wadrafnagar,   Balrampur,chhattisgarh.497225",-,-,-,-,-,-,-,-,-,Senior Secondary,-,-,Balrampur
Dav Mukhyamantri Public School,3320230,"Ulnar, Block- Bakawand, Distt- Bastar, Chhattisgarh",495682,-,7782228164,9424280807,-,-,-,1970,Shrad Chandra Gaur,Secondary School,Ditrecat Of Education Delhi Adm N,-
Dav Mukhyamantri Public School,3320221,"Gudrapara, Garkha, Block -Keshkan, Distt. Kondagaon, Chhattisgarh",495559,-,7898195145,9406026725,-,nutanthakur472@gmail.com,-,1970,Nutan Thakur,Secondary School,Ditrecat Of Education Delhi Adm N,-
Dav Mukhyamantri Public School,3320237,"Vishrampuri, Block- Bade Rajpur, Konda Gaon, Chhattisgarh",494228,-,7879108356,9479107307,-,-,-,1970,Manoj Kumar Baghel,Secondary School,Ditrecat Of Education Delhi Adm N,-
Dav Mukhyamantri Public School,3320234,"Khamharia, Distt- Baloda Bazar, Bhatapara, Chhattisgarh",494228,-,9302842706,9424280807,-,-,-,1970,P.K. Khakari,Secondary School,Ditrecat Of Education Delhi Adm N,-
Dav Mukhyamantri Public School,3320252,"Chhindwara, Block, Darbha, Distt. Bastar, Chhattisgarh",495001,-,9406084556,-,-,kunjal.sn@gmail.com,-,1980,Kunal Singh,Secondary School,Delhi Administration,-
Dav Mukhyamantri Public School,3320198,"Uller Block, Bhopal Patnam Distt, Bijapur, Chattisgarh",497101,-,94063242934,969104048,-,manikgupta58@gmail.com,-,2005,Kameshwar,Senior Secondary,Satyam Educational Health And Charitable Trust,-
Dav Mukhyamantri Public School,3320225,"Jabanga Edu City, Post, Dantewada, Chhattisgarh",494441,-,9406093746,-,-,santosh.pradhan@yahoo.com,-,1970,Santosh Kumar Pradhan,Secondary School,Ditrecat Of Education Delhi Adm N,-
Dav Mukhyamantri Public School,3320211,"Manjhi Gudd, Block & Distt, Bijapur, Chhattisgarh",494444,-,9406286090,-,-,-,-,1929,R.S. Kuldeep,Secondary School,Saroj Bala Bansal,-
Carmel Convent School,3330144,Bagbahara P.o.mahasumund Distchattisgarh,493449,7707,242817,-,-,rinictc@gmail.com,-,2001,Sr Rini,Senior Secondary,Society Of Chattisgarh Teresian Carmelities,-,Mahasamund
Carmel English Medium School,3330425,"Village Chindauli, Post Bawankera",493551,-,09399742939,-,-,carmelschoolmahasamund@gmail.com,www.carmelschoolmahasamund.com,2010,Mr. Fr Arocki Edwin,Secondary School,Parvat Carmel Education Society,-,Mahasamund
Carmel Primary School Eng Medium,3330061,Ambikapur Namankala Distt Surguja Chhattisgarh,497001,777,"223117, 235216",220478,-,srjeevacmc@gmail.com,-,1996,Anice M C,Senior Secondary,Madhya Pradesh Carmel Society,-,Surguja
Century Cement Senior Secondary School,3330132,"P.o.- Baikunth, Tehsil-tilda, Distt. Raipur-493116, Chhatisgarh",493116,7721,07721261794,-,7721261794,cchssbkt@gmail.com,centurycementeducationalsociety.com,1974,Mrs. Neerja Piyush Tiwari,Senior Secondary,Century Cement Education Society Baikunth,-,Raipur
Chavara Higher Secondary School,3330174,"Kondagaon, Dist Bastar, Chhattisgarh",494226,7786,242461,28562544,-,school.chavara@gmail.com,-,1986,Sr Sheeba Ann,Senior Secondary,Carmel Society Kondagaon,-,Bastar
Chandrahasini Vidyapeeth,3330409,"Village Mirouni, Via Chandrapur",495692,-,7647097400,-,-,CHANDRAHASINIVIDYAPEETH@GMAIL.COM,CHANDRAHASINIVIDYAPEETH.ORG,2019,Mr. Narender Singh Punia,Secondary School,Shri Gopal Ji Mahaprabhu Avm Shri Chandrahasini Mandir Sarvjanik Nyas Chandrapur Chhattisgarh,-,Janjgir-champa
Colonel's Academy Of Radiant Education,3330102,"Vill-mangla, P.o.-mangla",495001,7752,653194,220478,-,careschool@gmail.com,-,2003,Nitin Masih,Senior Secondary,Jeevan Prakash Samiti,-,Bilaspur
Chhattishgarh Pubilc Shcool,3330087,"37,sarvodaya Colony,heera Pur,raipur, Chhattisgarh",492099,771,6531904,-,0771-4044901,rakeshchaturvedi150@gmail.com,-,1999,Rakesh Chaturvedi,Senior Secondary,Surya Samajik Jan Kalyan Samiti,-,Raipur
Columbia Global School,3330367,"Village Tekari, Near Vidhan Sabha, Raipur (c.g.)",493111,-,8982666777,-,-,info@columbiaglobalschool.com,http://www.columbiaglobalschool.com,2018,Mr. Ivan Smith,Senior Secondary,Janpragati Education Society,-,Raipur
D A V Public School,3330014,Vasant Vihar Secl Seepat Road Bilaspur Chhattisgarh,495006,7752,240262,7752240261,240262,rajshekharrao@yahoo.co.in,-,2002,G  V  Rajshekhar Rao,Senior Secondary,The Heritage School Society,-,Bilaspur
D A V Public School,3330028,Amdinagar Hudco Bhilai  Distt Durg Chhattisgarh,490006,788,"2241802, 346226",357392,241802,davps.bhilai@rediffmail.com,-,1990,Prashant Kumar,Senior Secondary,Dav Colege Managing Committee,-,Durg
Chandroday Public School,3330391,"Bagbahara Road,mahasamund, Distt:- Mahasamund,chhattisgarh ,pin:- 493445",493445,-,07723222107,-,-,cpsmahasamund@gmail.com,www.chandrodaymsmd.org,2017,Mr. Navin Kumar,Senior Secondary,"Chhattisgarh Chandranahu Sikshan Samiti, Mahasamund, Chhattisgarh",-,Mahasamund
D A V Public School,3330008,A C C Jamul Durg Distt Chhattisgarh,490024,788,2286877,-,0612-2342951,vigkamal70@gmail.com,-,1983,Kamal Vig,Senior Secondary,Dav College Managing Committee Delh,-,Durg
D A V Public School,3330015,Gevra Project ( Secl ) Distt. Korba Chhattisgarh,495452,7815,"07815275194, 52358",-,275194,davps.gevra@rediffmail.com,www.davgevra.com,1987,Mrs. Manisha Agrawal,Senior Secondary,Dav College Managing Trust & Society,-,Korba
D A V Public School,3330037,Secl Bartunga Chirimiri Distt Korea Chhattisgarh,497449,7771,266851,9424260389,NA,mollika.mukherjee@gmail.com,NA,1996,Mollika Mukherjee,Senior Secondary,Dav College Trust & Management Soc,-,Koriya
D A V Public School,3330017,Bishrampur (secl) Distt. Surguja Chhattisgarh,497226,7775,265378,264551,264421,principalbspr@hotmail.com,-,1990,Ratna Khanna,Senior Secondary,Dav College & Mg Committee,-,Surguja
D D M Public School,3330055,Behind Indira Stadium T P Nagar Korba Chhattisgarh,495677,7759,291142,07759-227393,-,principal@ddmgroup.org,ddmgroup.in,1996,Sanjay Gupta,Senior Secondary,Late Devi Dayal Memo Shikshan Sam,-,Korba
D.A.V Public School Secl Korba,3330109,"Jrc Complex , Secl Korba, Distt Korba, Chhattisgarh",495679,7759,249222,28562544,07759-249090,harish_pathak17@yahoo.com,-,2006,Harish Kant Pathak,Senior Secondary,Dayanad Anglo- Vedic,-,Korba
D.A.V. Public School,3330136,"S.e.c.l.jhilimili, Pandavpara, Baikunthpur, Dist.koriya, C.g",497331,7836,0674251300,-,674251300,davjml888@gmail.com,www.davpandavpara.in,2008,Mr. Pankaj Bharati,Senior Secondary,D.a.v. College Trust And Management Society,-,Koriya
D.A.V. Public School Bacheli,3330220,B.i.o.m. Bacheli Complex,494553,7857,7587131620,-,7587131620,davpsbacheli@gmail.com,http://www.davpsbacheli.in,-,Mr. Poshan Lal Verma,Secondary School,-,-,Dantewada
D.A.V.Public School,3330018,Secl P.o. Kusmunda Korba Distt: Bilaspur Chhattisgarh,495454,7815,271329,9406013044,271250,Manisha29101964@gmail.com,http://www.dav.cmc.org,1991,Manisha Agrawal,Senior Secondary,"Dav Trust, New Delhi",-,Korba
Daffodils English School,3330111,"Housing Board Colony,kota, Raipur Distt, Chhattisgarh",492010,771,07716499274,-,-,asha.vig@gmail.com,http://www.daffodilsenglishschool.in,1996,Mrs. Asha Vig,Senior Secondary,Daffodils Shaikshanik Sansthan,-,Raipur
"Dashmesh Public School, Mg Road Ambikapur",3330145,Dashmesh Public School Manendragarh Road Patparia Ambikapur Surguja Chattisgarh- 497001,497001,7774,230046,-,-,shrivastavaarti8974@gmail.com,-,2002,Arti Shrivastava,Senior Secondary,"Dashmesh Educational And Cultural Society,ambikapur",-,Surguja
Dav Ispat Public School,3330353,"Near Ayyappa Temple, Sector-2, Bhilai Dist-durg (cg)",490001,-,07882222963,-,-,davispatsec2@gmail.com,http://www.davipsbhilai.com,2016,Mrs. Priyanka Shukla,Senior Secondary,Dayanand Anglo Vedic College Trust & Management Society,-,Durg
"Dav Ispat Public School, Nandini",3330129,"Nandini Township, Nandini Mines Area, Durg.",490036,7821,07821257250,-,7882346226,davps.nandini@gmail.com,www.davispatnandini.org,2008,Dr. Bhola Prasad Sahu,Senior Secondary,Dayanand Anglo Vedic College Trust And Management Society,-,Durg
Dav Ispat Senior Secondary Public School,3330006,"Rajhara Mines Dist Balod, Chhattisgarh",491228,774,8285109,9907182230,-,davispatrm@gmail.com,-,1982,Chandra Mohan Pandey,Senior Secondary,Bhilai Steel Plant,-,Balod
Dav Mukhyamantri Public School,3320209,"Nakti Semra, Block Jagdalpur, Distt- Bastar, Chhattisgarh",493888,703,07782229406,9406358180,-,rrnishad51gmail.com,-,1929,-,Secondary School,Saroj Bala Bansal,-,Bastar
Dav Mukhyamantri Public School,3320263,"Block Bastanar, Teh. Bastanar, Post-Badekilepal, Chhatisgarh",494442,-,9009089025,-,-,-,-,1980,Mr R.S. Kram,Secondary School,Delhi Administration,-,Bastar
Dav Mukhyamantri Public School,3320218,"Singanpur Block- Tokapal, Bastar, Chhhattisgarh",496224,-,9425263145,881724688,-,prakashhidp20@gmail.com,-,1970,Prakash Chandra Rath,Secondary School,Ditrecat Of Education Delhi Adm N,-,Bastar
Dav Mukhyamantri Public School,3320210,"Block Kota, Distt- Bilaspur, Chhattisgarh",493888,703,9098161989,9406358180,-,rrnishad51gmail.com,-,1929,Malik Singh Netan,Secondary School,Saroj Bala Bansal,-,Bilaspur
Dav Mukhyamantri Public School,3320245,"Dei Khurd, Block, Takhatpur, Distt. Bilaspur, Chhattisgarh",495330,-,9165544040,-,-,-,-,1970,Bhola Ram Kaushik,Secondary School,Dir. Of Edu.,-,Bilaspur
Dav Mukhyamantri Public School,3320249,"Kumhari, Marwahi, Distt. Bilaspur, Chhattisgarh",495001,-,9424159982,-,-,-,-,1980,Sukaram Singh Dhruv,Secondary School,Delhi Administration,-,Bilaspur
Dav Mukhyamantri Public School,3320254,"Karmari, Post/Block/Distt. Bastar, Chhattisgarh",494001,-,7566157953,-,-,-,-,1980,Vijay Kumar Das,Secondary School,Delhi Administration,-,Bastar
Dav Mukhyamantri Public School,3330282,"Patratu Block Rajpur, Distt. Balrampur, Chattisgarh",497101,-,9407747871,9406130310,-,pkdash000@gmail.com,-,2005,Pratyusa Kumar Dash,Senior Secondary,S.k. Shiksha Samiti,-,Balrampur
Dav Mukhyamantri Public School,3330283,"Vhawarmal Post Chandarnagar, Balrampur, Chattisgarh",-,-,7470792248,969104048,-,shuklasachin48@gmail.com,-,2005,Sachin Kumar Shukla,Senior Secondary,S.k. Shiksha Samiti,-,Balrampur
Dav Mukhyamantri Public School,3330285,"Kewari, Lakhanpur, Block Lakhanpur, Surguja",497224,7774,9190840360,969104048,-,vinayvinayshri@gmail.com,-,2005,Vinay Kumar Shrivastava,Senior Secondary,Satyam Educational Health And Charitable Trust,-,Surguja
Dav Mukhyamantri Public School,3330286,"Bhatco, Batauli, Surguja",497101,7774,8959337622,969104048,-,gouryogesh72@gmail.com,-,2005,Yogesh Gour,Senior Secondary,Satyam Educational Health And Charitable Trust,-,Surguja
Dav Mukhyamantri Public School,3330287,"Karanki Block, Lundra, Distt. Surguja, Chattisgarh",497101,7775,278598,969104048,-,davbhatgaon@gmail.com,-,2005,Surendra Kumar Mishra,Senior Secondary,Satyam Educational Health And Charitable Trust,-,Surguja
Dav Mukhyamantri Public School,3330289,"Uller Block, Bhopal Patnam Distt, Bijapur, Chattisgarh",497101,-,94063242934,969104048,-,manikgupta58@gmail.com,-,2005,Kameshwar,Senior Secondary,Satyam Educational Health And Charitable Trust,-,Bijapur
Dav Mukhyamantri Public School,3330290,"Chnta Konta Hq Awapalli Blocfk Uso Dist Gujarat, Bijapur, Chattisgarh",497101,-,94063242934,94247368973,-,manikgupta58@gmail.com,-,2005,Mamidai Pravhakar Rao,Senior Secondary,S.k. Shiksha Samiti,-,Bijapur
Dav Mukhyamantri Public School,3330292,"Pratapgarh, B.l. Sitapur, Distt. Surguja",497111,-,7470792283,-,-,ajaykatnimp@gmail.com,-,2005,Ajay Mishra,Senior Secondary,Satyam Educational Health And Charitable Trust,-,Surguja
Dav Mukhyamantri Public School,3330291,"Kalamanjan, Odgt, Teh & Thana, Distt- Surajpur, Main Road, Chhattisgarh",497229,7775,9174630564,-,-,davmpsodgi@gmail.com,-,2005,Ashok Kumar Yadav,Senior Secondary,Dav College Management Committee Alongwith Govt. Of Chhattisgarh.,-,Surajpur
Dav Mukhyamantri Public School,3330293,"Parsa, Ambikapur, Surguja, Chattisgarh",110005,91,7470792278,27111207,-,bks4889@gmail.com,-,1929,Birendra Kumar Sharma,Senior Secondary,Saroj Bala Bansal,-,Surguja
Dav Mukhyamantri Public School,3320227,"Gondhi, Bilaspur, Chhattisgarh",495001,-,9201019080,-,-,namdeo_sir@gmail.com,-,1970,Shri Jageshwar Prashad Namdeo,Secondary School,Ditrecat Of Education Delhi Adm N,-,Bilaspur
Dav Mukhyamantri Public School,3330294,"Narmadapur, Surguja, Chhattisgarh",497001,7774,8821053666,27111207,-,davbhatgaon@gmail.com,-,1929,Surendra Kumar Mishra,Senior Secondary,Dav College Management Committee Alongwith Govt. Of Chhattisgarh.,-,Surguja
Dav Mukhyamantri Public School,3320259,"Kurkai, Block Pendra, Block, Bilaspur, Chhattisgarh",495001,-,9630743066,-,-,-,-,1980,Shankar Rao,Secondary School,Delhi Administration,-,Bilaspur
Dav Mukhyamantri Public School,3330295,"Kutri, Block Lmi, Mungli, Distt, Chattisgarh",110005,7756,123454646454,27111207,-,kbpsang.pandey@gmail.com,-,1929,Kunj Bihari Pandey,Senior Secondary,Saroj Bala Bansal,-,Mungeli
Dav Mukhyamantri Public School,3330296,"Teh. Bloda, Bazar, Po, Amera, Palari, Distt Bloda Bazar, Bhatapara",110005,-,7470792228,27111207,-,davmpssakari@gmail.com,-,1929,Vidhu Sharma,Senior Secondary,Saroj Bala Bansal,-,Baloda Bazar
Dav Mukhyamantri Public School,3330297,"Deharguda Block Mainpur, Post. Mainpur, Distt. Gariaband, Chattisgarh",493888,7703,09576968166,9893098611,-,davskroyg@gmail.com,-,1929,Santosh Kumar Roy,Senior Secondary,Saroj Bala Bansal,-,Gariaband
Dav Mukhyamantri Public School,3330298,"Pandari Pani, Distt-jaspur, Chhattisgarh",493888,91,9174326775,9893098611,-,davbhatgoan@gmail.com,-,1929,Surendra Kumar Mishra,Senior Secondary,Saroj Bala Bansal,-,Jashpur
Dav Mukhyamantri Public School,3330299,"Nakti Semra, Block Jagdalpur, Distt- Bastar, Chhattisgarh",493888,7857,230086,9406358180,-,abhi.shrivastava52@gmail.com,-,1929,Shekhar Shrivastava,Senior Secondary,Saroj Bala Bansal,-,Bastar
Dav Mukhyamantri Public School,3330300,"Block Kota, Distt- Bilaspur, Chhattisgarh",493888,-,7470792233,9406358180,-,modelschool.gobripat@gmail.com,-,1929,Kallol Mitra,Senior Secondary,Saroj Bala Bansal,-,Bilaspur
Dav Mukhyamantri Public School,3330301,"Manjhi Gudd, Block & Distt, Bijapur, Chhattisgarh",494444,7583,222300,-,-,kameswara.rao.duvvada@gmail.com,-,1929,Duvvada Kameswara Rao,Senior Secondary,Dav College Management Committee Alongwith Govt. Of Chhattisgarh.,-,Bijapur
Dav Mukhyamantri Public School,3330288,"Kanak Nagar, Block, Pratappur, Distt Surguja, Chhattisgarh",497101,7775,9753423496,969104048,-,anjana.singhb85@gmail.com,-,1970,Anjana Singh,Senior Secondary,Dir. Of Edu.,-,Surguja
Dav Mukhyamantri Public School,3330302,Janakpur(bhagwan Pur) Block & Teh Bharatpur. Distt-kia,497778,777,1266802,27430024,-,RAKESHGMA@GMAIL.COM,-,1970,Rakesh Kumar,Senior Secondary,Ditrecat Of Education Delhi Adm N,-,Koriya
Dav Mukhyamantri Public School,3330303,"Block Chhindgarh, Chhattisgarh",497778,7857,255149,27430024,-,ashutosh.aspps@gmail.com,-,1970,Ashutosh Jha,Senior Secondary,Ditrecat Of Education Delhi Adm N,-,Koriya
Dav Mukhyamantri Public School,3330304,"Kukrab, Block- Pamgarh, Distt-janigir-champa, Chhattisgarh",495554,781,7617342734,-,-,pramitrenuka1@yahoo.co.in,-,1970,Pramit Kumar Jain,Senior Secondary,Dav College Management Committee Alongwith Govt. Of Chhattisgarh.,-,Janjgir-champa
Dav Mukhyamantri Public School,3330305,"Bagicha, Distt- Jashpur, Chhatisgarh",496224,776,2241255,-,-,snpanday@yahoo.com,-,1970,S N Pandey,Senior Secondary,Ditrecat Of Education Delhi Adm N,-,Jashpur
Dav Mukhyamantri Public School,3330306,"Mumgjhar, Distt- Gariaband, Deodho, Chhattisgarh",496224,7704,9303915748,-,-,srupendra820@gmail.com,-,1970,Rupendra Kumar Sahu,Senior Secondary,Ditrecat Of Education Delhi Adm N,-,Gariaband
Dav Mukhyamantri Public School,3330307,"Kansabel, Distt Jashpur, Chhattisgarh",496224,91,7489921286,881724688,-,davbhatgaon@gmail.com,-,1970,Mr.prafulla Kumat Mohanty,Senior Secondary,Ditrecat Of Education Delhi Adm N,-,Jashpur
