A R S D Sr Sec School,2778036,Ajmeri Gate Delhi,110006,11,232375556,25551203,-,arsd2127079@gmail.com,-,1949,Piyush Chandra,Senior Secondary,Atma Ram Trust,-,Central Delhi
A S N Sr Sec School,2730203,"Noida Road Mayur Vihar, Distt East Delhi, Delhi",110091,11,"22713040, 22715881",22429480,-,principal@asnschool.org,-,1975,Sonia Luthra,Senior Secondary,Sanatan Dharam Adarsh Shiksha Sanagatan,-,East Delhi
Aadharshila Vidyapeeth,2730494,Cd Block Pitam Pura Delhi,110088,11,27316362,27311222,-,avprincipal34@gmail.com,www.aadharshilavidyapeeth.org,1997,Byomakesh Mishra,Senior Secondary,Vaish Aggrawal Educational Society,-,North West Delhi
A S V J Sr Sec School,2778041,Daryaganj New Delhi,110002,11,23271636,26913890,-,asvj2127080@yahoo.co.in,-,1920,Gajay Singh,Senior Secondary,D.p.i,-,New Delhi
A-One International Public School,2730847,"B-block, Inder Enclave, Phase-ii, Delhi-110086",110086,-,9312658395,-,-,aoneinternationalpublicschool@gmail.com,-,2008,Mrs. Rekha Bhatt,Secondary School,Dayanand Trust,-,North West Delhi
Aakash International School,2730717,"G-2 Block, Jai Vihar,nangloi Road, Najafgarh Road,",110043,-,9958640830,-,-,aakashpublicschool@gmail.com,http://www.aakashinternationalschool.co.in,-,Mrs. Pratibha Gupta,Senior Secondary,-,-,West Delhi
Aaryan International School,2730641,"320-321, Om Vihar, Phase-i, Metro Pillar No. 706, Uttam Nagar",110059,-,011-64632062,-,-,nkmahajanca@yahoo.co.in,-,2005,Sarita,Senior Secondary,Choudhary Jagmohan Singh Memorial Educational & Welfare Society,-,West Delhi
Aakash Public School,2730733,"B-32,ishwar Colony, Arjun Park,",110043,-,011-25324555,-,1125324699,rajeshrameshwar.ca@gmail.com,-,2005,Mrs.neena Gupta,Senior Secondary,Gurudham Educational & Welfare Society,-,South West Delhi
Abhinav Global School,2730805,"Dwarka, Sector-13",110078,-,01128036901,-,1128036902,agsdwarka2014@gmail.com,http://www.agsdwarka.com,2015,Mrs. Vandana Kumari,Senior Secondary,Vijaya Shri Education & Social Welfare Society(regd),-,South West Delhi
Abhinav Public School,2730439,"Sector 3, Rohini Delhi",110085,11,"27512199, 27510264",0565-2430298,2430170,aps.1986@yahoo.co.in,http://www.dpsfamily.org,1990,Rajesh Sharma,Secondary School,Akhil Bhartiya Samaj Samiti,-,North West Delhi
Acharya Tulsi Govt.Sarvodaya Boys Sr,2754041,School Chattarpur Mehrauli New Delhi,110030,11,26804615,26894095,-,atsbv1923081@gmail.com,-,-,Kedar Singh Burfal,Senior Secondary,Delhi Admn Delhi,-,New Delhi
Abhinav Public School,2730442,"Cu-block Pitampura, Distt North West Delhi, Delhi",110088,11,"27344148, 27344148",-,-,aps_2003@yahoo.co.in,-,1924,Saroj,Senior Secondary,Mehta Institute Of Education,-,North West Delhi
Adarsh Gyan Sarover Balika Vidyalaya,2730790,"Adarsh Gyan Sarover Balika Vidyalaya, Gamri,5th Psuta Gamri",110053,-,9990727283,-,-,agsbv99@gmail.com,www.agsbv.in,1996,Mrs. Uma Chaturvedi,Secondary School,"Adarsh Gyan Sarover Shiksha Samiti, Delhi",-,North East Delhi
Adarsh Jain Dharmic Shiksha Sadan,2730229,Thana Road Najafgarh New Delhi,110043,11,28010740,25016207,-,vjain_mgs@rediffmail.com,-,1981,Manju,Senior Secondary,Acharya Shanti Sagar Digamber Jain   Board,-,New Delhi
Adarsh Public School,2730445,Shyam Enclave Deenpur Najafgarh New Delhi,110042,11,25011862,-,-,adarshpublicschool.deenpur@gmail.com,-,1995,Poonam Rani,Secondary School,Gramin Soc Wel & Edu Dev Soc,-,New Delhi
Adarsh Lakhpat Model Sec School,2730603,"E-25, Khajuri Khash, Dayal Pur Road,",110094,11,22963999,-,-,adarshlakhpat2001@gmail.com,-,1986,Chirag Chaudhary,Secondary School,Maharishi Dayanand Samriti Nyas,-,East Delhi
Adarsh Public School,2730119,"C-block Vikas Puri, Distt West Delhi, New Delhi",110018,11,"28543300, 28544400, 25533300",8373907592,-,adarshpublicschool@hotmail.com,-,1989,Mrs. Pooja Malhotra,Senior Secondary,B.r Memorial Society,-,West Delhi
Adarsh Sec School,2776017,D-block Vikas Puri New Delhi,110018,11,28537799,28537799,-,jha.ranjan@yahoo.com,-,1954,Sadhna Bhardwaj,Secondary School,Kalgidhar Khalsa School Society,-,New Delhi
Adarsh Shri Ram Vidya Mandir,2730839,"Chetan Vihar, Gopal Nagar, Near Rail Factory, Gopal Nagar Extn., Najafgarh, New Delhi-110043",110043,-,9971832804,-,-,asrvmps@gmail.com,www.asrvmps.com,2000,Mrs. Pinki Devi,Secondary School,Shiv Charan Memorial & Educational Society,-,South West Delhi
Adarsh Sr Sec School,2770010,G T Raod Libaspur Delhi,110042,11,27835110,27203697,-,adarshssschoollibaspur42@gmail.com,-,1971,Rampati,Senior Secondary,Managing Committee Of School,-,North West Delhi
Adarsh World School,2730634,"Sector-12, Phase-i,dwarka,",110075,11,45017924,3443729,-,PRINCIPALADARSHWORLDSCHOOL@GMAIL.COM,http://WWW.ADARSHWORLDSCHOOL.ORG,2008,Savita Sharma,Senior Secondary,Sri Sankara Education Society,-,South West Delhi
Adarsh Vidya Bhawan.,2730208,"Plot No.43   I P Extension Near Bathla Appartments Mandawali Fazalpur Patparganj, Distt East Delhi, Delhi",110092,11,"9811085857, 22415857",-,-,avb.pankaj@gmail.com,-,-,Mrs. Ritu Verma,Senior Secondary,-,-,East Delhi
Adriel High School,2730737,Pocket2 Sector24 Rohini,110085,11,27933377,-,-,principal.adrielhigh@gmail.com,http://www.adrielhighschool.in,2008,Poonam Leekha,Senior Secondary,Mair Rajput Educational Society,-,North East Delhi
Ahlcon International School,2730454,"Mayur Vihar Phase I Opp Una Enclave, Distt East Delhi, Delhi",110091,11,"01147770777, 22792406",-,22754068,ahlconint2012@gmail.com,http://www.ahlconinternational.com,-,Mr. Ashok Pandey,Senior Secondary,-,-,East Delhi
Ahlcon Public School,2730168,"Mayur Vihar Phase I, Distt East Delhi, Delhi",110091,11,46347777,9318311583,-,apsmayurvihar1@gmail.com,-,1988,Dr. Deepak Raj Singh Bisht,Senior Secondary,Shanti Devi Progressive Education Society,-,East Delhi
Air Fce Bal Bharati School,2780008,Lodi Road New Delhi,110003,11,24611777,24623671,011-24648530,sunitagpt5@gmail.com,airfcebalbharatischool.com,1955,Sunita Gupta,Senior Secondary,Iaf Educaitonal And Cultural Socy,-,New Delhi
Air Fce Golden Jubilee Institute,2780009,Subroto Park Delhi Cantt. New Delhi,110010,11,25692819,25691953,24694353,rampal.poonam@gmail.com,http://www.afgji.g,1970,Poonam S Rampal,Senior Secondary,Iaf Educational And Cultural Socy,-,South West Delhi
Air Fce Gyan Jyoti School,2780005,Air Fce Station Palam Delhi Cantt,110010,11,25672947,25694520,-,principal@gyanjyotiafs.g,-,1969,Alka Nema,Secondary School,Air Fce Childern Foundation Soc,-,South West Delhi
Air Fce School Panchwati,2780012,"C/o 13 Base Repair Depot, Amse, Palam, New Delhi- 110 010",734501,-,-,-,-,-,-,1994,-,Secondary School,Army Welfare Edu. Society,-,South Delhi
Air Fce Sr Sec School,2774031,Old Wellingdon Camp Race Course New Delhi),110003,11,23015488,23017179,-,kavitamenon6@gmail.com,-,1985,Kavitha Menon,Senior Secondary,Delhi Tamil Edu Assn (r),-,New Delhi
Air Fce Sr Sec School,2776014,Palam Delhi Cantt Delhi,110010,11,25672818,1125555693,-,airfceschool1720083@gmail.com,-,1948,Rajlakhsmi,Senior Secondary,Air Fce Palam,-,South West Delhi
Akali Baba Phoola Singh Khalsa,2778047,Sr Sec School Rajinder Nagar New Delhi,110060,11,25868382,25449269,-,ABPS_KHALSASSS@REDIFFMAIL.COM,-,1912,Sunita Jain,Senior Secondary,The Union Academy,-,New Delhi
Akash Model School,2730475,"Baljeet Vihar, Nithari Extn., Delhi-110086",110086,11,9811088324,-,9811088324,akashschoolrana@gmail.com,http://www.akashmodelschool.in,-,Mrs. Geeta Rani,Senior Secondary,-,-,North West Delhi
Alok Bharti Sec School,2772010,Khureji Khas Delhi,110051,11,9311711914,1122473560,-,alokbhartischool@yahoo.co.in,alokbhartischool@yahoo.co,1971,Sudhir Kumar,Secondary School,Alok Shiksha Prasar Sansthan Delhi,-,East Delhi
Alok Punj Sec School,2772012,Karawal Nagar Delhi,110094,11,22934565,28730309,-,npal1961@gmail.com,-,1975,Naresh Pal,Secondary School,Alok Punh Vidhgya Peeth,-,North East Delhi
Ambience Public School,2730095,A-1 Safdarjung Enclave (behind Kamal Cinema) New Delhi,110029,11,01147232000,-,011-26109739,info@ambiencepublicschool.com,http://www.ambiencepublicschool.com,-,Mrs. Himani Asija,Senior Secondary,-,-,South Delhi
Amar Shaheed Major Sehrawat Kanya Vidyalaya,2764028,Mahipalpur New Delhi,110037,11,26781101,-,-,alka.ranibagh@gmail.com,-,1970,Alka Nagpal,Senior Secondary,Directorate Of Education Delhi Admn,-,New Delhi
Amity International School,2730586,"Mayur Vihar, Phase-i, Delhi-110091",110091,11,22717261,-,-,principal@aismv.amity.edu,-,2003,Dr Priyanka Mehta,Senior Secondary,Child Education Society,-,East Delhi
Amity International School,2730612,"Pushp Vihar, South Delhi",110017,11,29561561,29561778,011-25862118,mrsameetamohan@gmail.com,http://www.dpsbahadurgarh.com,2007,Ameeta Mohan,Senior Secondary,Universal Educational Trust,-,South Delhi
Amity Intetnational School,2730257,"Road No-44 M-block Saket, Distt South Delhi, New Delhi",110017,11,"29561606, 26962583",26969625,0161-2224682,principal@aiss.amity.edu,-,1991,Divya Bhatia,Senior Secondary,Academic Quest,-,South Delhi
Amrita Public School,2730324,K-ii/474 Sangam Vihar New Delhi,110062,11,26047373,26083177,-,amritapublicschool@yahoo.co.in,-,1989,Taruna Trehan,Senior Secondary,Chillar Dhankar Educational Soc,-,New Delhi
Amrita Vidyalayam,2730496,Sector Vii Pushp Vihar Saket New Delhi,110017,11,29561363,26893622,26898047,amrita.vidyalayam@gmail.com,amrita.vidyalayam@gmail.c,1984,Pavitramrita Chaitanya,Senior Secondary,Mata Amritanand Math,-,South Delhi
Andhra Edn Society Sr Sec School,2776013,B3 Block Janakpuri New Delhi,110058,11,25595488,25531391,-,aesjp2006@yahoo.co.in,-,1975,E Anitha,Senior Secondary,Andhra Education Society,-,New Delhi
Andhra Edu Society Sr Sec School,2778055,Prasad Nagar New Delhi,110005,11,05723372,22456423,-,principalaesprasadnagar@gmail.com,-,1943,B Dhana Lakshmi,Senior Secondary,Dir. Of  Education,-,New Delhi
Andhra Education Society,2778034,"Dr. Durgabai Deshmukh Memorial Sr. Sec. School, Ddu Marg, Rouse Avenue, New Delhi-110 002",110002,11,23238497,22484183,-,kandukuridurga@yahoo.com,-,1954,K Durga,Senior Secondary,Andhra Education Society,-,New Delhi
Andhra Education Society Dr. K. Ramesh Babu Memial School,2774038,"Sec-7, Pushp Vihar, New Delhi",110017,11,29562959,-,-,suseela.manidhar@gmail.com,-,1985,M V Suseela Manidhar,Senior Secondary,N D M C,-,South Delhi
Angel Public School,2730539,"Wz-2 Phase- Ii A, Om Vihar",110059,180,9136363494,0180-2661893,2662507,neelamsharmasharma29@gmail.com,http://www.sdvm.org,1980,Neelam Sharma,Secondary School,-,-,West Delhi
Angels Public School,2730628,Vasundhra Enclave Delhi 110096,110096,11,43065315,550909,011-22380781,angelspublicschool1@gmail.com,-,2005,Ms. Shipra Lal,Senior Secondary,Shahdara Angels Educational Society (regd.),-,East Delhi
Anglo Arabic Model School,2730668,"Ajmeri Gate, Delhi.2",110006,11,23210863,23036879,23216755,aams96@gmail.com,-,1996,Farah Sajid,Secondary School,Delhi Education Society,-,Central Delhi
Anglo Arabic Sr Sec School,2778035,Ajmeri Gate Delhi,110006,-,2522714,26915553,01887-22242,ssdps_nn@yahoo.in,-,1949,Fazle Alam,Senior Secondary,Delhi Edn. Soceity,-,North Delhi
Apeejay School,2730029,Panchsheel Park Sheikh Sarai I New Delhi,110017,11,"26012218, 26237385",26213838,7774230999,prin.ss.del@aoeeay.edu,-,1976,A P Sharma,Senior Secondary,Apeejay Education Society,-,New Delhi
Apeejay School,2730181,Gurudwara Road  J-block Saket New Delhi,110017,11,"29555208, 26519209",26962654,-,prin.saket.del@apeejay.edu,-,1988,Anita Paul,Senior Secondary,Apeejay Edun Socity,-,New Delhi
Appejay School,2730259,"Sainik Vihar Road No 42 Pitam Pura, Distt North West Delhi, Delhi",110034,11,"27022140, 27024155",27012615,27023908,principalbedi@gmail.com,-,1990,Dilip Kumar Bedi,Senior Secondary,Delhi Public School Society,-,North West Delhi
Apex Public School,2730184,"Apex Avenue Sant Nagar (burari), Distt North Delhi, Delhi",110009,11,"27617750, 27259356",27226904,-,derekbrendish@gmail.com,http://www.prashantigurukulam.org,1985,Derek Richard Brendish,Senior Secondary,Jeanne Christian Ednl Society,-,North Delhi
Aristotale Public School,2730424,Qutab Garh Main Bus Stand Qutab Garh Delhi,110039,11,27741529,27751471,-,kdbhardwaj.school@gmail.com,-,1979,Radha Bhardwaj,Senior Secondary,Aristotle Public Sch Society,-,South Delhi
Army Public School,2780004,Sadar Bazar Road Delhi Cantt New Delhi,110010,11,25693777,25694520,25694947,principalapsdc@gmail.com,http://apsdelhicantt.g,1989,Neetu Kapo,Senior Secondary,A W E S Delhi,-,New Delhi
Army Public School,2780006,Shankar Vihar Delhi Cantt-10,110010,11,26153558,295300,1126153559,apssvprincipal@gmail.com,-,2007,Malini Narayanan,Senior Secondary,Air Fce Childern Foundation Soc,-,South West Delhi
Arun Modern Public School,2730438,"D-1 Main Road Brij Puri, Distt North East Delhi, Delhi",110094,11,22567874,25331488,6135570,shashisms@gmail.com,-,1987,Mrs Jyoti Rani,Senior Secondary,Arun Education Society,-,North East Delhi
Aruna Asaf Ali Govt.Sarvodaya Girls,2764075,Sr Sec School Tuglakabad Extension New Delhi,110019,11,29984563,26462428,-,aaaskv1925061@gmail.com,-,1990,Bhupinder Kaur,Senior Secondary,Dir. Of Education,-,New Delhi
Arunodaya Public School,2730374,1-a Industrial Area Karkardooma Delhi,110092,11,22371019,25853131,-,sangeetanagar4@gmail.com,-,1996,Sangeeta Nagar,Senior Secondary,Arunodaya Edn Society,-,East Delhi
Central Academy,2730019,Sector Xiii R K Puram New Delhi,110066,11,22447629,-,-,-,-,-,H.l. Verma,Senior Secondary,-,-,South Delhi
Central Academy International School,2730832,"Sector 10 Dwarka Opposite Metro Line, New Delhi 11007",110075,-,01140072828,-,-,ca_affiliation@rediffmail.com,http://www.centralacademyschools.org,2018,Mrs. Garima Pandey,Senior Secondary,Shree Varinder Ghai Education Society,-,South West Delhi
Ch Jaswant Lal Public School,2730329,13/77 Punjabi Bagh New Delhi,110026,-,25430914,-,-,nhps_np@yahoo.co.in,http://www.newhizonps.com,1997,Smt Kiran,Secondary School,Marwah Mitter Charitable Trust,-,New Delhi
Ch Malook Singh Govt Sarvodaya Bal,2752021,Vidyalaya Rajgarh Colony Delhi,110031,11,22007120,22473450,-,gsbvrajgarhcolony@gmail.com,-,1976,Sh. Abutaliv,Senior Secondary,Delhi Administration,-,East Delhi
Ch. Banwari Lal Govt. Sarvodaya,2750114,Co-edn School Wazir Pur  Village Delhi,110052,11,"27215661, 27123652",25522768,-,1411035.sv@gmail.com,-,1990,Suman Sharma,Senior Secondary,Dir. Of Education,-,North West Delhi
Chand Ram Public Sr. Sec. School,2730672,Nangal Thakran Delhi -39,110039,11,27751912,-,-,CRPSSCHOOL@GMAIL.COM,-,1996,Ambika Sharma,Senior Secondary,Bhardwaj Education Society,-,North West Delhi
Chander Shekhar Azad Govt. B.S.S.School,2754002,New Friends Colony New Delhi,110025,11,26918108,26993190,-,mjq02061967@gmail.com,-,1980,Dr Mohammad Javed Qamar,Senior Secondary,Delhi Admn Delhi,-,New Delhi
Chandra Arya Vidya Mandir Girls,2774007,Senior Sec School C Block East Of Kailash New Delhi,110065,11,26912072,22284586,-,neerjagoelcavm@gmail.com,-,1968,Neerja Rani,Senior Secondary,Chandrawati Chaudhry Samark Trust,-,New Delhi
Chhotu Ram Public School,2730660,Opp Bank Of India Main Road Bakhtawarpur Delhi --36,110036,11,011-27722507,-,-,crpsdelhi@yahoo.com,http://www.crpsdelhi.in,-,Mr. Harender Kumar Yadav,Senior Secondary,-,-,North West Delhi
Chinmaya Vidyalaya Sr Sec School,2730035,Vasant Vihar (munirka Marg) (near Indian Airlines Colony) New Delhi,110057,11,26147020,26865831,26152737,principalcv@chinmayavvdelhi.ac.in,http://www.chinmayavidyal,1979,Archana Soni,Senior Secondary,Chinmaya Mission,-,South Delhi
Chowgule Public School,2730114,"D-4 Faiz Road Karol Bagh, Distt Central Delhi, New Delhi",110005,11,"23522370, 23522370",22475064,54561,pooja.salpekar@gmail.com,-,1957,Pooja Salpekr,Senior Secondary,Maratha Mitra Mandal,-,Central Delhi
Ciat Convent School,2730778,Vpo Kanjhawala,110081,-,9953050866,-,-,ciatschool1998@gmail.com,www.ciatschool.com,2006,Mrs. Anita Kumari,Secondary School,Ciat Educational Society,-,North Delhi
Cm Model School,2730536,"J-1, Vishwa Nath Mandir, Budh Vihar, Phase I, Delhi",110041,11,27532619,243880,-,reply_cmms@yahoo.co.in,-,2005,Sudha Tripathi,Senior Secondary,Dr Walia Charitable Trust,-,North West Delhi
Citizen Model  School,2730290,Phase 2 Budh Vihar Delhi,110041,11,27532221,807626801,807626803,sunilarani201@gmail.com,http://www.sduirs.com,2003,Sunila Rani,Senior Secondary,Dav College Trust And Mangmt Soc,-,North West Delhi
Col. Satsangis Kiran Memorial Public School,2730123,"Prem Kiran Kunj P O Satbari, Distt South Delhi, New Delhi",110074,11,"01126653344, 26853344",-,1126654929,cskmaec@gmail.com,www.cskm.com,1986,Dr. Shakuntla S Jaiman,Senior Secondary,All India................aipeccs Society,-,South Delhi
Ch Baldev Singh Model School,2730493,"Baldev Park Main Mukankipur Road Kirari Extn, Distt North West Delhi, Delhi",110041,11,65475315,26964984,6560940,ushavijayran1983@gmail.com,-,1986,Usha Grewal,Senior Secondary,Ch Baldev Singh Education Society,-,North West Delhi
Columbia Foundation Sr Sec School,2730169,"D Block Creativity Nagar Vikas Puri, Distt West Delhi, New Delhi",110018,11,"45660811, 25520045",25508062,05732 232536,vdeepshikha@gmail.com,http://www.sgrrsrinagar.com,1985,Deepshikha Dandu,Senior Secondary,Lala A N Verma Society,-,West Delhi
Commerical Sr Sec School,2778040,24 Daryaganj New Delhi,110002,11,23271235,27110380,-,commercial.school2127086@yahoo.com,-,1920,Pradeep Kumar,Senior Secondary,Shri Ram Educational Foundation,-,New Delhi
Convent Of Gagan Bharti,2730323,"K-4/44 Mohan Garden, Distt West Delhi, New Delhi",110059,11,25630088,25631166,-,-,-,1997,Alka Gupta,Senior Secondary,Mata Jagan Devi Edu Wel Soc Regd,-,West Delhi
Convent Of Jesus & Mary School,2730012,Bangla Sahib Marg New Delhi,110001,11,23747061,23747868,011-24648530,srjanetrjm@gmail.com,airfcebalbharatischool.com,1919,Janet,Senior Secondary,Jesus And Mary Delhi Educational,-,New Delhi
Cosmos Public School,2730410,"Vasundhara Enclave Dallupura, Distt East Delhi, Delhi",110096,11,01122616066,-,-,cosmospublicschool@gmail.com,http://www.cosmosbadarpur.in/,-,Dr. Chhalesh Chand,Senior Secondary,-,-,East Delhi
Cosmos Public School,2730729,"Molarband, Ext., Tajpur, Badarpur, Delhi-44",110044,-,09311505138,-,-,cosmospublicschool@gmail.com,http://cosmosbadarpur.in/,2006,Mrs.sandhya Bhandari,Senior Secondary,Cosmos Educational Society,-,South Delhi
Cosmos School,2730532,"Harshi Vihar, Meethapur, Badarpur, Distt South Delhi, Delhi",110044,11,"9311505134, 26665506",-,-,rajeshkumarcps@gmail.com,www.snmsss.com,1967,Rajesh Kumar,Senior Secondary,Smt Baldei Devi Memo Edu Society,-,South Delhi
Colonel Child Bloom Public School,2730610,"Kali Pio, Jharodha C.r.p.f. Road,  Najafgarh, New Delhi-110072",110072,11,8010855533,-,011-25012-068,vsmalik09@gmail.com,-,1995,Amita Sehrawat,Senior Secondary,Ex-servicemen Child Bloom Educational Society (regd.),-,South West Delhi
Crescent Public School,2730196,D Block Saraswati Vihar  Pitampura Delhi,110034,11,27016688,-,27513735,crescentpublicschool@gmail.com,http://www.crescentpublicschool.in,-,Mr. Sunil Maini,Senior Secondary,-,-,North West Delhi
Crescent School,2730351,"Zeenatul Masjid Ansari Road Daryaganj, Distt Central Delhi, New Delhi",110002,1275,23279041,-,-,srisaipublicschool_bajwalpur@rediffmail.com,crescentschooldaryaganj.com,1977,Mrs T Tlvi,Senior Secondary,Crescent Edu Society,-,Central Delhi
Crpf Public School,2730661,Sec-16b Dwarka,110075,11,28032245,-,011-28032245,meenu_twr@yahoo.com,http://www.crpfpsdwarka.com,2006,Meenu Tiwari,Senior Secondary,Crpf Employees Educational Society,-,West Delhi
D A V Public School,2730254,"Sreshtha Vihar, Distt East Delhi, Delhi",110092,11,"22144102, 22153874",22158046,-,premlatagarg.dav@gmail.com,www.stmarysmilakkhanam.com,1965,Prem Lata Garg,Senior Secondary,D P S Society,-,East Delhi
D A V Public School,2730154,"Dayanand Vihar, Distt East Delhi, Delhi",110092,11,"22370367, 22140771",22753653,22372300,renudav@yahoo.co.in,www.davdayanandvihar.net,1982,Renu Laroiya,Senior Secondary,Dav College Managing Committee Delh,-,East Delhi
D A V Public School,2730260,"Pushpanjali Enclave Pitam Pura, Distt Norht West Delhi, Delhi",110034,11,27018261,27243690,7678998,davpushpanjali1989@gmail.com,www.davpushpanjali.com,1974,Rashmi Raj Biswal,Senior Secondary,Bhartiya Vidya Bhavan,-,North West Delhi
D A V Public School,2730186,"Kailash Hills, Opp. Main Park Near C-block Mkt. East Of Kailash, Distt South Delhi, New Delhi",110065,11,"26842283, 26842283",25468361,-,davkhills@hotmail.com,-,1983,Ira Khanna,Senior Secondary,D A V College M.c. Kailsh,-,South Delhi
D A V Public School,2730218,"Sector Vii Rohini, Distt North West Delhi, Delhi",110085,11,27043298,27247230,0135 2629033,xsrajbirkaur@gmail.com,-,1989,Rajbir Kaur,Senior Secondary,Dav College Managing Comm.,-,North West Delhi
D A V Sec School,2776001,Sadar Bazar Delhi Cantt New Delhi,110010,11,25696778,25552875,-,surender.kumar4800@gmail.com,-,1949,Surender Kumar,Secondary School,Delhi  Administration,-,New Delhi
D A V Sec School,2778032,Baird Road Bhagat Singh Marg New Delhi,110001,-,2344012,22241079,-,-,-,1980,Sh Laxmi Narain Paliwal,Secondary School,-,-,New Delhi
D A V Sr Sec School,2778024,Chitragupta Road New Delhi,110055,11,23625209,25588570,-,davssscgr@yahoo.co.in,-,1933,Satyavir Singh,Senior Secondary,Managing Committee,-,New Delhi
D A V Sr Sec School No Ii,2772007,Shankar Nagar Delhi,110051,-,22213799,22410989,-,-,-,1967,D V Taneja,Senior Secondary,Hindu Education Society (regd.),-,East Delhi
D A V Sr Sec School No-1,2772009,Gandhi Nagar Delhi,110031,11,22074515,22152368,-,davsssno1@gmail.com,-,1954,Kishan Singh,Senior Secondary,H E S,-,East Delhi
D C Convent School,2730485,Rz-115 D Shiv Enclae Chaon Road Najafgarh New Delhi,110043,11,60010001,1128011690,28011690,anjudagarkhatri@gmail.com,-,1979,Anju,Secondary School,Dagar Educational & Welfare Soceity,-,South West Delhi
D C M Boys Sr Sec School,2778006,Kishan Ganj Delhi,110006,11,23615513,22429715,-,dcmschool@gmail.com,-,1899,Shiv Charan Singh,Senior Secondary,Managing Committee,-,North Delhi
D C M Girls Sr Sec School,2788004,Kishan Ganj Delhi,110006,11,23619919,25525421,-,dcmgirls1234@yahoo.in,-,1946,Shakuntla Rani,Senior Secondary,Dcm Educational Society Dcm Delhi,-,North Delhi
D H M Public School,2730358,Dichaon Kalan New Delhi,110043,11,"28011953, 25012953",9871126527,28012953,dhmsrsecschool@yahoo.co.in,-,1989,Mrs.  Tl.bhardwaj,Secondary School,Desh Hriday Man Dev Society,-,South West Delhi
D A V Senior Secondary School,2770002,"Samaipur Badli, Distt North West Delhi, Delhi-110042",110042,11,27292733,27184953,-,-,-,-,Dr N S Yadav,Senior Secondary,Directorate Of Education,-,North West Delhi
D A V Public School,2730151,"Sector-b Pkt-1 Vasant Kunj, Distt South West Delhi, New Delhi",110070,11,"46660400, 26898400",26104636,-,anjupuri@gmail.com,-,1982,Anju Puri,Senior Secondary,Dav College Managing Committee,-,South West Delhi
D I Khan Bharatri Sabha Sr Sec Sch,2778050,New Rajinder Nagar New Delhi,110060,11,28743172,25404157,01887-22242,rekharana67@yahoo.co.in,-,1912,Rekha Rana,Senior Secondary,Delhi Edn. Soceity,-,New Delhi
D A V Sr Sec School,2774002,Jangpura New Delhi,110014,11,24694576,22624023,-,-,-,1945,N C Jain,Senior Secondary,Managing Committee Dav School Jangp,-,New Delhi
D R P Convent Public School,2730627,"Shiv Vihar Tiraha, Babu Nagar, Delhi-94",110094,11,22931423,5683282041,22815474,drpschool@yahoo.com,-,1997,Ms Meena Sharma,Secondary School,Dayanand Anglo Vedic College Trust,-,North East Delhi
D S Memorial Public School,2730420,"Extn 2-c, Nangloi,distt West Delhi, Delhi",110041,11,25947411,25473765,05162-254500,rao.aadi@yahoo.co.in,-,1991,Rekha Yadav,Senior Secondary,D S Memo Edu Society,-,West Delhi
D C Arya Sr Sec School,2774012,Lodhi Colony New Delhi,110003,11,2694102,22240890,-,-,-,1952,Sh.b L Singhal,Senior Secondary,Diwan Chand Trust,-,New Delhi
D T E A Sr Sec School,2778031,Mandir Marg New Delhi,110001,11,23363114,25590038,-,gayathrinew2011@gmail.com,-,1980,Gayathri V K,Senior Secondary,Soldier Intnl Spiritual Trust,-,New Delhi
D T E  A Sr Sec School,2774023,Moti Bagh 2 New Delhi,110021,11,24673726,24673726,-,gharikrishnan2015@gmail.com,-,1961,G Harikrishnan,Senior Secondary,Delhi Tamil Education Association,-,New Delhi
D S Sainik Model School,2730455,Swarn Park Mundka Delhi,110041,11,64599977,2261096,-,OP_LAKRA_SCHOOL@YAHOO.CO.IN,matha_school@yahoo.com,1994,Asha Rani Dabas,Secondary School,D S Sainik Educational Society,-,West Delhi
D T E A Sr Sec School,2774021,Sect 4 R K Puram New Delhi,110022,11,26175045,26537178,-,vmythili2011@yahoo.com,-,1964,V Mythili,Senior Secondary,Delhi Tamil Education Association,-,New Delhi
D T E A Sr Sec School,2774019,Laxmibai Nagar New Delhi,110023,11,24103616,25449680,-,sahnimeena14@gmail.com,-,1958,Meena Sahni,Senior Secondary,Delhi Tamil Education Assocation,-,New Delhi
D T E A Sr Sec School,2778051,Pusa Road New Delhi,110005,11,25818581,25818581,01887-22242,chitrav1961@gmail.com,-,1958,Chitra Vasagam,Senior Secondary,Delhi Tamil Education Association,-,New Delhi
D T E A Sr Sec School,2774014,Lodhi Estate New Delhi,110003,11,24611618,26176320,-,umaravi59@gmail.com,-,1924,Uma Ravi,Senior Secondary,Delhi Tamil Edu Assn (r),-,New Delhi
D V Public School,2730521,"F 205, Phase I Vijay Nagar Rohini Delhi",110085,11,"27044360, 27043496",9447360547,2300144,dvpublicschool89@gmail.com,-,1996,Poonam Singh,Senior Secondary,Dharam Yogic Avam Shiksha Sansthan,-,North West Delhi
D.A.V Public School,2730745,"Sector Vi, Dwarka, New Delhi-110075",110075,-,011-25082166,-,-,dav.cbse.dwarka@gmail.com,http://www.davdwarka.in,1990,Mrs.monika Mehan,Senior Secondary,Dav College Trust And Management Society,-,South West Delhi
D.A.V. Public School,2730617,"Plot No.3, Pocket-6, Jasola Vihar",110025,11,26947647,540,011-26947647,vinod.barthwal@gmail.com,http://www.davjasola.com,1991,V K Barthwal,Senior Secondary,Registration Act 1860,-,South Delhi
D. K. Convent School,2730842,"B-block, Gali No. 110, Sant Nagar, Burari, Delhi-110084",110084,-,9871401476,-,-,dkconventschool@yahoo.com,http://www.dkconventschool.com,2003,Mrs. Bharti Joshi,Secondary School,Daya Kishan Educational & Welfare Society,-,North West Delhi
D.A.V.Centenary Public School,2730602,"D.a.v.centenary Public School,sector B-4,pocket-5,dda Project Nareladelhi",110040,11,27784139,01781-238564,011-27282139,bjha.dav@gmail.com,-,1987,Bimlesh Jha,Senior Secondary,Dayanand Anglo Vedic College Trust And Management Society,-,North West Delhi
Bal Deep Model School,2730857,"Karan Vihar, Part-v, Opp. Pocket-1, Sector-20, Rohini, Delhi-110086",110086,-,9868263129,-,-,baldeepmodelschool1412277@gmail.com,www.baldeepmodelschool.in,2006,Mrs. Pratibha,Secondary School,Om Shiv Educational Society,-,North West Delhi
Bal Mandir Public School,2730120,Defence Enclave Vikas Marg Opp. Preet Vihar Petrol Pump Delhi,110092,11,"22548371, 22248371",22438378,-,principalbalmandir@gmail.com,http://universalacademy.in/,1981,Santosh Ahuja,Senior Secondary,Bal Hakikat Shiksha Samiti,-,East Delhi
Bal Niketan Public School,2730378,A-59 Sangam Vihar New Delhi,110082,11,01126047575,-,-,balnpschool@gmail.com,www.bnps.co.in,1986,Mr. Baikunth Narain K K Chaturvedi,Senior Secondary,Shri Bindhyachal Chaube Memorial Educational Society,-,New Delhi
Bal Vidya Mandir Model School,2730418,Pooth Kalan  Near Rohini Sector 20 Delhi,110041,121,25185938,25473680,-,-,-,1996,Sh Bhoop Singh,Secondary School,Mukhtiyar Singh Samriti Shiksha Sam,-,West Delhi
Bala Pritam Guru Harkishan International Public School,2730170,Vasant Marg Vasant Vihar New Delhi,110057,11,"26147797, 26148674",9810704692,26148674,PRASHANT_SHRIVASTAVA11@GMAIL.COM,-,1985,Adarsh Juneja,Senior Secondary,"Uttar Pradesh Samaj,delhi",-,South Delhi
Bal Vidya Model School,2730677,"B-247, Laxmi Park, Nangloi",110041,5943,9811230325,-,-,bvss8857@gmail.com,-,-,Mrs. Savita,Senior Secondary,-,-,West Delhi
Balvantray Mehta Anguri Devi Shersingh Memorial Academy,2730285,Block E G & H Greater Kailash Ii New Delhi,110048,11,29228815,9711981551,-,scbasma11@hotmail.com,www.bmvbasma.com,1987,Richa Sharma,Senior Secondary,Sheer Singh Mem Academy,-,New Delhi
Banasthali Public  School,2730148,"H-1/149 Vikaspuri, Distt West Delhi, New Delhi",110018,11,"25590912, 25615424",011-25693777,25694947,apsdc@indiatimes.com,http://apsdelhicantt.org,1972,Km Indu Priya Darshani,Senior Secondary,Anand Prakash Charitable Edn. Trust,-,West Delhi
Bansidhar Memorial Girls Sr Sec Sch,2788008,Pahari Dhiraj Delhi,110006,11,23550247,25553787,-,Kusumlata87569@gmail.com,-,1962,Kusum Lata,Senior Secondary,Delhi Administration,-,North Delhi
Bapu Adarsh Sec Vidyalaya,2778056,R Block New Rajinder Nagar New Delhi,110060,11,28745471,22240584,-,bapuadarshindia@gmail.com,-,1953,Mrs Asha Kadam,Secondary School,B A V Society,-,New Delhi
Basava International School,2730543,"Site No. 1, Sector-23, Dwarka, Distt South West Delhi, Delhi",110075,11,28051462,28051462,0621-2282823,principal@basavainternational.school,http://www.sacredheart.com,1986,Manimala Roy,Senior Secondary,Sacred Heart Sisters Training School,-,South West Delhi
Bengali Sr Sec School,2778003,22-a Alipur Road Delhi,110054,11,23967864,23956591,-,rama.mazumder452@gmail.com,-,1899,Rama Mazumder,Senior Secondary,Managing Committee,-,North Delhi
Bhagati Ji Memorial Model School,2730472,34/8/1 Yamuna Road Palla Delhi,110036,11,"9899268637, 27721369",-,-,bmms.principal@gmail.com,www.bmms.in,1990,Mr. Jai Prakash,Secondary School,Surya Dev Education Society,-,North West Delhi
Bhagat International School,2730849,"Kh. No. 26/8, Mohamad Pur Majri, Rama Vihar, Delhi, 110081",110081,-,9999099052,-,-,bhagat.intlschool@gmail.com,http://www.bhagatinternationalschool.com,2006,Mrs. Kavita,Secondary School,Shradhey Bhagwati Devi Educational & Welfare Society,-,North West Delhi
Bhagirathi Bal Shiksha Sec School,2730607,"D-7/53, D Block, Gali No 7, Dayalpur Ext. Delhi",110094,11,22171750,26897437,24114639,bhagirathi_secschool@yahoo.com,-,1987,Poonam Sharma,Secondary School,Sadhu Vaswani Mission New Delhi,-,East Delhi
Bhai Biba Singh Khalsa Sr Sec Sch,2776010,Moti Nagar New Delhi,110015,11,9899337276,25787732,-,princibbskhalsa@gmail.com,-,1962,I P Kaur,Senior Secondary,Parent Body Sh Guru Singh Sabha,-,New Delhi
Bhai Joga Singh Kh Girls Sr Sec Sch,2786003,East Patel Nagar New Delhi,110008,11,25883297,1125883297,-,anitagujral1961@gmail.com,-,1959,Anita Gujral,Senior Secondary,Bhai Joga Singh Trust,-,West Delhi
Bhai Joga Singh Public School,2730145,"D 4 Faiz Road Karol Bagh, Distt Central Delhi, New Delhi",110005,11,"23611058, 2517343",25410918,01334-260050,harinder183@yahoo.com,-,1984,Harinder Pal Singh,Senior Secondary,Bhai Joga Singh Trust,-,Central Delhi
Bhai Parmanad Vidya Mandir,2730394,"Surya Niketan Anand Vihar, Delhi",110092,11,22375373,011-28741389,011-223753,bvm.cbse@bvmschool.in,www.bvmschool.in,1991,Ajay Pal Singh,Senior Secondary,Bhai Parmanand Samarak Samiti,-,East Delhi
Bharat Public School,2730825,"J-1/10, Saurabh Vihar, Jaitpur Extensiion, Badarpur",110044,-,01126669466,-,1126669466,bps1april@gmail.com,http://www.bpsjaitpur.in,1998,Mrs. Alka Verma,Senior Secondary,Bharat Public School Education Society,-,South East Delhi
Bharat Mata Saraswati Bal Mandir,2730293,Bawana Road Narela Delhi,110040,11,27285165,27285869,-,naresh04061975@gmail.com,-,1992,Sharda Dixit,Senior Secondary,Raja Ram Hari Krishan Dharmik Trust,-,North West Delhi
Bharat National Public School,2730098,Ram Vihar Karkardooma Delhi,110092,11,"22378070, 22168070",22144959,22372635,KANWALJEET06@GMAIL.COM,http://www.bnpsramvihar.c,1971,Kanwaljeet Khungar,Senior Secondary,Bharat National Sch Edn. Society,-,East Delhi
Bharat Shakti Public School,2730408,J 51 Krishan Vihar Delhi,110041,-,-,-,-,-,-,1990,Mrs Indu Bala,Secondary School,Bharat Shakti Public School Edn Soc,-,West Delhi
Bharatiya Vidya Bhavan's Mehta,2730011,Vidyalaya Kasturba Gandhi Marg New Delhi,110001,11,23384881,23384646,011-24648530,principal@bvbmehtavidyalaya.org,airfcebalbharatischool.com,1957,Anju Tandon,Senior Secondary,Bharatiya Vidya Bhavan,-,New Delhi
Bhardwaj Model School,2730659,"Rz-q-88, Nihal Vihar, North West Delhi",110041,11,65164123,80763,-,bhardwajmodelschool88@gmail.com,-,2003,Neeru Sharma,Secondary School,Anmol,-,North West Delhi
Bharti Public School,2730534,"Kodali, Mayur Vihar, Distt East Delhi, Delhi",110096,11,22624256,25540253,6135570,ssbpsmv@gmail.com,-,2002,Shalini Sabharwal,Senior Secondary,Shri Krishna Edn Soc,-,East Delhi
Bharti Public School,2730185,"Swasthya Vihar, Distt East Delhi, Delhi",110092,11,"22502878, 22212878",22421214,475834,savita.arora@bps.edu.in,-,1980,Savita Arora,Senior Secondary,Bharti Educational Trust,-,East Delhi
Bharti Vidya Niketan Public School,2730694,"A-26, Ranjeet Vihar, Chander Vihar,",110041,884,01132584022,8284143,-,nkmahajanfca@gmail.com,-,2002,Mrs.jyoti Kiran,Senior Secondary,Sh. Zile Singh Memial Welfare Society,-,West Delhi
Bhatnagar International School,2730193,Sector-b Pocket -10  Vasant Kunj New Delhi,110070,11,"26891277, 26891277",25784397,4064581177,principalbisvasantkunj@gmail.com,http://www.thecreekschool.com,1990,Shilpa Bhatnagar,Senior Secondary,Virender Bhatnagar Samsthan,-,New Delhi
Bhatnagar International School,2730711,"Bhera Enclave, Paschim Vihar,",110087,11,25262188,-,011-25273006,vinasharma26@yahoo.in,-,2011,Vina Sharma,Senior Secondary,Manav Shiksha Samiti,-,West Delhi
Bhavan's Sawan Public School,2730022,"Bhatti Mines Road, Asola, Distt South Delhi New Delhi",110030,7712,"26654080, 26654159",26653352,6806461,sawanschooldelhi@gmail.com,www.sawanschooldelhi.com,1974,Dr S C Biala,Senior Secondary,Bhartiya Vidya Bhavan,-,South Delhi
Bhisham Pitamah Govt. Sarvodaya Boys,2752012,S S S  B Block Nand Nagri Delhi,110093,11,22575804,2845457,-,-,-,1980,Pramod Kumar,Senior Secondary,Delhi Administration,-,East Delhi
Bholi Ram Public School,2730739,"Indira Park, Najafgarh, New Delhi-110043",110043,11,09212650479,-,1125012068,jaincomputerwala@gmail.com,http://www.bholirampublicschool.in,1998,Mr. Pradeep Tehlan,Senior Secondary,Bholi Ram Memorial Educational Society,-,South West Delhi
Bidhan Chandra Vidyalaya Sr Sec Sch,2774022,Moti Bagh New Delhi,110021,11,24672291,9871172720,-,dattasumita@gmail.com,-,1962,Sumita Datta,Senior Secondary,Bengal Education Society Moti Bagh,-,South West Delhi
Bipin Chandra Pal Govt.Sarvodaya,2762005,Kanya Vidyalaya Babar Pur Shahdara Delhi,110032,11,22821559,2544454,-,babarpur2008@yahoo.in,-,-,Madhu Bala,Senior Secondary,Directorate Of Edu Delhi Admn,-,East Delhi
Birla Arya Girls Sr Sec School,2788041,Birla Lines Kamla Nagar Delhi,110007,11,23840219,1123840219,-,bagssskamlanagar1207135@gmail.com,-,1934,Sunita Khurana,Senior Secondary,Managing Committee Birla School,-,North Delhi
Birla Sr Sec School,2778063,Kamla Nagar (birla Lines) Delhi,110007,-,"27281546, 27129225",27279896,-,-,-,1934,R D Gupta,Senior Secondary,Birla School Managing Committee,-,North Delhi
Bloom Public School,2730268,Sector C Pocket 8 Vasant Kunj New Delhi,110070,11,"26897972, 26897972",2356328,2249005,ashutoshbatta@bloompublicschool.org,http://www.sandeepni.com,1997,Ashutosh Batta,Senior Secondary,-,-,New Delhi
Birla Vidya Niketan,2730115,"Pushp Vihar Sector Iv, Distt South Delhi, New Delhi",110017,11,"29578960, 2XXXXXXX",1242578357,1129561940,principal@birla.ac.in,-,1983,Minakshi Kushwaha,Senior Secondary,Birla Academy Of Art And Culture,-,South Delhi
Blooming Dales Public School,2730444,Rajendra Park Near Lokesh Cinema Nangloi Delhi,110041,11,65456504,2065221,-,bloomingdalespublicschool@yahoo.co.in,-,1997,Urmila Devi,Secondary School,Nirmal Education Society,-,West Delhi
Bosco Public School,2730174,Sunder Vihar Paschim Vihar New Delhi,110041,11,25284343,25575820,-,principal@boscopublicschool.com,-,1970,Sujata Chawdhry,Senior Secondary,Indira Adarsh Shiksha Samiti,-,West Delhi
Blue Bells School,2730027,Opp L S R College Kailash Colony New Delhi,110048,11,"29235679, 26432963",26515124,6231920,suman.kumar@bluebellsinternational.com,-,1956,Suman Kumar,Senior Secondary,Blue Bells Educational Society,-,South Delhi
Brain International School,2730582,"H  Block Vikas Puri, West Delhi",110018,11,28544328,-,-,behl_seema50@hotmail.com,-,2006,Seema Behl,Senior Secondary,Monarch Educational Society,-,West Delhi
Brahma Shakti Public School,2730450,Bharat Vihar Begumpur Delhi,110041,11,65556664,25478858,1276-242169,brahmashaktipublicschool2012@gmail.com,-,1995,Gita Devi,Senior Secondary,Shiv Shakti Vikas Samiti,-,West Delhi
Brilliant's Convent,2730565,"West Enclave, Pitampura, Delhi-110034",110034,11,27028625,011-27452444,-,reetahashia_bcs@rediffmail.com,-,2005,Reeta Hashia,Senior Secondary,New Star Education Society,-,North West Delhi
Bsm Public School,2730535,"Sultan Pur Road,",110081,11,65257211,28562544,-,bsmpublicschool.karala@gmail.com,http://www.chinmayamission.g,1990,Renu Mathur,Senior Secondary,Chinmaya Seva Samiti Trust(r),-,North West Delhi
Butler Memorial Girls Sr Sec School,2788002,17 Bouleverd Road Delhi,110054,11,23968530,26415914,-,dhirajkhan10@gmail.com,-,1925,Dhiraj Khan    School Incharge,Senior Secondary,Methodist Church Of India,-,North Delhi
Buds Paradse School,2730763,"135/7/2, Pusta Road, Sant Nagar, Burari, Delhi-110084",110084,-,8860601789,-,-,onlinebps@gmail.com,-,2000,Mr.rajiv Kumar Dubey,Secondary School,New Buds Educational Society,-,North Delhi
C L Bhalla Dayanand Model School,2730250,"Plot No 7 Jhandewalan, Distt Central Delhi, New Delhi",110005,11,"23527644, 27533812",25745731,-,sharda.oberoi1811@gmail.com,-,1981,Sharda Rani,Senior Secondary,Pine Crest School Society,-,Central Delhi
C L Bhalla D A V Sr Sec School,2778027,Jhandewalan New Delhi,110005,11,23546022,25588570,-,clbdav23@yahoo.com,-,1948,Arun Arya,Senior Secondary,D A V College Managing Committee,-,New Delhi
C R P F Public School,2730164,"Sector Xiv Rohini, Distt North West Delhi, Delhi",110085,11,"27562305, 27264505",27072973,24865968,nidhichaudhary14@gmail.com,-,1988,Nidhi Chaudhary,Senior Secondary,Crpf Employees Educational Society,-,North West Delhi
C R Saini Public School,2730576,"E-block, Laxmi Park, Saini Vihar, Nangloi, Distt West Delhi, Delhi-41",110041,161,4132622662,1612880530,4132622661,rodhemsell@yahoo.com,http://www.auroville.org.in,1994,-,Senior Secondary,Auroville Foundation,-,West Delhi
C.R.Dass Govt.Sarvodaya Girls,2762001,Sr Sec School New  Seelampur Delhi,110053,11,22172528,9968084083,-,kishwer.jahan1@gmail.com,-,1974,Shashi Kanta Dass,Senior Secondary,Delhi Administration,-,East Delhi
C.R.Oasis Convent School,2730666,"Pole New Line , Vill. & Post Office Paprwat, New Delhi-110043",110043,11,65570410,22429480,011-25012068,manbirsingh2011@gmail.com,-,2006,Manbir Singh,Senior Secondary,B.l. Educational & Social Welfare Soceity,-,South West Delhi
Cambridge School,2730016,Sriniwaspuri Ring Road New Delhi,110065,11,"26831076, 26910485",24625248,6841075,cambridgeschoolsnp@gmail.com,-,1931,Aparna Seebaluck,Senior Secondary,Society For The Advancement Of Educ,-,South Delhi
Canterbury Public School,2730556,"B- Block, Yamuna Vihar, Delhi",110053,11,22917165,233584,05281-256458,stjoseph_eng08@rediffmail.com,-,1997,Ms. Usha Mudgan,Secondary School,Catholic Diocese Of Jhansi Education Society,-,North East Delhi
Carmel Convent School,2730028,Diplomatic Enclave Chanakyapuri New Delhi,110021,11,26871299,-,0374-2334525,mariatina14@gmail.com,-,1957,Sr.tina Maria D'souza,Senior Secondary,The Apostolic Educational Society,-,New Delhi
C.Rajagopalachari Govt.,2762035,Sarvodaya G.s.s.sch. No 2 Ghonda Delhi,110053,11,22565874,-,-,sbtripathi1958@gmail.com,-,1985,Sudhir Bhusan Tripathi,Senior Secondary,Delhi Administration Delhi,-,East Delhi
Cambridge Public School,2730788,"C - 2, Sangam Vihar, New Delhi",110062,-,9560182444,-,-,sanjeev.siwas@gmail.com,http://www.cambridgeschool.net.in,2005,Mrs.sneh Kunj,Secondary School,Shivlal Educational Charitable Trust (regd),-,South Delhi
Cambridge Foundation Sr Sec School,2730051,G-8 Area Rajouri Garden Extn New Delhi,110027,11,"41001113, 25440590",25932410,-,principal@cambridgefoundationschool.in,-,1966,Anita Puri,Senior Secondary,Cambridge Foundations Edu Society,-,New Delhi
Arwachin Bharti Bhavan Sr Sec School,2772001,Balbir Nagar Shahdara Delhi,110032,11,22326506,22293107,-,sharmavinita2040@gmail.com,-,1960,Vineeta Sharma,Senior Secondary,Arwachin Shiksha Samiti Balbir Ngr,-,East Delhi
Arwachin International School,2730637,Pocket -b Facility Centre Dilshad Garden Delhi,110095,11,22123506,-,011-22586088,principal@arwachininternationalschool.com,-,2003,Swapna Nair,Senior Secondary,Arwachin Shiksha Samiti,-,North East Delhi
Arwachin Bharti Bhawan Sr Sec Sch,2730090,"C-block Vivek Vihar, Dist East Delhi, Delhi",110095,11,"22141630, 22141630",22295823,-,abb.urmi@gmail.com,-,1973,Urmila Sharma,Senior Secondary,Arwachin Shiksha Samiti,-,East Delhi
Arvind Gupta D A V Centenary Public School,2730224,Model Town Behind Police Hqts Delhi,110009,11,"27455245, 27130846",22228946,1752651088,principal@agdav.edu.in,-,1986,Mala Sood,Senior Secondary,-,-,North West Delhi
Arwachin Shiksha Sadan School,2730429,B 51 Shanti Nagar Karawal Nagar Extn Delhi,110094,11,22934216,9717581151,-,arwachinshikshasadan@gmail.com,-,1993,Kusum Lata Sharma,Secondary School,Deepak Shiksha Samiti,-,North East Delhi
Arya Girls Sr Sec School,2788007,Teliwara Delhi,110006,11,23614670,27221056,-,asha.chhabra1234@gmail.com,-,1909,Ms. Namita Arora,Senior Secondary,Arya Putri Pathshala Teliwara Trust,-,North Delhi
Arya Girls Sr Sec School,2788034,Rahgarpura Karol Bagh New Delhi,110005,11,25818412,27111207,-,agsss8078@gmail.com,-,1929,Raj Kumari,Senior Secondary,Saroj Bala Bansal,-,New Delhi
Arya Samaj Girls Sr Sec School,2788011,Chawri Bazar Delhi,110006,11,23268046,23951773,-,id_2127083@yahoo.co.in,-,1909,Archana Aggarwal,Senior Secondary,Arya Samaj G Hr Sec School Trust,-,North Delhi
Aryaman Public School,2730756,"Aryaman Public School, Rz-127, Main Khaira Road, Najafgarh, New Delhi-110043",110043,11,28010529,-,-,madamsunil6@gmail.com,-,2006,Sunil Kumari,Secondary School,Gyanwati Educational Society,-,South West Delhi
Atal Adarsh Balika Vidyalya,2788021,Gole Market New Delhi,110001,11,23743701,26416466,-,-,-,1935,Mukta Singh,Senior Secondary,New Delhi Municiple Committee,-,New Delhi
Atal Adarsh Bal Vidyalya,2778030,Mandir Marg New Delhi,110001,11,23363629,23355960,-,srisolu62@gmail.com,-,1917,Narender Kumar Kataria,Senior Secondary,New Delhi Municipal Committee,-,New Delhi
Atal Adarsh Bengali Balika Vidyalaya,2788022,Gole Market New Delhi-110001,110001,11,23744090,23013013,-,hariprasad.meena@yahoo.com,-,-,Jaya Sree Basu,Senior Secondary,New Delhi Municipal Committee,-,New Delhi
Atal Adarsh Vidyalaya,2778010,"Aurangzeb Lane,new Delhi",110006,-,23263257,25409829,-,-,-,1912,Ram Lal Jain,Senior Secondary,Shri Mahavir Jain Education Society,-,North Delhi
Arya Kumar Convent School,2730691,"Durga Vihar, Phase-i, Roshan Pura, Najafgarh, New Delhi -110043",110043,11,7065680729,-,011-25012068,ektamattoo@yahoo.in,http://www.aryakumarconvent.com,2003,Ekta Mattoo,Secondary School,Arya Kumar Social Services & Educational Society,-,South West Delhi
Atal Adarsh Vidyalya,2778069,Babar Road New Delhi,110001,11,23358337,9968301468,-,ndmc.secschbbrrd@gmail.com,-,1994,Bishun Ram,Secondary School,Dir. Of Education,-,New Delhi
Atal Adarsh Vidyalya,2788044,Havlock Square New Delhi,110001,11,23366714,27110606,-,sureshmeena965@gmail.com,-,1934,Suresh Chandra,Senior Secondary,Navshakti Educational Society,-,New Delhi
Atal Adarsh Vidyalya,2788040,"Balmiki Basti, New Delhi",110001,11,23367030,25588903,-,blk.m@ndmcmail.gov.in,-,1988,Shyam Sunder,Secondary School,N D M C,-,New Delhi
Atal Adarsh Vidyalya,2774037,"Kidwai Nagar , New Delhi",110023,11,24654905,22820698,-,monika.anand@gmail.com,-,1974,Monika  Anand,Senior Secondary,New Delhi Municpal Committee N Delh,-,South Delhi
Atal Adarsh Vidyalya,2774027,Moti Bagh-i New Delhi-110021,110021,11,26881737,25423979,-,ritugupta1022@gmail.com,-,1974,Ritu Gupta,Senior Secondary,New Delhi Municpal Committee N Delh,-,New Delhi
Atal Adarsh Vidyalya,2774025,Laxmi Bai Nagar New Delhi,110023,11,26881247,25589372,-,hariprasad.meena@yahoo.com,-,1963,H P Meena,Senior Secondary,New Delhi Municipal Committee,-,New Delhi
Atal Adarsh Vidyalya,2778070,"Sangli Mess, New Delhi",110001,11,23383403,9312553024,-,tanwar.dinesh1966@gmail.com,-,1954,Dinesh Kumar Tanwar,Secondary School,Arya Priti Nidhi Sabha Punjab,-,New Delhi
Atal Adarsh Vidyalya,2774040,"Netaji Nagar, New Delhi",110023,11,24122072,9711386877,-,munna1960lal@gmail.com,-,1987,Munna Lal,Secondary School,Delhi Administration,-,New Delhi
Atal Adarsh Vidyalya,2774039,"Kitchner Road, New Delhi",110021,11,24101037,9013383342,-,ktr.m@ndmcmail.gov.in,-,1963,Pankaj Sharma,Secondary School,New Delhi Municipal Committee,-,New Delhi
Atal Adarsh Vidyalya,2774026,Lodhi Estate New Delhi,110003,11,24604731,25446451,-,RAM1965KUMAR@YAHOO.COM,-,1974,Ram Kumar,Senior Secondary,N D M C,-,New Delhi
Atal Adarsh Vidyalya,2778071,Aliganj New Delhi,110035,11,27395005,27773769,-,alg.p@ndmcmail.gov.in,-,1958,-,Secondary School,Delhi Administration Delhi,-,South Delhi
Atal Adarsh Vidyalya,2774035,"Lodhi Road , New Delhi",110003,11,24635524,9.91E+19,-,arunbhanot2010@gmail.com,-,1985,Arun Bhanot Incharge,Senior Secondary,N D M C,-,South Delhi
Atal Adarsh Vidyalya,2778072,"Babu Market, Sarojini Nagar, New Delhi",571104,11,24122084,53168,-,sn3.p@ndmcmail.gov.in,-,1990,Sunil Kumar,Secondary School,"C T S A, New Delhi",-,New Delhi
Atal Adarsh Vidyalya,2754078,"Ansari Nagar, New Delhi",110016,11,26190616,25597678,-,ANS.SS@NDMCMAIL.GOV.IN,-,1959,Bhopal Singh,Senior Secondary,N D M C,-,New Delhi
Atal Adarsh Vidyalya,2778045,Tilak Marg New Delhi,110001,11,23382635,22207271,-,tlk.s@ndmcmail.gov.in,-,1974,Navin Chandra Joshi,Senior Secondary,New Delhi Municipal Committee,-,New Delhi
Atal Adarsh Vidyalya,2764060,Bapu Dham New Delhi,110021,11,26114866,42404129,-,gbpd.s@ndmcmail.gov.in,-,1990,Asha Datt,Senior Secondary,N Delhi Municipal Committee,-,New Delhi
Aurobindo Public School,2730353,Budh Vihar Delhi,110041,-,"27916608, 25460128",-,-,-,-,1988,Ms Janak Mehra,Secondary School,Ch Heera Lal Shik Samiti,-,West Delhi
Avinash Chandra Chadha Govt.Sarvodaya Bal Vidyalaya,2752016,Jhilmil Colony Delhi,110095,11,22151143,22284998,-,anilguru_ji@rediffmail.com,-,1964,Anil,Senior Secondary,Delhi Admn,-,East Delhi
B D Arya Girls Sr Sec School,2788016,Bazar Sita Ram Delhi,110006,11,23231602,27137219,-,navita_mangla@yahoo.co.in,-,1959,Navita Mangla,Senior Secondary,Bhagirthi Devi Charitable Society,-,North Delhi
B M Bharti Model School,2730441,Village Majri Po Karala Delhi,110081,11,25950500,-,-,nkmahajanfca@gmail.com,-,1994,Mrs. Neeta Kumari,Senior Secondary,Bhagat Memorial Bharti Educational Society,-,North West Delhi
B G S International Public School,2730460,Sector-5 Dwarka New Delhi,110075,11,"25086353, 25086374",011-25073103,25086436,punam_pgupta@yahoo.co.in,http://www.bgsips.net,2003,Punam Gupta,Senior Secondary,Shri Adichurichanagiri Edu Trust,-,South West Delhi
B N Rastogi Girls Sr Sec School,2788037,Bhagirath Palace Delhi,110006,11,22966497,26847503,-,-,-,1953,Kshem Rustgi,Senior Secondary,Bnrastogi Memial Ind School Trust,-,North Delhi
B M Gange Girls Sr Sec School,2788001,21 Raj Niwas Marg Delhi,110054,11,23968664,9999975891,-,62meenakshi@gmail.com,-,1915,Meenakshi Mercy Philip,Senior Secondary,Baptist Union Of Nth India Regd,-,North Delhi
B P Jaipuria Girls Sr Sec School,2788003,25 Rajpur Road Delhi,110054,11,22522812,26843563,-,-,-,1961,Prem Handoo,Senior Secondary,B P Jaipuria Charitable Trust,-,North Delhi
B R Public School,2730491,Ext 2 C Nangloi New Delhi,110041,11,2547062,-,1125012068,jaincomputerwala@gmail.com,http://www.brps.in,-,Mrs. Nirmal Yadav,Secondary School,-,-,West Delhi
B R Mehta Vidya Bhawan Sr Sec School,2774028,Lajpat Bhawan Lajpat Nagar New Delhi,110024,11,26438426,26174107,-,mukeshchand.71@gmail.com,-,1961,Mukesh Chand,Senior Secondary,Servants Of The People Society,-,New Delhi
B R Tyagi Public School,2730286,"Phase-ii  Sector 24, Budh Vihar Delhi",110086,11,27535949,1127510213,27531529,mayatyagi2@gmail.com,-,2000,Maya Tyagi,Senior Secondary,-,-,North West Delhi
B V M Model School,2730425,"B 245 Rajiv Nagar Begumpur, Distt North West Delhi, Delhi",110041,11,27582741,9760023905,-,principlebvmschool@gmail.com,-,1995,Kanta Devi,Senior Secondary,Brahm Rishi Vashista Mem Edu And Social Welfare Soc,-,North West Delhi
B.S. International School,2730772,"Plot No. 26, Dalip Vihar, Nilothi Extn., Delhi - 110041",110041,-,9811120850,-,-,nkmahajanfca@gmail.com,-,2006,Mrs. Anita Shokeen,Senior Secondary,Shri Dalip Singh Educational & Welfare Society,-,West Delhi
B.S.M. Public School,2730658,"Baljit Vihar, Nithari Extn., Nangloi,",110041,128,01125475436,-,-,nkmahajanca@yahoo.co.in,-,2001,Neetu,Senior Secondary,Ch. Baljit Singh Memorial Education Society,-,North West Delhi
B.V.M. Public School,2730597,"Ajay Park, Naya Bazar, Najafgarh",110043,11,65634024,563066,011-25321042,praveensharma_bvm@hotmail.com,-,2005,Praveen Sharma,Senior Secondary,Dharma Education Society,-,South West Delhi
Baba Nanne Nath Govt Sarvodaya Kanya,2760009,Vidyalaya Khera Kalan Delhi,110082,11,27843014,-,-,bnn1310039skv@gmail.com,http://www.kdispilkhuwa.com,1963,Meenakshi Kohli,Senior Secondary,Delhi Administration,-,North West Delhi
Baba Neem Karoli Govt.Sarvodaya,2754082,Co-ed Sr Sec School Jonapur New Delhi,110047,11,26658104,26185708,-,bnkgovt_school@yahoo.com,-,1970,Sunita Tudu,Senior Secondary,Directate Of Education Delhi Administration,-,New Delhi
B.R. International School,2730851,"Main Qutabgarh Road, Mungeshpur, Delhi - 110039",110039,-,9811755706,-,-,brinternationalschool2016@gmail.com,www.brisdelhi.in,2006,Mrs. Natasha Chaudhary,Senior Secondary,Shruti Jain Educational & Social Welfare Society,-,North West Delhi
Baba Ram Dev Govt. Sarvodaya Girls,2768036,Sr Sec. School Prasad Nagar New Delhi,110005,11,25713700,25726882,-,brdskvprasadnagar212@gmail.com,-,1979,Ranju Ailawadi,Senior Secondary,Delhi Administration,-,New Delhi
Baba Saheb Ambedkar Sec School,2778026,Rani Jhansi Road New Delhi,110055,11,23531925,-,-,Rajbar67@gmail.com,-,1933,Rajbar Singh Bhandari,Secondary School,Ramjas Foundation Delhi,-,New Delhi
Babu Ram Sbv Bhola Nath Nagar Delhi-110 032,2752018,Delhi-110 032,110032,11,22304026,22415586,-,baburamsbv@gmail.com,-,1976,Virendra Kumar,Senior Secondary,Government,-,East Delhi
Babu Khemchand Advocate Memorial Public School,2730850,"Street  No. 56, Iind 6o Ft. Road, Subzi Mandi, Molarband Extension",110044,-,9315477126,-,-,sgrchaudhary77@gmail.com,thebkcamschool.com,2005,Mr. Mayank Mathpal,Secondary School,Late Babu Khemchand Modern Education Society,-,South East Delhi
Bachan Parshad Govt.Sarvodaya Girls,2764072,Sr Sec School Deoli New Delhi,110062,11,26047659,29227749,-,bpskvdeoli@gmail.com,-,1996,Lalita Tirkey,Senior Secondary,Directorate Of Education,-,New Delhi
Bal Bharati Public School,2730162,"Pitampura, Distt North West Delhi, Delhi",110034,11,"27028600, 27028700",22941282,7279451,ppbbps@hotmail.com,http://www.xyx.com,1984,Meenu Goswami,Senior Secondary,Child Education Society,-,North West Delhi
Bal Bharati Public School,2730559,"Sector-12, Phase-i, Dwarka, New Delhi-75",110075,11,28031970,-,011 28031552,principal_bbpsdw@yahoo.com,-,1997,Suruchi Gandhi,Senior Secondary,Child Education Society (regd.),-,South West Delhi
Bal Bharti Pub School,2730282,Sector 14 Rohini Delhi,110085,11,27554563,-,-,geeta29nov@yahoo.com,-,1996,Geeta Gangwani,Senior Secondary,Sri Srisha Edu And Chari Trust,-,North West Delhi
Bal Bhavan International School,2730630,"Bal Bhavan International School, Sector-12, Dwarka, Delhi - 75",110092,11,49997999,-,-,KUNALGUPTASAP@GMAIL.COM,-,2003,Kunal Gupta,Senior Secondary,Lagan Kala Upvan,-,South West Delhi
Bal Bhavan Public School,2730104,Pocket B Phase 2 Mayur Vihar Delhi,110091,11,"22776194, 22244591",22025094,22778303,bbpsmv@gmail.com,http://www.bbpsmv.com,1967,Bharat Bhushan Gupta,Senior Secondary,Lagan Kala Upvan Delhi,-,East Delhi
Bal Bhavan Public School,2730189,F-104/105 Laxmi Nagar Delhi,110092,11,"22540958, 22450520",22156300,-,saroj.gupta05@gmail.com,-,1980,Saroj Gupta,Senior Secondary,Lagan Kala Upvan,-,East Delhi
Bal Bharati Public School,2730045,Sir Gangaram Hospital Marg Rajinder Nagar New Delhi,110060,11,"25786897, 25719522",2.87E+15,25719522,lvsehgal@hotmail.com,bbpsgr@hotmail.com,1944,L V Sehgal,Senior Secondary,Child Education Society,-,West Delhi
