Aadharshila School,430151,"Nr. Pancheshwar Mahadev, Ahmedabad- Himmatnagar N.h No. 8, Valad Gandhinagar-382355",382355,79,07923277488,-,7923277108,aadharshila.cbseschool@gmail.com,http://www.aadharshila.edu.in,-,Mrs. Mamta Sharma,Senior Secondary,-,-,Gandhinagar
Aarya-Veer International School,430338,"At: Kuvadvarajkot-ahemdabad Highway,kuvadva Sardhar Road",360023,-,02812784201,-,2812784202,rishiparishad@gmail.com,http://www.aaryaveercampus.edu.in,2012,Mr.ankit,Secondary School,"Shri Vidhyavistar Kelavni Mandal,rajkot",-,Rajkot
Aavishkar School,430319,"Nr. Vadsar Canal, Ognaj Circle, S.p. Ring Road, Santej, Ta. Kalol, Dist. Gandhinagar",382721,79,9033333456,-,-,aavishkarscl@gmail.com,http://www.aavishkarschool.com,2015,Mrs. Neha Shah,Senior Secondary,A One Foundation,-,Gandhinagar
Academic Heights Primary School,430390,"B/h Enginnering Collage, Andhshala Road, Talav Falia, Chhapri",389151,-,953788929,-,-,deepakrathod8909@gmail.com,http://bachpanschooldahod.com,2014,Mrs. Priyavandana Y. Rathod,Secondary School,Chaitanya Charitable Trust,-,Dahod
Academic Heights Public School,430326,"P.d Pandya College Campus , Po:vatva G.i.d.c , Ghodasar",382445,79,65434424,9824030986,7965434424,ahps5054@academicheights.in,http://newmeghdoot.co.in/,2011,Chetna Patel,Secondary School,Meghdoot Education Trust,-,Ahmedabad
Adani Public School,430044,"Nana Kapaya, Mundra,distt.kutch,gujarat-370415",370421,2838,287260,2838284463,287208,adavschool@gmail.com,http://www.adanidavschool,1988,Anop Shukla,Senior Secondary,Bhudarmal Adani Chari Trust,-,Kutch-Bhuj
Aditya Birla Public School,430028,Kovayata Rajula Kovaya Distt Amreli Gujarat,365544,2794,283042,2794283042,283036,gyanesh.mathur@adityabirla.com,www.adityabirlaschools.co,1995,G S Mathur,Senior Secondary,"Arka Educatioanl And Cultural Trust , Bangale - 560004",-,Amreli
Adani Vidya Mandir,430132,"B/h Adani Cng Pump, Off. S. G. Highway, Makarba",380051,79,25557725,260367,-,principal@adanividyamandir.com,http://www.adanividyamandir.org,2008,Raji Jayaprasad,Senior Secondary,"Adani Foundation, Ahmedabad",-,Ahmedabad
Academic Heights Public School,430329,"Survey No. 248, Village-shinay,taluka Gandhidham,distt. Kutch,gujarat-370201",370201,2836,9726758866,-,-,ahps5036@academicheights.in,www.adipur.academicheights.in,2011,Mrs. Payal Dodani,Senior Secondary,Sanskruti-adipur (kutch),-,Kutch-Bhuj
Air Fce School,480007,"Air Fce Station,  Khavda Road Bhuj Kutch,gujarat,",370001,2832,02832244176,-,2832244176,airfceschoolbhuj@gmail.com,www.airfceschoolbhuj.g,2020,Mrs Shalini Kaistha,Senior Secondary,Iaf Educational And Cultural Society,-,Kutch-Bhuj
Agarwal Vidya Vihar,430057,Vesu Abhwa Road Near Drive In Theatre Vesu (e) Surat Gujarat,394007,261,"2914400, 2257496",9712622200,9712611100,director@agarwalvidyavihar.com,www.agarwalvidyavihar.com,2001,Bhupendra Malviya,Senior Secondary,Agarwal Samaj Vidya Vihar Trust,-,Surat
Ahmedabad Public School International,430170,"Nr. Airpt, Opp. Mother Dairy, On River Bank ( Indira Bridge)gandhi Nagar",382428,79,23969316,-,-,sulunair@gmail.com,-,2005,Smita Nair,Senior Secondary,Raj Foundation Trust,-,Gandhinagar
Academic Heights Public School,430372,"Near Vinayak Party Plot,munjka Vejagaam Road, Vejagaam",360005,-,02812468134,-,-,ahps5007@academicheights.in,http://www.academicheightsrajkot.in,2017,Mrs. Dina Indrajeetsinh Bhatti,Secondary School,Devi Educational And Charitable Trust,-,Rajkot
Academic Heights Public School,430328,At. Kasor - Ajarpur,388310,2692,285534,-,-,hema.patel20@yahoo.com,http://www.ahpsajr.wordpress.com,2013,Dr Patel Hema,Secondary School,Nurture Charitable Trust,-,Anand
Akshar International School,430210,"R G Barot Education Campus, Ambika Nagar,bhiloda",383245,2771,233477,7984343405,02771-257047,principalaisbhiloda@gmail.com,http://www.rgbec.org,2008,Mr.dilip Singh Rathod,Secondary School,Samaj Seva Trust,-,Sabarkantha/Himmatnagar
Alchemy School,430171,"31 / A, At. & Po Ladvi, Taluka : Kamrej Dist. Surat",394325,257,9510932531,263054,-,vp.alchemyschoolsurat@gmail.com,-,2010,Khushman Vaid,Senior Secondary,Shree Navchetan Education And Charitable Trust,-,Surat
Amarchand Singhvi International School,430184,"Parekh Parisar, Ward 7 A, Gandhidhamkutch-bhuj",370201,2836,257500,-,-,singhvischool@gmail.com,-,2009,Mridul Varma,Senior Secondary,Shri Rajasthan Jain Navyuvak Mandal,-,Kutch-Bhuj
Air Force School Naliya,420100,"Tehsil - Abdasa, Kutch, Gujarat, Po - Naliya",370655,-,02831278288,-,-,afschoolnaliya@gmail.com,https://www.airforceschoolnaliya.edu.in,-,Shivani Johar,Secondary School,Indian Air Force Educational And Cultural Society,-,Kutch
Aga Khan School,430384,"G.e.b. Roadmundra, Kutchgujarat - 370 421",370521,-,02838222583,-,-,info.aksm@akesi.org,https://www.agakhanschools.org/India/AKSM/Index,2006,Mr. Giridhar Reddy,Senior Secondary,Aga Khan Education Service India,-,Kutch-Bhuj
Aditya Birla Public School,430035,Birladham Kharach Bharuch Kosamba ( R.s.) Gujarat Gujarat,394120,2646,"270309, 31892",2646271808,270310,peu.chakraborty@adityabirla.com,-,-,Peu Chakraborty,Senior Secondary,Bvb Mumbai,-,Bharuch
Air Force School Gandhinagar,420101,"Near Police Station, , Sector-9",382007,-,07923243465,-,-,afschoolgandhinagar@gmail.com,https://www.afschoolgnr.com,-,Seema Tiwari,Secondary School,Iaf Educational And Cultural Society,-,Gandhinagar
Ambe Public School,430214,"Vemali Building, Vemali, Sama- Savali Road",390024,265,02652714277,-,2652714109,ambepublicschool@gmail.com,http://www.ambepublicschool,2013,Mrs.sheetal Patel,Senior Secondary,Shreeji Education Trust,-,Vadodara (Baroda)
Air Fce School,480003,A F S Jamnagar Gujarat,361003,288,2710833,2661855,-,rajyalaxmi_bhat@yahoo.com,http://www.yahoo.com,-,Rajyalaxmi Bhat,Senior Secondary,Air Fce Station Through,-,Jamnagar
Airport School,430133,"Aai Residential Quarters, Sardarnagar",382475,79,22864175,-,-,shalinidhanwani@yahoo.com,-,1977,Shalini Dhanwani,Senior Secondary,Airport School Association,-,Ahmedabad
Ambe School,430105,"Opp. Suncity, Darbar Chowkdi Road, Distt Vadodara (baroda), Gujarat",390010,265,2642264,9904103573,0265-6584962,dhirbright@gmail.com,http://www.ambevidyalaya.org,2005,Singh Dhiraj Dipsingh,Senior Secondary,Aum Education Trust,-,Vadodara (Baroda)
American School Of Baroda,430062,Opp Sayajipura Ajwa Nimeta Road Vadodara Gujarat,390019,265,6545155,9275120396,-,admin@asobaroda.org,http://www.asobaroda.g,1976,Sasmita Mishra,Senior Secondary,Guruji Shree Sandipani Edu Trust,-,Vadodara (Baroda)
Ambuja Vidya Niketan,430018,Ambuja Nagar Tal-kodinar Distt Gir Somnath Gujarat,362715,2795,"232372,3631265, 3631265",-,279220328,avnambujanagar@gmail.com,http://www.ambujacementschool.org,-,Mrs. Umadevi Yeddlapalli,Senior Secondary,-,-,Gir Somnath??
Amity School,430109,"Dayeh By Pass Road, Bharuch, Gujarat",392001,2642,239635,260367,02642 239635,amitycbseprincipal@gmail.com,http://www.amityschool.net,1986,Reena Tiwary,Senior Secondary,Gyanada Educational Trust,-,Bharuch
Amity International School,430240,"Luwara, N. H. No.8,",392001,-,9081325251,-,-,shalinjohn77@yahoo.co.in,http://aisbharuch.org,2004,Shalin John,Senior Secondary,Gyanoday Educational And Medical Trust,-,Bharuch
Anand  Niketan Bharuch Campus,430417,"Sr. No. 184/b, Near Chavaj Chowkdi, Chavaj Paguthan Road, District Bharuch.",392015,-,9737047301,-,-,info.anandinternationalschool@gmail.com,http://anandniketan.edu.in/,2012,Mrs. Sunita Patnaik,Secondary School,Punarutthan Trust,-,Bharuch
Amrita Vidyalayam,430104,"Plot No.83near Revamani Halljanata Nagar Roadghatlodia, Distt Ahmedabad, Gujarat",380061,79,27452009,-,079-27452009,ammasuma@gmail.com,http://www.amritapuri.org,2003,Uma Venkitachalam,Senior Secondary,Mata Amritanandamayi Math,-,Ahmedabad
Anand Niketan Eklavya Model Residential School,420115,"Kaju Faliya, Post Kaprada",396065,-,9313056858,-,-,anemrskaprada@gmail.com,www.anandniketan.edu.in,-,Vasantkumar Pathak,Middle Class,Gujarat State Tribal Education Society,-,Valsad
Anand Niketan School,430168,"Mehsana, Mehsana Unjha Highway, Moti Dau Village, Dist. Mehsana",384121,2765,9924100068,06767-248116,-,bindithomas@gmail.com,www.anmschool.com,2009,Bindi Thomas,Senior Secondary,Sarjan Foundation,-,Mehsana
Anand Vidya Vihar,430042,"Haarinagar Society Gotri Road Vododara, Gujarat",390023,265,"2399541, 311340",-,-,POORNIMA510@YAHOO.CO.IN,anandvidyavihar.net,1961,Poornima Menon,Senior Secondary,Bal Shikshan Samiti,-,Vadodara (Baroda)
Ananda Global School,430432,"Nr. Vastraour Railway Station, Vejalpur, Ahmedabadnr. Vastrapur Railway Station, Vejalpur",380051,-,07926821508,-,7926821507,trustee@ananda.ac.in,www.ananda.ac.in,2018,Mr. Swapan Mukherjee,Secondary School,Vardhman Charitable Trust,-,Ahmedabad
Anandalaya,430015,N.d.d.board Campus Anand Kheda Gujarat,388001,2692,"261069, 20401",02692-262300,269260510,principalanandalaya@gmail.com,http://anandalaya.ac.in,1988,Nishesh Kumar Sinha,Senior Secondary,Anandalaya Education Society,-,Anand
Amicus International School,430446,"218-b,khatamba Waghodia Roa, Vadodara,",390019,-,9825028960,-,-,principal.amicus@gmail.com,aisvadodara.org,2019,Dr. Hema Abhiroop,Senior Secondary,Gyanoday Educational & Medical Trust,-,Vadodara (Baroda)
Ananya Vidyalaya,430503,"Opp. Kumkum Residency, B/h Shyam Bunglows, Chandkheda (new Zundal), Ta. Dist. Gandhinagar",382421,-,8200241153,-,-,shriguroo@gmail.com,http://www.anvzundal.com,2017,Dr. Mamta Bhatt,Senior Secondary,Sahajanand Education & Cheritable Trust,-,Gandhinagar
Ananya Vidyalaya,430359,"Kirc Campus,ahmedabad-mehsana Highway,kalol(n.g)",382721,-,02764(292888),-,-,ananyavidyalaya2013@gmail.com,http://www.kirc.ac.in,2013,Mrs.dr.mamta M. Bhatt,Senior Secondary,Umiya Mata Kadva Patidar Education And Samaj Seva Trust,-,Gandhinagar
Anand Niketan Bhadaj,430341,"Near Ahmedabad Dental College, Bhadaj, Ranchhodpura Road, Santejm T.a.kalol, Dist.gandhinagar",380060,91,9737047651,-,-,info.anandinternationalschool01@gmail.com,http://www.anandniketanbhadaj.org/,2010,Mrs. Vaishali Tushar Parikh,Senior Secondary,Manav Seva Sangh,-,Gandhinagar
Apollo International School,430544,"Opp. Anand Vihar Flat, Tragad, Ahmedabad",382470,-,9909999921,-,-,ais.tragad@gmail.com,www.aisahmedabad.edu.in,-,Rajeshkumar Raja,Senior Secondary,K. G. Patel Charitable Trust,-,Ahmedabad
Apple Global School,430296,"No. 859 / 2 , Village : Sanand,",382110,1251,7573001638,-,-,info@appleglobal.in,http://www.appleglobal.in,1999,Mr. Sunil Trivedi,Senior Secondary,Mahavir Global Foundation,-,Ahmedabad
Anand Niketan Sughad,430335,"Airport-gandhinagar Road,rajasthan Hospital Circle,sp Ring Road,b/h Sandesh Farm, Sugadh Village,gandhinagar",382424,-,9737047555,-,-,ansughadg@gmail.com,WWW.ANANDNIKETANSUGHAD.ORG,2015,Mrs. Geeta Srivastav,Senior Secondary,Anand Utthan Trust,-,Gandhinagar
Army  Public School,480005,Dhrangadhra Distt. Surendranagar Gujarat,363310,2754,282024,27020553,-,veena_sahani5@rediffmail.com,-,1967,Veena Sahani,Secondary School,Mohit Bal Vikas Parishad,-,Surendranagar
Army Public School,480004,Shahibagh C/o 11 Inf.div C/o 56 Apo Ahmedabad Cantt. Gujarat,380003,79,22862543,9825620181,-,mon2809@gmail.com,-,1992,Monica Ahluwalia,Senior Secondary,Ministry Of Railway,-,Ahmedabad
Arpit International School,430397,"Rajkot Morbi Highway,hadala",360003,-,02812584688,-,-,aiscbserajkot@gmail.com,www.arpitinternationalschool.in,2018,Mr. Sujit Nayak,Secondary School,"Bhagyodaya Education And Charitable Trust, Rajkot",-,Rajkot
Army Public School,480006,Bhuj (kutch) Military Stn. Gujarat,370001,2832,223309,9825620181,-,apsbhuj@gmail.com,-,1993,Ms Geeta V Soni,Secondary School,Army Welfare Education Society,-,Bhuj
Arya Kanya Gurukul (English Medium),430356,"Managed By Aryakanya Vidyalaya Trust    Arya Kanya Gurukul Tapobhumi, Jubilee Porbandar Gujrat -360575",360575,-,02862245900,-,-,santokbavidyamandir@gmail.com,http://aryakanyagurukul.org/,1937,Mrs.  Linnitte Wadia,Senior Secondary,Raj Ratna Sheth Shri Nanjibhai Kalidas Mehta Arya Kanya Vidyalaya Trust,-,Porbandar
Ankur School,430438,Fatehpura Paldi Ahmedabad Pin 380007,380007,-,07926639666,-,-,info.ankurschool1@gmail.com,http://www.ankurschool.com,1974,Mrs. Anam Danish Shaikh,Secondary School,Ankur Society Trust,-,Ahmedabad
Asia English School,430260,Asia Campus Drive In Road,380054,79,26856447,-,-,scariathomas66@gmail.com,http://www.asiaenglishschool.net,1965,Scaria Thomas,Senior Secondary,Ahmedabad South Indian Association (asia) Charitable Trust,-,Ahmedabad
Apollo International School,430545,"Near Marrygold Circle,, Ghuma Daskroi, Ahmedabad",380059,-,8980594222,-,-,apollointernationalschoolbopal@gmail.com,http://www.aisahmedabad.edu.in/ais_southbopal/,-,Divita D Patel,Senior Secondary,Gyanjot Education Trust,-,Ahmedabad
Atmiya  Vidyalay,430426,"Beside Atmiyadham,nr. Avadhoot Railway Crossing,manjalpur, Vadodara - 390011, Gujarat",390011,-,917575011886,-,-,principal@atmiyavidyalay.edu.in,www.atmiyavidyalay.edu.in,2019,Mr. Viren Khant,Senior Secondary,"Yogi Divine Society, Haridham, Sokhada",-,Vadodara (Baroda)
Aster Global School,430483,"P & T Bhutsad, Near To Eng. College, Kalthan Rd, Eru Aat Road Tal, Jalalpore, Navs",396445,-,9979431319,-,-,asterglobalschool@gmail.com,http://asterglobalschool.org/,2013,Mr. Parin Muktibhai Mehta,Senior Secondary,Educare Trust,-,Navsari
Atmiya Green School,430460,"Maniba Campus, Nh No 8, Nr. Cable Bridge, Zadeshwar, Bharuch",392011,-,9714994545,-,-,atmiya_school@yahoo.com,http://www.atmiyagreenschool.com,2011,Mrs. C. Padma,Secondary School,Shyam Education Trust,-,Bharuch
Atmiya Vidya Mandir,430086,Post Koli Bharthana Taluko Kanrej Distt Surat Gujarat,394180,2621,305900,2621305911,02621-254544,principal@avm.edu.in,http://www.atmiya.org,1994,Vijay Patel,Senior Secondary,Yogi Divine Society,-,Surat
Atmiya Vidya Niketan,430419,"Atmiya Sanskar Dham, Arjun Ashram Road,nirnay  Nagar, Amedabad",382481,-,27620078,-,-,principal.avnabd@gmail.com,www.avn.edu.in,2017,Mrs. Moutoshi Sharma,Senior Secondary,Yogi Divine Society,-,Ahmedabad
Atmiya Vidya Peeth,430126,"Plot No-14,ward 5-b, Adipur",370205,2836,9913908519,2530998,-,tarunasavp2017@gmail.com,-,2005,Ms.madhuri Devnani,Senior Secondary,Sarveshwar Educational Trust,-,Kutch-Bhuj
Atomic Energy Central School,480002,C/O Kakrapar Atomic Power Project P O Anumala (Via Vyara) Surat Distt Gujarat,394651,-,52,-,-,sdkaps@vsnl.com,-,1983,S P Sharma,Senior Secondary,Atomic Energy Education Socy,-,Surat
Atomic Energy Central School,430011,C/o Kakrapar Atomic Power Project P O Anumala (via Vyara) Tapi Distt Gujarat,394651,262,234252,-,-,aecskak@yahoo.co.in,-,1983,Dileep Singh,Senior Secondary,Atomic Energy Education Socy,-,Tapi - Vyara
Avalon World School Dabhoi,430361,Vrundavan Townshipdabhoi-bodeli Roadnear Vega Crossingdabhoi,391110,-,7574833662,-,-,principal@awsdabhoi.com,http://www.awsdabhoi.com,2016,Mr. Milind Phadke,Secondary School,Sanskriti Society For Educational Development,-,Vadodara (Baroda)
Global Indian International School,430300,"Global Indian International School,godrej Garden City, Po ? Jagatpur, S.g. Highway. Ahmedabad, Gujarat.",382470,79,09737077726,-,-,naveen.pandey@globalindianschool.org,http://in.globalindianschool.org/Ahmedabad/,2014,Mr. Caesar Francis Dsilva,Senior Secondary,Five Pillar Education Trust,-,Ahmedabad
Global Indian International School,430217,"Block No -138, Kadodra Mumbai Nh-8, Near Choki Dhani Restuarant .",394305,-,0261 3132495,-,-,principal.surat@globalindianschool.org,http://www.giissurat.org,2011,Mrs.Pushpy Dutt,Secondary School,Five Pillar Education Trust,-,Surat
Global Mission School,430213,"Sanshakardham Po Godhavi, Ta-sanad Distt. Ahmedabad.",372115,2717,9824726663,-,02717-293145,principal@gmisschool.org,http://www.gmischool.org,2011,M P Murugan Pillai,Senior Secondary,Laxman Gyanpeeth,-,Ahmedabad
Globus Primary School,430250,"At. Sundargadh, B/h. Gayatri Ashram, Khed -tasia Road, Himatngar, Dist. Sabarkantha",383001,277,228043,-,-,Pallaviprasad901@GMAIL.com,-,2012,Pallavi Prasad,Senior Secondary,Nava Education Trust,-,Sabarkantha/Himmatnagar
Gokul Global School,430280,"Gokul Educational Campus, Opp. I.o.c., Nr. Sujanpur Patia, State Highway-41, Sidhpur-384151, Dist-patan, Gujarat, India",384151,276,224855,268494,-,SUDHIRHADKESDB@GMAIL.COM,http://www.gokulglobalschool.com,2009,Sudhir David Hadke,Senior Secondary,Gokul Foundation,-,Patan
Green Valley High School,430112,"Via Sevasi Gotri, Off Effluent Channel Road, Ampad, Vadodara, Gujarat",391101,91,8238588855,9910952225,-,gvhsprincipal17@gmail.com,http://www.busybeesgreenvalley.com,2003,Sapna Bakshi,Senior Secondary,Shri Vallbhacharya Education Trust,-,Vadodara (Baroda)
Greenwood School,430297,"Opp. Motal The Village, Kalawad Road, At. Haripar Par",360005,91,9228003230,-,-,shriguroo@gmail.com,http://www.greenwoodschool.in,2014,Mr.micheal Thomas,Senior Secondary,Bhagwatshinji Cheritable Trust,-,Rajkot
Green Valley International School,430472,"Lajai, Near Avkar Hotel, Rajkot - Morbi Highway, Morbi. Gujarat",363641,-,9726505335,-,-,school.morbi@gmail.com,https://www.greenvalley.org.in/,2019,Mr. Vinod Khandivar,Senior Secondary,Shree Archanam Education Trust,-,Morbi
Gujarat Public International School,430421,"Lbg Campusbeside Suzlon Companyat. & Po. Pipaliya,ta. Waghodiadist. Vadodara",391760,-,8980577477,-,-,pinaljgd@gmail.com,http://www.gpiswaghodia.org,2018,Mrs. Sangita Pawar,Secondary School,R. B. Gupta Charitable Trust,-,Vadodara (Baroda)
Gujarat Public School,430352,Sbg Campus Plot No 1,390024,-,09377545563,-,-,pinaljgd@gmail.com,http://www.gpschhani.com,2016,Dr. Anitha Shetty,Senior Secondary,S. B. G. Education Trust,-,Vadodara (Baroda)
Grin Apple Public School,430268,"Dolat Villas Palace, Mahavirnagar,himmatnagar",383001,2772,02772233969,-,-,grinapple2013@gmail.com,www.grinapplepublicschool.in,2013,Mr. Rajdeep Ameta,Senior Secondary,Maharaj Umeghsinghji Education & Medical Foundation Trust,-,Sabarkantha/Himmatnagar
Gujarat Public School,430052,Brg Estate Near Kalali At Ladara Rly Crossing Opp Old Padra Road Vadodara Gujarat,390012,265,2680215,-,2680692,pinaljgd@gmail.com,http://www.gujaratpublicschool.org,2004,Mrs. Beena Prashant,Senior Secondary,Bakulesh R. Gupta (brg) Foundation,-,Vadodara (Baroda)
Gyan Akshar School,430177,"Post-aitor, Unjha-visnagar Road",384170,2767,9712988844,-,-,unjhahbkapadia@gmail.com,-,2010,Vandana Amar Thaker,Secondary School,Knowledgespring Foundation,-,Mehsana
Global Vision International School,430348,"Survey No. 241, Palm Beach Villas, Vijay Vilas Rd.",370465,-,09909941472,-,-,gvismandvi@gmail.com,-,2015,Missbijal Shah,Secondary School,Faith Charitable Trust,-,Kutch-Bhuj
Hanifa School,430145,"Borsad Dhuvaran Road, Borsad,",388540,2696,228787,27488215,-,principal@hanifaschool.org,http://www.hanifaschool.org,2005,Harinder Dhillon,Senior Secondary,Aishabai & Hajiabdul Latif Charitable Trust,-,Anand
Gyanmanjari Primary School,430469,"At. Maliya, Ta.mahuva, Dist.bhavnagar",364290,-,9376762576,-,-,principal@gyanmanjarimahuva.edu.in,WWW.GYANMANJARIMAHUVA.EDU.IN,2017,Mr. Shafinraja Aliraja Lakhani,Secondary School,Gyanmudra Education Mahuva Foundation,-,Bhavnagar
Hill Woods School,430041,Sec 25 Gandhi Nagar Gujarat,382044,79,23287174,9904103573,0265-6584962,hillwoods2001@yahoo.com,http://www.ambevidyalaya.org,2000,Asha Chhibber,Senior Secondary,Harvard India Society,-,Gandhinagar
I D P School,430201,"Opp. Motera Villagetal. Daskoi, Ahmedabad",380005,79,9925235650,-,079-27700951,idpmotera@idpcampus.org,http://www.idpcampus.org,-,Mrs. Abha Jha,Senior Secondary,-,-,Ahmedabad
Hills High School,430228,"65a, Opp. Nandanvan 1 Appt, Vesu.",395007,261,6593477,-,-,principal@hillshigh.com,http://www.hillshigh.com,2009,P P Jose,Senior Secondary,Hills Education Trust,-,Surat
Iira International School,430500,"Plot 436, Bhayli Canal Road, Next To Siddheshwar Krishna , Bhayli",391410,-,07600360036,-,-,iiracubs@gmail.com,www.iira.co.in,2010,Miss Smita Gandhi,Secondary School,Iira Foundation,-,Vadodara (Baroda)
Indian Public School,430406,Nilki Cross Roadbahuchraji Highwayviramgam,382150,-,9624068528,-,2715295616,ipsdwarkesh@gmail.com,-,2016,Mr. A.k.mishra,Secondary School,Dwarkesh Education &  Charitable Trust,-,Ahmedabad
Innovative International School,430385,"At Iswariya,ta.padadhari,",360005,-,02812577339,-,-,shriguroo@gmail.com,http://www.innovativeschools.in,2017,Mrs. Dr. Monica Choudhary,Senior Secondary,Shree Balmukund Education Trust,-,Rajkot
J. P. Modi School,430346,"At Post Vasai, Jamnagar-khambhaliya Highway, Tal. Jamnagar, Dist. Jamnagar",361006,288,"02882550753,9099149592",9023724127,-,Akanksha.shrivastava@modischool.edu.in,www.jpmodischool.org,2017,Ms.akanksha S Shrivastava,Senior Secondary,Shree Auham Education & Charitable Trust,-,Jamnagar
Jamali English School,430218,"Opp Blind School , Chhapri, Dohad,",389151,2673,9377305020,-,2673252752,TASNEEMHUNED@YAHOO.COM,http://www.jamalienglishschool.com,2003,Gunderwala Tasneem Huned,Senior Secondary,The Madresah Mohammediyah And Pnjataniyah Society,-,Dahod
Jawahar Navodaya Vidayalaya,440007,"At Kadwasan, Ta Kodinar , Distt. Gir Somnath, Gujarat",362720,2795,232856,-,-,"jnvgirsomnath@gmail.com, 14030@cbseshiksha.in",-,1987,Chandra Kishore Thakur,Senior Secondary,Navodaya Vidyalaya Samiti,-,Gir Somnath??
Hanumant High School,430219,"Talgarjarda, Mahauva, Ganpati Temple Mahuva Bhavnagar Bypass National Highway",364290,284,4294160,-,-,principal@hanumantrbk.org,http://www.hanumantrbk.g,2012,Mr.ralph Le Blonde,Secondary School,Babubhai Kanakia Fjoundation,-,Bhavnagar
Jawahar Navodaya Vidyalaya,440010,"At Po & Ta Dhansura, Dist. Arvalli, Gujarat",383310,2774,290508,7076,-,jnv.dhansura@gmail.com,-,1993,Ansar Hasan Shaikh,Senior Secondary,Navodaya Vidyalaya Samiti,-,Amreli
Jawahar Navodaya Vidyalaya,440020,"Amreli, Post Babapur Tal. Amreli",366510,2792,277100,-,-,jnvamreli@gmail.com,-,1993,S V Swami,Senior Secondary,Navodaya Vidyalaya Samiti,-,Amreli
Jawahar Navodaya Vidyalaya,440021,"Bhadran, Distt. Anand, Gujarat",263153,2696,290010,83628,-,kiranmhaske913@gmail.com,-,1986,Kiran Mhaske,Senior Secondary,Navodaya Vidyalaya Samiti,-,Anand
Haria Global School,430448,"R.s. No. 1404/p-1/p-2, Near Bhagwanji Kachra Education Complex, Ahed Of Oshwal Circle, Indira Marg, Jamnagar",361004,-,0288567201,-,2882568201,hgsjam@gmail.com,http://www.hgs.oshwaleducationtrust.org,2014,Mrs. Anjana Asher,Secondary School,Oshwal Education Trust,-,Jamnagar
Jawahar Navodaya Vidyalaya,440016,Po Sardar Krushi Nagar Ta Dantiwada Distt Banaskantha Gujarat,385506,2748,278517,02842-286300,286300,sudeshgmalajure@gmail.com,-,1988,Sudesh G Malajure,Senior Secondary,Navodaya Vidyalaya Samiti,-,Banaskantha/Palanpur
Jawahar Navodaya Vidyalaya,440001,Roop Nagar Valia Distt Bharuch Gujarat,393133,2643,290225,201,08418-2542,pcbhatt1959@gmail.com,-,1987,P C Bhatt,Senior Secondary,Navodaya Vidyalaya Samiti,-,Bharuch
Jawahar Navodaya Vidyalaya,440013,Trapaj Distt Bhavnagar Gujrat,364150,2842,286718,02842-286300,286300,cm.anand63@gmail.com,-,1995,Anand Mohan Chaware,Senior Secondary,Navodaya Vidyalaya Samiti,-,Bhavnagar
Jawahar Navodaya Vidyalaya,440019,"Saputara, Behind Rutmbhara Vidyalaya, At & Post Saputara. Distt. Dang, Gujarat",394720,2631,237280,-,-,ninusrane@gmail.com,-,1995,Ninu Sopan Rane,Senior Secondary,Navodaya Vidyalaya Samiti,-,Dang-Ahwa
Jawahar Navodaya Vidyalaya,440015,Gandhi Nagar Po Sametri Near Rakhiyal Ta Dahegam Gandhi Nagar Gujarat,382315,2716,267191,02842-286300,286300,komareddybasivireddy@gmail.com,-,1988,K Basivi Reddy,Senior Secondary,Navodaya Vidyalaya Samiti,-,Gandhinagar
Jawahar Navodaya Vidyalaya,440030,"Hathijan, Distt. Ahmedabad, Gujarat",110033,11,27128333,27013720,-,gbssapv1309130@gmail.com,-,1995,-,Secondary School,Delhi Admn,-
Jawahar Navodaya Vidyalaya,440031,At & Post Kadiyadaradist Sabarkantha,383440,-,02778236236,-,-,jnvsabarkantha1@gmail.com,https://navodaya.gov.in/nvs/nvs-school/SABARKANTHA,2018,Mr. Pravind Krishnan,Senior Secondary,Navodaya Vidyalaya Samiti,-,Sabarkantha/Himmatnagar
Jawahar Navodaya Vidyalaya,440026,"Dahod-ii,vocational Training Centre (v.t.c.) Building, Eklavya Model Residential School, Palli, T.a. Limkhedu, Dt. Dahod-ii-389140, Gujarat",-,-,-,-,-,-,-,-,-,Secondary School,-,-,Dahod
Jawahar Navodaya Vidyalaya,440028,"Devbhumi Dwarks, Baradi Lohana Vidyarthi, At/post & Tq. Kalyapur, Dt. Devbhumi, Dwarka-361320 (gujarat)",-,-,-,-,-,-,-,-,-,Secondary School,-,-,Devbhumi Dwarka
Jawahar Navodaya Vidyalaya,440027,"Ta & Po Office Ta- Balasinore, Model School, Dist. Mahisagar, Gujarat-388255",-,-,8638130342,-,-,jnvmahisagar@gmail.com,www.jnvmahisagar.com,-,Pravind Krishnan,Secondary School,-,-,Mahisagar??
Jawahar Navodaya Vidyalaya,440002,Aliabada Distt Jamnagar Gujarat,361110,288,2882237,7076,-,rkborole1509@gmail.com,-,1987,Ravindra K Borole,Senior Secondary,Navodaya Vidyalaya Samiti,-,Jamnagar
Jawahar Navodaya Vidyalaya,440003,At & Post Kathlal Tal Kapadwanj Distt Kheda Gujarat,387630,2696,243477,7076,-,CHANDRASU1961@GMAIL.COM,-,1986,Suresh Chandra,Senior Secondary,Navodaya Vidyalaya Samiti,-,Kheda
Jawahar Navodaya Vidyalaya,440004,Dumra Tal Abdasa Distt. Kutch Gujarat,370490,2831,283234,02831-283234,02831-2832,ndpovhal@gmail.com,http://www.jnvdumra.org,1988,N D Ovhal,Senior Secondary,Navodaya Vidyalaya Samiti,-,Kutch-Bhuj
Jawahar Navodaya Vidyalaya,440025,"Jayanagar, School No.18, Tehsil & Dt. Botad, Gujarat-364710",-,-,-,-,-,-,-,-,-,Secondary School,-,-,Botad
Jawahar Navodaya Vidyalaya,440017,"Vadnagar, Ta. Vadnagar, Distt. Mehsana, Gujarat - 384355",384355,2761,222391,02625-233793,233280,kumarvijay0855@gmail.com,-,1988,Vijay Kumar,Senior Secondary,Navodaya Vidyalaya Samiti,-,Mehsana
Jawahar Navodaya Vidyalaya,440023,"Kevadia Colony, Primary School No. 3, Bhumaliya Road, Ta. Rajpipla, Distt Narmada, Gujarat",366510,2640,232345,9673376119,-,2066shephali@gmail.com,-,1993,Shephali Singh,Secondary School,Navodaya Vidyalaya Samiti,-,Narmada
Jawahar Navodaya Vidyalaya,440022,"Roopvel, Rayawadi, Pagadfaliya, Tal. Vansda, Dt. Navsari-396 560",263153,2630,248400,83628,-,meenamani2007@reddifmail.com,-,1986,Meena Mani,Senior Secondary,Navodaya Vidyalaya Samiti,-,Navsari
Jawahar Navodaya Vidyalaya,440018,"Kanod Road, At & Po Vejalpur Ta- Kalol Distt. Panchmahal Gujarat",389340,2676,296202,9979356834,-,sdalela11@gmail.com,-,1995,Sadhana A Dalela,Senior Secondary,Navodaya Vidyalaya Samiti,-,Panchmahal (Godhra)
Jawahar Navodaya Vidyalaya,440012,At-lanava  Ta-chanasma Distt.patan Gujarat,384229,2734,263421,02734-263421,263421,jnv.patan@rediffmail.com,-,1995,K Krupanandam,Senior Secondary,Navodaya Vidyalaya Samiti,-,Patan
Jawahar Navodaya Vidyalaya,440011,Dahod Distt. Panchmahal Gujarat,389151,2673,293401,40231,-,priyanavneetk@rediffmail.com,-,1995,Pravind Krishnan,Senior Secondary,Navodaya Vidyalaya Samiti,-,Panchmahal (Godhra)
Jawahar Navodaya Vidyalaya,440009,At & P.o. Taraghari Tal - Padhadhari Rajkot Gujarat,360110,2820,282720,-,-,jnvrajkot@gmail.com,-,1992,S V Patil,Senior Secondary,Navodaya Vidyalaya Samiti,-,Rajkot
Jawahar Navodaya Vidyalaya,440005,"N H 8 B Near Dharampur Patiya Vill. Vanana Distt Porbandar, Gujarat",360575,286,6451168,23661,-,jnvschool_pbr@rediffmail.com,-,1986,Jayantibhai Karmanbhai Gondaliya,Senior Secondary,Navodaya Vidyalaya Samiti,-,Porbandar
Jawahar Navodaya Vidyalaya,440006,Borkhadi Near Bus Stand Taluka Vyara Distt Tapi Gujarat-394690,394690,2625,233280,02625-233793,233280,ramusreeragam66@gmail.com,-,1987,Ramakrishnan  C,Senior Secondary,Navodaya Vidyalaya Samiti,-,Tapi - Vyara
Jawahar Navodaya Vidyalaya,440008,Dhrangadhra Distt. Surendranagar Gujarat,363310,2754,293482,-,-,anil.kamble68@gmail.com,-,1991,Anil Sawalaram Kamble,Senior Secondary,Navodaya Vidyalaya Samiti,-,Surendranagar
Jawahar Navodaya Vidyalaya,440014,"At & P.o. Sadhi, Sadad Road, Tehsil Padra, Distt. Vadodara Gujarat",391445,2662,281394,02842-286300,286300,vaikunthsolanki@yahoo.com,-,1988,Vaikunth L Solanki,Senior Secondary,Navodaya Vidyalaya Samiti,-,Vadodara (Baroda)
Jawhar Navodaya Vidyalaya,440024,"At Post Ambheti, Tal.- Kaparada, Via Vapi, Dist. Valsad-396 191",790104,2960,8290681001,-,-,bkumar0962@gmail.com,-,1965,-,Secondary School,D P I Arunachal Pradesh,-,Valsad
Jawahar Navodaya Vidyalaya Junagadh,440029,Jawahar Navodaya Vidyalaya Junagadh Old Polytechnic Campus Near Iti Junagadh,362001,-,02852654300,-,-,jnvjunagadh1@gmail.com,https://jnvjunagadh1.org,2017,Mr. S.v.swami,Secondary School,Navodaya Vidyalaya Samiti,-,Junagadh
Jay Ambe International School,430301,"Near Narayankunj Vihar Society, Narmada Nagar, Bholav, Bharuch.",392015,2642,0264-2291000,-,-,jaisbharuch@yahoo.co.in,http://www.jaischool.in,2014,Mr. Dharmesh Vyas,Senior Secondary,Shree Swaminarayan Shisu Sahayak Kendra,-,Bharuch
Jay Jalaram International School,430492,Besides S K Cinemaanand-lambhvel Road Lambhvel Anand,387310,-,09925048542,-,-,jjisanand@gmail.com,http://anand.jjis.in/,2016,Mrs. Kirti Rao Lingam,Senior Secondary,Shivmani Charitable Trust,-,Anand
Jay International School,430101,"Vill : Chhapra, Kalavad Road,rajkot, Gujarat",360005,2827,293424,1872266740,1872266444,vipulghanva@gmail.com,-,2006,Vipul Ghanva,Senior Secondary,V. M. Tanti Foundation,-,Rajkot
Divine Child School,430029,Amipura Pb Number 11 Gidc Mehsana Ahmedabad Gujarat,384002,2762,282351,02762-282351,282352,prinmsh@dcis.in,-,1994,K M Cherian,Senior Secondary,Shree Swaminarayan Education Trust,-,Mehsana
Divine Gurukulam The Traditional School,430482,"Beside Nayara Petrol Pump, Near Viva Party Plot, Hathijan Circlevinzol",382445,-,8511195310,-,-,divinegurukulam@gmail.com,http://www.divinegurukulam.in,2020,Mrs. Payal Bineet Rai,Senior Secondary,Harikrishna Swaroop Education Trust,-,Ahmedabad
Divine International School,430450,"At & Post Dantej, Chhapra Road, Ta. Jalalpure, Dist. Navsari",396445,-,9925607978,-,-,divinesclnavsari@gmail.com,-,2016,Mrs. Deepika Tandel,Secondary School,Chaitanya Education Foundation Trust,-,Navsari
Divya Brahmlok Global Academy,430237,"Near Shiv - Paras, Bhuj - Mandvi Highwat, Shukhpar",370040,2832,9825426502,-,-,anthom97@gmail.com,http://www.divyabrahmlok.org,2006,Thomas K V,Secondary School,Madhav Human Welfare Foundation,-,Kutch-Bhuj
Divya Jyot School,430367,"S.p.ring Road,beside Bopal-shilaj Bridge, Nr.bopal Circle",380015,-,7574811101,-,-,info@divyajyotschool.org,www.divyajyotschool.org,2010,Mrs. Payal Thakore,Senior Secondary,Shantaba Education Trust,-,Ahmedabad
Doon Public School,430220,"R S No. 64/1 Paiki, Gangeshwar Mahadev Temple Road, Madhapar, Bhuj-kutch",370020,2832,652001,9.41E+19,2832652002,SARIKA.APS@GMAIL.COM,http://www.doonpublicschoolbhuj.com,2013,Sarika Sharma,Senior Secondary,N K Education & Charitable Trust Bhuj (kutch),-,Kutch-Bhuj
Ekalavya Model Residential School,420005,"Garbada, At, Gangrada,po, Biyala Ta. Garabada, Dahod, Gujarat- 389155",-,-,-,-,-,-,-,-,-,Senior Secondary,-,-,Dahod
Ekalavya Model Residential School,420006,"Narmada, At Post. Dediyapad, Sagbara Road, Ahad Govt. Rest House, Dediyapada, Gujarat-393040",-,-,-,-,-,-,-,-,-,Senior Secondary,-,-,Narmada - Rajpipla
Ekalavya Model Residential School,420008,"Santrampur, Mahisagar, Near Brc Bhavan, At Diwada, Gujarat-389250",-,-,-,-,-,-,-,-,-,Senior Secondary,-,-,Mahisagar??
Ekalavya Model Residential School,420009,"Amirgadh, Banaskantha/ Palanpur, Opp. Ashok Laylend Showroom, Palanpur Mehsana Highway, At&po. Jagana, Palanpur Gujarat-385001",-,-,-,-,-,-,-,-,-,Senior Secondary,-,-,Banaskantha/Palanpur
Ekalavya Model Residential School,420007,"At.po.jhagadiya, Bharuch, Gujarat-393110",-,-,-,-,-,-,-,-,-,Senior Secondary,-,-,Bharuch
Ekalaya Model Residensial School Mandvi,420122,"Sevani Road , Near Geb",394345,-,02622 290654,-,-,emrsmandvi123@gmail.com,https://eklaya-eduction.gujrat.gov.in,-,Patel Anitakumari Amrutbhai,Middle Class,Patel Anitakumari Amrutbhai,-,Surat
Eklalvya Model Residential School Bartad,420121,"At Po Bartad (khanpu), Vansda",396051,-,02630293506,-,-,ask.nav01@gmail.com,http://www.zemrsedu.in,-,Keyur Bharatbhai Mehta,Middle Class,Dr. Keyur Bharatbhai Mehta,-,Navsari
Eklavya Model Residencial School,420001,"Nr. Geb Sub Station, Opp. Bagayat Kendra, Halol-sh,laji Highway Vejalpur, Kalol, Panchmahal (godhra) Gujrat.",-,-,-,-,-,-,-,1964,-,Senior Secondary,Kendriya Vidyalaya Sangathan,-
Eklavya Global School,430325,"Near Khamdhrol Chowkdi, Bypass Road, Junagadh",362001,285,2901888,-,-,info@eklavyaglobal.org,http://www.eklavyaglobal.org,2016,Jessy Mrinal Roy,Secondary School,Kids Eductech & Research Foundation,-,Junagadh
Eklavya Model Residentail School Khodada,420103,"At Post Khodada, Ta Nizar",394370,-,02628290501,-,-,emrs.khodada@yahoo.in,www.emrskhodada.org,-,Pareshkumar Laxmanbhai Prajapati,Middle Class,Gujarat State Tribal Education Society,-,Tapi - Vyara
Eklavya Model Residential School,420002,"Waghodiya-ii, Near Maruti Training School, Gajadara Waghodiya Vodadara, Gujarat 391760",-,-,-,-,-,-,-,-,-,Senior Secondary,-,-,Vadodara (Baroda)
Eklavya Model Residential School,420003,"At & Po Gojariya, Ta Kawant, Dist. Chhotaudepur, Gojariya, Kuwant, Gujarat- 391170",-,-,-,-,-,-,-,-,-,Senior Secondary,-,-,Chhotaudepur
Eklavya Model Residential School,420004,"Singvad,limkheda Campus Dhanpur Road, Palli Ta- Limkheda, Dahod,limkheda Gujarat-389140",-,-,-,-,-,-,-,-,-,Senior Secondary,-,-,Dahod
Eklavya Model Residential School,420105,"Ta.po - Tilakwada, Dist - Narmada",391120,-,02661-266144,-,-,eklavyaschooltilakwada@yahoo.in,www.mggiest.org/wp,-,Vimal C Mehta,Middle Class,Gujarat State Tribal Education Society,-,Narmada - Rajpipla
Eklavya Model Residential School Ambaji,420120,"Ambaji, Danta",385110,-,9978474744,-,-,emrs.ambaji@gmail.com,www.eklavyagujarat.org,-,Girishkumar Maganbhai Patel,Middle Class,Eklavya Model Residential School Ambaji,-,Banaskantha/Palanpur
Eklavya Model Residential School Kadana,420106,"Dist Mahisagar, Pin Code 389250",389250,-,02675 237301,-,-,emrs1kadana@gmail.com,www.eklavya-education.gujarat.gov.in,-,Manishkumar Ishvarlal Patel,Middle Class,Gujarat State Tribal Education Society,-,Mahisagar??
Eklavya Model Residential School Dharampur,420118,"Bavli Faliya, Oop Swaminarayan Gurukul School",396050,-,02633299030,-,-,emrs.dharampur@gmail.com,https://emrsdharampur.wordpress.com/,-,Raut Kuntalben D,Middle Class,Mrs  Kuntalben D Raut,-,Valsad
Eklavya Model Residential School Khedbrahma,420110,"Chikhali Gam Taraf , Khedbrahma",383255,-,-,-,-,pv2959@gmail.com,www.eklavya-education.gujarat.gov.in,-,Patel Vishnubhai Amrutbhai,Middle Class,Patel Vishnubhai Amrutbhai,-,Sabarkantha/Himmatnagar
Eklavya Model Residential School Lukhadiya,420116,"Ta Dhanpur, Dist Dahod",389382,-,02673297013,-,-,emrslukhadiya@gmail.com,www.eklavya-education.gujarat.gov.in,-,Rajeshbhai Lukendrabhai Vasaiya,Middle Class,Gstes Gandhinagar,-,Dahod
Eklavya Model Residential School Mota,420112,"Sevni Road, Mota",394345,-,02622290654,-,-,emrsmota123@gmail.com,https://eklavya-education.gujarat.gov.in,-,Rathod Jaydipsinh Ranjitsinh,Middle Class,Jaydipsinh Ranjitsinh Rathod,-,Surat
Eklavya Model Residential School Naswadi,420114,"Ta Naswadi Di Chhotaudepur, Gujarat Pin Code 391150",391150,-,7698175686,-,-,emrs.naswadi@gmail.com,www.gstes.com,-,Patel Bhagaji Nagaji,Middle Class,Patel Bhagaji N,-,Chhotaudepur
Eklavya Model Residential School Puniyawant,420119,"Post Puniyawant, Ta Chhotaudepur",391156,-,02669233186,-,-,emrspuniyawant@gmail.com,www.eklavya-education.gujarat.gov.in,-,Mansuri Imtiyaj Valibhai,Middle Class,Gujarat State Tribal Education Society Gandhinagar,-,Chhotaudepur
Eklavya Model Residential School Saputara,420107,"Near Brc Bhavan, Sunrise Point Road,, Saputara Ta Ahwa Dist Dang",394720,-,02631-237305,-,-,emrsnewsaputara@gmail.com,www.emrssaputara.com,-,Palve Shivrambhai M,Middle Class,Palve Shivrambhai M,-,Dang-Ahwa
Eklavya Model Residential School Shamalaji 2,420111,"As Above, As Above",383245,-,-,-,-,emrsshamalaji2hmt@rediffmail.com,www.gstes.com,-,Rathod Surendrasinh Bhikhaji,Middle Class,Rathod Surendrasinh Bhikhaji,-,Arvalli - Modasa
Eklavya Model Residential School Ukai,420108,"Patharda, Ukai",394680,-,8758042150,-,-,EMRS.UKAI.CBSE@GMAIL.COM,https://eklavya-education.gujarat.gov.in/,-,Gamit Harimbhai Gibabhai,Middle Class,Exucutive Director,-,Tapi - Vyara
Eklavya Model Residential School Wagalkhod,420113,"At Wagalkhod Po Bhilod Ta  Valia Bharuch, At Wagalkhod Po Bhilod Ta  Valia Bharuch",393130,-,-,-,-,emrswaghalkhod@gmail.com,emrswaghalkhod@gmail.com,-,Daligara Sajidhusen Taiyabbhai,Middle Class,Daligara Sajidhusen Taiyabbhai,-,Bharuch
"Eklavya Model Residential School, Ahwa",420104,"Ahwa Ta-ahwa Di. Dang Pin 394710, Gujarat",394710,-,02631-220147,-,-,emrsahwa@gmail.com,www.emrsahwa.org,-,Sonal Macwan,Middle Class,Gnyan Dham Vapi Charitable Trust,-,Dang-Ahwa
"Eklavya Model Residential School, Jagana",420102,"Ashoklayland Showroom Opposit, Palanpur Mahesana Highway Jagana",385001,-,9428269484,-,-,emrs.jagana@gmail.com,www.eklavyagujarat.org,-,Laxmanbhai U Mali,Secondary School,Eklavya Model Residential School Jagana,-,Banaskantha/Palanpur
Eklavya Model Residentioal School,420117,"Tower, Gidc - Pardi , Pin - 396125",396125,-,8347009368,-,-,atulvidyamandir@gmail.com,www.atulvidyamandir.ac.in,-,Krutika Ramanlal Patel,Middle Class,Eklavya Model Residentioal School,-,Valsad
Eklavya Model Residentional School Shamlaji,420109,"At Shamalpur Po Sarvoday Asharm , At Shamalpur Po Sarvoday Asharm",383355,-,-,-,-,emrsshamlaji@gmail.com,www.no.com,-,Rathod Bhupendrakumar N,Middle Class,Bhupendrakumar N. Rathod,-,Arvalli - Modasa
Essar International School,430030,"Nand Niketan Essar Township,hazia,",394270,261,"6684073, 884012",-,2874075,essarinternationalschool@essar.com,http://www.essarinternationalschool.org,-,Mrs. Sunita Matoo,Senior Secondary,-,-,Surat
Elite English Medium School,430502,At & Post Hatmatiya,363650,-,9825423314,-,-,eliteenglishmediumschool@gmail.com,http://www.eliteeducationalinstitute.org,2014,Mrs. Nivruti B. Fefar,Secondary School,Shidhivinayak Education And Charitable Trust,-,Morbi
English Teaching School,430497,"B/h Railway Station, R T Patel Marg, Nadiad",387002,-,02682558766,-,-,ets@nesnadiad.org,http://www.nesets.org,1963,Mr. Kiran J Mistry,Senior Secondary,New English School Kelvani Trust,-,Kheda
Euro Global Academy,430159,"Plot No. 639/2, Bhachau Dudhai Road, Navagam, Bhachau",370140,2837,223046,-,02837 - 223131,euroglobalacademy@gmail.com,www.euroschool.edu.in,2008,Mr. Rajeev Kumar Pillai,Secondary School,Euro Foundation,-,Kutch
Euro School,430226,"Via Thaltej Hebatpur Village, Ahmedabad",380059,-,9925292222,9727757505,-,gurinder.kaur@es03.euroschoolindia.com,http://www.euroschoolindia.com,2010,Gurinder Kaur,Senior Secondary,Euroschool Education Trust,-,Ahmedabad
Euro School,430262,"Block No. 283, Vill: Kosmada, Kamrej, Surat, Puna-kumbhariya Canal Road,",394180,261,02616513003,-,-,eurosurat@yahoo.com,http://www.es04.euroschoolindia.com,2012,Mrs. Punam Mithal,Senior Secondary,Euro School Education Trust,-,Surat
Fatima Convent Public School (Cbse),430272,"Merubag, Ghogha Road Bhavnagar",364001,-,02782563256,-,-,fatcopub@gmail.com,http://fcps.in/,2009,Miss Sr Lucy Mhatara,Senior Secondary,Carmelite Sisters Of Charity Society,-,Bhavnagar
Euro School Foundation Nadiad,430238,"2nd Km Stone, Opp. Vivakanand Marble Factory, Piplag,nadiad,kheda",387355,268,9427937777,-,-,euroschoolnadiad@gmail.com,https://www.euroschoolnadiad.com,2013,Mrs. Roomana Malek,Senior Secondary,Euroschool Foundation Nadiad,-,Kheda
Fellowship Mission School,430093,"Silvassa Road Dungra Po Vapi, Valsad Gujarat",396191,260,6451309,9904103573,0265-6584962,MISHRASUNITA22@GMAIL.COM,http://www.ambevidyalaya.org,1979,Sunita Mishra,Senior Secondary,Fellowship Education,-,Valsad
G.D. Goenka International School,430166,"Wisdom Vally  Campus Rcc Canal Road Near Anuvrat Dwar Off New City  Light Road, Bharthana Vesu Surat",395017,261,2916900,-,0261-2916904,principal@gdgoenkasurat.com,http://www.gdgoenkasurat.com,2006,Raghuveer Y V,Senior Secondary,Ashirwad Kelvani Public Charitable Trust,-,Surat
Freedom Valley School,430225,"At & Post - Umrakh, Bardoli-mota Road, Ta. Bardoli, Dist. Surat- 452001.",452001,2622,8156034088,-,9753124622,principal@freedomvalleyschool.org,http://www.vibrantbardoli.org,-,Ms. Preeti Dhawan,Senior Secondary,-,-,Surat
Firdaus Amrut Centre School,430174,"15 - Cantonment, Shahibaug, Ahmedabad - 3",380003,79,22864145,4828225470,079-22866501,facprincipal@yahoo.in,-,1997,Kirti Sharma,Senior Secondary,Firdaus Memorial Charity & Education Trust,-,Ahmedabad
Gajera Global School,430289,"Pal T.p. 10 Suda Awas Road, Near Shalini Enclave, Pal",394510,261,0261-6502225,-,0261-6502226,principal.ggs@gajeratrust.org,http://ggs.edu.in,2014,Mr. Ravi Kummamuru,Senior Secondary,Smt. Shantaben Haribhai Gajera Charitable Trust-surat,-,Surat
Gajera International School,430415,"Utran Power House,utran Surat",394107,-,8866700061,-,-,principal.ucbse@gajeratrust.org,www.gisu.gajeratrust.org,2017,Mrs. Sharmila Ravindra Thakur,Senior Secondary,Smt.shantaben Haribhai Gajera Charitable Trust,-,Surat
Gajera International School,430092,Amrdi Road Katargam Surat Gujarat,395004,261,"2489700, 2484817",870373,-,principal.kcbse@gajeratrust.org,-,2002,Mr. Eric N Bhathena,Senior Secondary,Smt Santeben Haribhai Gajera Charitable Trust,-,Surat
Gangotri International School,430412,"At. Jamvadi, Gondal-jetpur Nh-27, Gondal",360311,-,9512300351,-,-,admin@gisgondal.com,http://www.gisgondal.com,2018,Mr. Bibhas Ranjan Pal,Senior Secondary,Maa Education And Charitable Trust,-,Rajkot
Gems Genesis School,430333,"Khodiyar Gam, Near Khodiyar Mata Mandir, Vaishnodevi Circle, S.p. Patel Ring Road, Ahmedabad",382421,79,9274022333,-,-,info.gemsscl@gmail.com,-,2012,Mrs. Ekta Peshwani,Secondary School,Subhashish Foundation Trust,-,Ahmedabad
Genius Educational Academy,430200,"Sania-chalthan Road, Mohni, Surat",394210,262,2282288,-,-,principalgea@gmail.com,http://www.geniuseducationalacademy.com,2009,Keyurkumar N Vaidya,Senior Secondary,Shri Krushnalal Bhikhabhai Parekh Charitable Trust,-,Surat
Genius English Medium School,430486,"Opp. Cosmoplex Cinema, Kalawad Road, Mota Mava, Rajkot -360005",360005,-,9925595055,-,-,geniusschoolprincipal@gmail.com,http://geniusschool.edu.in/,2001,Miss Dipti Vadukul,Senior Secondary,Genius Educational & Charitable Trust,-,Rajkot
Genius International School,430393,"Village : Hadadad, Near Botad Mahajan Panrapol, Turkha Road,",364710,-,7043767676,-,-,geniusschoolbotad@gmail.com,-,2017,Mrs. Heena J. Pandhi,Secondary School,12/6/2017,-,Bhavnagar
Girnar Public School,430468,"""pushpakunj"", College Road, Near Moti Baugh, Opposite Girnar Heights, Junagadh, 362001, Gujarat",362001,-,7265888401,-,-,jnd.gps@gmail.com,www.jndgps.org,2019,Mr. Vijay Arora,Secondary School,"Shree Leuva Patel Education And Charitable Trust, Junagadh",-,Junagadh
Global Discovery School,430315,"Block No. 112, Village Ampad, Sevasi Bhimpura Corss Road, Vadodara",391101,-,9228515318,-,-,vivek.r@globaldiscoveryacademy.com,http://www.globaldiscoveryacademy.com/index.php/sc,2012,Mrs.dipti Patel,Secondary School,Global Education Research Foundation,-,Vadodara (Baroda)
Global Discovery School,430263,"Near Radhe Shyam Party Plot, Harni-virod Rd, Harni, Vadodara - 390022",390022,91,9099929983,-,-,sdpatel.trust@gmail.com,-,2013,Jalpa Patel,Senior Secondary,S. D. Patel Education Research Foundation,-,Vadodara (Baroda)
"Global Discovery School, Halol",430470,"Survey No: 737/1, Davda-kanjari 2 Road, Godhra Halol Bypass, Halol",389350,-,9426384955,-,-,halol@globaldiscoveryacademy.com,www.globaldiscoveryschool.in,2019,Mrs. Rinku Mishra,Secondary School,Global Education Trust,-,Panchmahal (Godhra)
Avalon World School Waghodia,430360,"Opp. Sumandeep Vidhyapeeth, Waghodia Road",391760,-,9925711224,-,-,sakthi.mpillai@gmail.com,http://www.awswaghodia.com,2016,Rk Shakya,Secondary School,Sanskriti Educational Society,-,Vadodara (Baroda)
B. R. International School,430190,"Kharvel, Dharampur, Valsad",396050,2633,243307,9825620181,02633-243308,PRINCIPAL@BRINTERNATIONALSCHOOL.COM,-,2011,Vandana Saxena,Senior Secondary,Shri Bhaniram Thelasariya Charitable Trust,-,Valsad
B.S. Patel Primary School,430110,"College Campus , Chikhli Road , Bilimora, Distt Navsari, Gujarat",396321,2634,280163,260367,-,jjnmp@yahoo.com,-,2001,Roshni Gajera,Senior Secondary,Bilimora Vibhag Kelavni Mandal,-,Navsari
Bal Bharati Public School,430045,Ntpc Jhanor Gandhar Po Urja Nagar Distt Bharuch Gujarat,392215,2642,287840,-,287840,kalpesh_kayasth@yahoo.com,http://www.bbpsjh.com,-,Mr. Kalpeshkumar Kayasth,Senior Secondary,-,-,Bharuch
"Baps Swaminarayan Vidyamandir, Secondary Girls Residential School",430498,"City Pulse Cinema Lane, Koba Gandhinagar Highway, Randesan Road, Randesan, Gandhinagar",382007,-,07923603700,-,-,admin.svmggr@baps.edu.in,www.baps.org/svmrandesan,2016,Miss Rupal Purohit,Senior Secondary,Swaminarayan Vidyapith,-,Gandhinagar
Baroda Public School,430186,"Maret Green Valley, Ankhi-ramnath Road, Por, Vadodara Taluka, Vadodara District.",391243,265,2979700,-,-,bpspor@yahoo.com,-,2006,Vijay Laxmi Garg,Senior Secondary,St. Stephens Foundation - Vadodara,-,Vadodara (Baroda)
Base Stone Public School,430488,"At & Post - Ghodasar, Taluka - Mahemdabad, Dist. - Kheda",387110,-,9409238916,-,-,basestone.school@gmail.com,http://www.basestonepublicschool.com,2015,Mrs. Sarladevi B. Mishra,Secondary School,Om Education And Charitable Trust,-,Kheda
Baselios Public School,430212,"13/35, Jawahar Nagar Refinery Township Vadodara-391320",391320,265,2266345,-,-,jitendramalik71@gmail.com,http://www.baseliospublicschool.org,2009,Jitendra Malik,Senior Secondary,The Trust Of The Society Of St. Basil,-,Vadodara (Baroda)
"Bhagwan Mahavir International School,Surat",430422,"Sr.no 149 Near Vip Road,behind Shyam Mandir,vesu-bharthana,surat",395017,6542,9910003415,256886,6770108,bmisvesu@gmail.com,www.bmis.in,2009,Mr. Rajan Gautam,Senior Secondary,Bhagwan Mahavir Education Foundation,-,Surat
Bhagwati International Public School,430147,"College Campus,rajmahal Road,",384265,2766,227029,9904210385,02766-221911,bipsnges@yahoo.co.in,http://www.bips.nges-patan.org,2003,Rajendra Singh Malwal,Senior Secondary,"North Gujarat Education Society, Mumbai",-,Patan
Bhakt English Medium School,430103,"Kakrolia, Khandivav, Tal: Jambughoda, Distt Panchmahal (godhra), Gujarat",389390,2665,220664,-,"02665-221318, 220966",babula_208@yahoo.com,-,2001,Santanu Kumar Sahoo,Senior Secondary,Bhakt Samaj Vikas Education Trust,-,Panchmahal (Godhra)
Bharatiya Vidya Bhavan's V M Public School,430002,Teen Rasta Makarpura Road Baroda Gujarat,390009,265,6555586,"559418, 9827566434",0265-2635675,principalbvbvmpsv@gmail.com,http://www.bhavansbaroda.org,1966,Rajeev Kumar Singhal,Senior Secondary,Bharatiya Vidya Bhavan,-,Vadodara (Baroda)
Bhartiya Vidya Bhavan's,430089,Gipcl Academy Distt Surat Gujarat,394110,2629,261529,8780436121,0265-6584962,vaibhavagarwal05@rediffmail.com,www.bvbgipcl.com,1979,Mr. Vaibhav Agarwal.,Senior Secondary,Bhartiya Vidya Bhawan,-,Surat
Bhartiya Vidya Bhavans Smt Maniben Kashibhai Patel School,430077,"Near Narsanda Vadtal Crossing Nh No 8 Narsanda , Distt Kheda Gujarat",387345,91,9714788755,-,2588755,bvb_nadiad@yahoo.com,http://www.bhavansnadiad.org,1998,Vandana Srivastava,Senior Secondary,Nime Welfare Society,-,Kheda
Bhaskardyusti Vidyalaya,430088,Chival Road Post Killa Pardi Valsad Gujarat,396125,260,2373930,9825620181,-,newerapublicschool2004@yahoo.com,http://www.newerapublicsc,1994,Mr. Ajitkumar Tampi,Secondary School,Padmavati Foundation,-,Valsad
Bhavkunj School,430375,"Sarva Vidyalaya Campus, Behind Railway Station,",384440,-,02764242779,-,-,bhavkunj@ksv.ac.in,bks.svkm.org.in,2017,Mr. Aju Thomas,Senior Secondary,Sarva Vidhyalay Kelavani Mandal,-,Mehsana
Birlasagar Hr Sec School,430004,Birla Sagar Colony Porbandar Gujarat,360576,286,3080449,-,-,gbhattacharya2000@gmail.com,-,1965,Goutam Bhattacharyya Incharge Principal,Senior Secondary,Saukem Education Socy Porbandar,-,Porbandar
Blue Moon International School,430379,"Block No.58,opp.valan Hospital, Palej-valan Road, At&post-makan Ta. Karjan, Dist. Vadodara",392220,-,02666255044,-,2666255045,bmisworld2017@gmail.com,www.bluemoonschool.com,2015,Mr. Mohammad Abdul Kareem,Senior Secondary,Markaz Public Trust,-,Vadodara (Baroda)
Bright Day School,430097,"Harni Road, Vadodara",390018,265,2486891,2602426613,2435884,sharmaneeta284@yahoo.com,-,2003,Neeta Sharma,Senior Secondary,Bos Educational Society,-,Vadodara (Baroda)
Bright Day School,430060,Near Satyadev Chemicals Vasna-bhaili Road Vadodara Gujarat,390018,265,2250653,1724628502,1602258449,bhavik1975parekh@yahoo.co.in,http://www.goldenbells.or,1967,Bhavik Parekh,Senior Secondary,Bright Education Trust,-,Vadodara (Baroda)
Bright International School,430211,"Karai Gam Road,sardar Patel Ring Road,at.post- Valad, Gandhinagar",382355,79,22808057,-,7922831984,sk.risam2011@gmail.com,-,2007,Sukhvinderkaur Risam,Senior Secondary,Anandba Seva Trust,-,Gandhinagar
Broadway International School,430439,"Behind Atlanta Mall, Near Nestwood, Althan-bhimrad Canal Road, Althan",395017,-,9924195200,-,-,info.broadwayschool@gmail.com,http://broadwayinternationalschool.com,2018,Miss Rachana M. Desai,Senior Secondary,Vidhyavihar Foundation,-,Surat
Calorx Public School,430202,"B/h. Shivanand Flats,k.k Nagar Road.ghatlodia",380061,79,27600932,-,-,principal.cpsghatlodia@kalorex.org,http://www.calorx.org,2007,Pauly M L,Senior Secondary,Shakti Education Trust,-,Ahmedabad
Calorx Public School,430180,"Sector-6,samudra Township,sez, Mundra,kutch-370421",370421,283,271401,-,-,principal.cpsmundra@kalorx.org,calorxpublicschoo.org,2008,Dinesh Joshi,Senior Secondary,Calorx Education And Research Foundation,-,Kutch-Bhuj
Calorx Public School,430252,"Meera Nagar, Bherai Road, Amreli, Rajula,",365560,2794,294054,-,2717235088,principal.cpsrajula@kalorex.org,http://www.cps.calorx.org,2010,Anupam Upadhyay,Secondary School,Calorx Education And Research Foundation,-,Amreli
Central English School,430025,Ram Rajya Nagar Odhar Ahmedabad Gujarat,382415,79,22873569,-,-,mpodhav@yahoo.co.in,-,-,Mukesh Patel,Secondary School,-,-,Ahmedabad
Chaitanya School,430193,"181, Village Lekawada, Gandhinagar.",382042,91,9825697797,-,-,principal.chaitanyaschool@gmail.com,http://chaitanyaschool.org/admissions-open-2/,2003,Swati Matta,Senior Secondary,Sree Vidya Niketan Trust,-,Gandhinagar
Chanderbala Modi Academy,430023,P.b. No. 181 G.i.d.c. Vill Kondh Ankleshwar  Distt Bharuch Gujarat,393002,264,7046278000,5161,-,principal@cma1.in,-,1991,Mrs. Michelle Ganeshani,Senior Secondary,Mahalaxmi Charitable Trust,-,Bharuch
Chinmay International School,430437,"Anastu Road, Anastu, Karjan",391240,-,02666232995,-,-,punchparas@gmail.com,http://www.CISVADODARA.ORG,2015,Mr. Paras Pancholi,Senior Secondary,Chinmay Education And Charitable Trust,-,Vadodara (Baroda)
Christ School,430463,"Prem Mandir Campus,p.b No.1501,kalawad Road,rajkot (gujarat) Pin 360005",360005,-,919499757870,-,2812561515,christschoolrajkot@gmail.com,http://christschoolrajkot.in/,2015,Mr. Fr. Shabu K A,Secondary School,Rajkot Diocese Trust,-,Rajkot
"Cosmos Castle International School, Green Campus",430336,"Green Campus, Survey No. 684, Godhavi, Bopal, Ahmedabad",382110,79,9327000520,+91 7227971697,-,info.gc@ccis.edu.in,www.cosmoscastleschool.com,2016,Dr. Saleema Chaudhary,Senior Secondary,Ramdulari Dhansiram Agrasen Charitable Trust,-,Ahmedabad
Cosmos Castle International School,430140,"Survey No. 598/1, Right Turn To Makarba Cross Roads, Next To Vrindavan Farms, Opp. Ymca Club, S G Highway",380058,79,"9327000520,8000334520",90030019779,079-26402664,priyanka.saxena@ccis.edu.in,-,2006,Priyanka Saxena,Senior Secondary,Ramadulari Dhamsiram Chandravali Charitable Trust,-,Ahmedabad
Cygnus World School,430191,"Motnath Mahadev Road,harni, Vadodara, Gujarat-390022",390022,91,9099901440,-,-,principal@cygnusworldschool.com,http://www.cygnusworldschool.com,2011,Kanchan Joshi,Senior Secondary,Jan Priya Trust,-,Vadodara (Baroda)
Countryside International School,430420,"At&post : Malgama, Nr. Bhesan Railway Crossing,opp. Segvachhama Bus Stop, Cis - Barbodan Road, Surat-394540",394540,-,7096670000,-,-,info.countrysiedschool@gmail.com,http://www.cissurat.com/,2018,Dr. Sanjay Mehta,Senior Secondary,Shree Siddhnath Education Trust,-,Surat
D L A Academy For Little People,430050,Near Vesu Cross Roads Drive In Road Surat Gujarat,365007,261,"2255497, 2255498",2255499,-,-,-,2002,Ms Niru Saigal,Senior Secondary,Dla Foundation Trust Surat,-,Surat
D. M. Goriya International School,430467,"Behind Ahir Kanya Chatralayay, Dwarka - Khambaliya Highway",361305,36130,02833232228,-,-,dmgiyaschool@gmail.com,http://www.dmginternationalschool.com/,2015,Mrs. Anita Rana,Secondary School,D. M. Giya Education Trust,-,Devbhumi Dwarka
"D.A.V International School, Ahmedabad",430183,"Plot No.f.p. 3 & 6. T.p.s. No: 84b, Off Prahladnagar Corporate Road, Ahead Of Vodafone Corporate House, Adj. Adani Vidya Mandir, Makarba, Ahmedabad",380051,79,40125555,-,079 39815500,mind.nivedita@gmail.com,http://www.davahmedabad.net,2007,Nivedita Ganguli,Senior Secondary,"D.a.v. College Trust & Management Society, New Delhi",-,Ahmedabad
D.R.Amin Memorial School,430236,Near Lions Hallgadapura,390015,265,2333232,-,-,ratnabsaha@gmail.com,http://www.draminmemorial.com,2011,Ratna Saha,Senior Secondary,Uday Education Society,-,Vadodara (Baroda)
D.L.A. Academy For Little People,430098,"Plot No. 422, Judges Bungalow Road, Bodakdev, Ahmedabad.",380054,-,079-26857525-26-27,-,079-26857529,admin@dla-academy.com,http://www.dlaquovadis.com,2000,Karuna Yadav,Secondary School,D.l. Foundation Trust,-,Ahmedabad
Dalmia Public School,430022,"Sanjay Nagar Colony Sutrapada . Distt Gir Somnath, Gujarat",362275,2876,"305556, EXT 219",02876-305756,263480,ushasureshkumar@ghcl.co.in,-,1991,Usha Sureshkumar,Senior Secondary,Gujarat Heavy Chemicals Ltd.,-,Gir Somnath??
Deep Darshan Vidhya Sankul,430435,"At & Po: Deladava, Ta: Choryasi, Dist: Surat.",394210,-,9925833150,-,-,info.deepdarshanvidhyasankul@gmail.com,http://www.deepdarshan.org,2017,Mr. Shayne Stanion Jones,Senior Secondary,Swastik Education & Medical Trust,-,Surat
Dayanand Arya Vedic Public School,430271,Plot No 1 Ward No 6/a Behind Rambaug Hospital Adipur Gandhidham,370205,-,02836295411,-,2836239674,davgan2009@gmail.com,http://davpsgandhidham.com,2009,Dr.ravish Kumar Mishra,Secondary School,Arya Samaj Gandhidham Charitable Trust,-,Kutch-Bhuj
Delhi Public School,430036,Bopal Nr. Bopal Ambli Rly Crossing Ahmedabad Gujarat,380058,2717,230521,9924555322,235088,dpsbopal@kalorex.org,www.dpsbopal-ahd.edu.in,1996,Sabina  Sawhney,Senior Secondary,Calorx Education And Research Foundation,-,Ahmedabad
Delhi Public School,430181,"Maninagar-Mehmdabad Road, Hirapur, Tal:Dascroi, Ahmedabad.",382435,-,"9375023879,9375023869, 9099128000",-,-,contact@calorxdpseast.com,http://www.calorxdpseast.com,2008,Anita Dua,Senior Secondary,Calorx Education & Research Foundation,-,Ahmedabad
Delhi Public School,430261,"Paguthan-aldar Road, Opp. Clp India, Aldar, Bharuch",392015,264,2288014,-,02642-288015,principal@dpsbharuch.com,http://www.dpsbharuch.com,2013,Manoj Sarin,Senior Secondary,Sanskriti Society For Educational Development,-,Bharuch
Delhi Public School,430081,Ambapur Koba Adalaj Link Road Near Koba Circle Distt Gandhi Nagar Gujarat,382421,79,30513000,2423753,0124-2015773,principal@dps-gandhinagar.com,-,1992,Atanu Rath,Senior Secondary,Maharishi Shiksha Samiti Gharaunda(karnal),-,Gandhinagar
Delhi Public School,430090,Kutch Bhuj Gandhidham Gujarat,370201,2836,8980034185,-,-,t_srivastava@mail.com,-,1989,T  Srivastava,Senior Secondary,Padma Education & Wel Soc,-,Gandhinagar
Delhi Public School,430423,Godhra-dahod National Highwayp.o Paravadi,389120,91,9723090092,-,-,cbsedpsg@gmail.com,www.dpsgodhra.org,2017,Mr. Johnson K T,Senior Secondary,Anshul Education And Charitable Trust,-,Panchmahal (Godhra)
Delhi Public School,430056,"Airpost Road, Silent Zone, Opp. Sai Villa Farm House, Dumas, Ta.-choryasi, Distt. Surat, Gujarat",390018,261,"2204500, 2212789",3273535,2654024,principal@dpssurat.net,http://www.dpssurat.net,2001,P Vamshi Krishna,Senior Secondary,Nalanda Education Society,-,Surat
Delhi Public School,430135,"Village Veluk, Narthan Patia, Dandi-jahangirabad Road, Surat.",395005,261,2204591,-,2612654014,principal@dpstapi.net,http://www.dpstapi.net,2009,Sanjukta Sivakumar,Senior Secondary,Nalanda Education Society,-,Surat
Delhi Public School,430053,Tramspek Vadsar Road Kalali Vadodara Gujarat,390092,265,"2681571, 2681572",--,2681573,info@dpsvadodara.com,http://dpsvadodara.com,1984,Lata Menon,Senior Secondary,Sanskriti Educational Society,-,Vadodara (Baroda)
Delhi Public School,430124,"Near Motnath Temple,harni-virod Road,harni,vadodara",390022,265,2540001,2.60E+19,"0265 - 2540001, 2540002",principal@dpsharni.com,http://www.dpsharni.com,2005,Deepali Sekhon,Senior Secondary,Sanskriti Educational Society,-,Vadodara (Baroda)
Delhi Public School Mehsana,430381,"Dps Mehsana, Kherpur Road",382715,-,8980034182,-,-,vp.dpsmehsana@gmail.com,http://www.dpsmehsana.in,2016,Mrs.ranjana Jha,Secondary School,Padma Education And Welfare Society,-,Mehsana
Delhi Public School Anand,430362,Near Gyanbaugvadtal - Kanjari Roadvadtalnadiad,387375,-,02682589890,-,-,info@dpsanand.com,https://www.dpsanand.com/,2016,Mr. Yogesh Jain,Senior Secondary,Sanskriti Educational Foundation,-,Kheda
"Delhi Public School, Jamnagar",430283,"Survey No. 99, Village Vasai, Reliance Jamnagar, Highway",361006,91,7575828384,-,-,admin@dpsjamnagar.edu.in,http://www.dpsjamnagar.edu.in/,2015,Mr. S. K. Verma,Senior Secondary,Shrimati Sulochanadevi Education Foundation,-,Jamnagar
Delhi World Public School,430054,Haripar Survey Behind Nir Bunglows Kalawad Road Rajkot Gujarat,360007,91,"7572890044, 3091953",9375070922,9375070923,manojdubey5@yahoo.com,www.dpsrajkot.org,2001,Manoj Dubey,Senior Secondary,Sh Kamdar Education Trust,-,Rajkot
Delhi World Public School,430454,Behind Baa Ni Vaadivirpar,363641,-,07573075065,-,-,info@dwpsmorbi.com,http://www.dwpsmorbi.com,2016,Mr. Nagendra Pandey,Senior Secondary,"Shri Kamdar Academy Trust, Rajkot",-,Morbi
Dhaval Straed World School,430227,"Jetpur Somnath Highway Ring Road, Tatkal Hanuman Chowk, Pedhla Jetpur, Distt Rajkot",360370,2823,225901,-,283229644,ajpatel152@gmail.com,http://www.dhavalacademy.org/,2012,Abhishek Patel,Senior Secondary,Matushree Ramuben Kesavbhai Education Trust,-,Rajkot
Divine Child High School,430099,"Near New Life Hospital, Ram Chowk, Ghod Dod Road",140401,261,2231515,21637,02624 220138,HAMANARSEE@GMAIL.COM,-,1992,Hama Narsee,Senior Secondary,Bombay Public Trust,-,Surat
Divine Child International School,430128,"Sabarmati-adalaj Road, Beside Narmada Canal, Adalaj - 382421",382421,79,23970092,260367,079-23970092,shajivmathew23@gmail.com,http://www.dcis.in,2008,Shaji Mathew,Senior Secondary,Shanku's Foundation,-,Gandhinagar
