A K Dav Public School,530382,Ismailabad Kurukshetra Haryana,132129,1744,252198,-,-,sarvjeetkaur59@yahoo.com,-,1986,Sarvjeet,Senior Secondary,Dav College Trust & Mgmt Society,-,Kurukshetra
A P Senior Secondary School,531498,"Sanjay Colony, Sector-23",121005,-,01292233746,-,1292233746,apschoolfbd@gmail.com,-,1987,Mrs.sujata,Senior Secondary,A.p High School Educational Society,-,Faridabad
A P G Public School,530375,Sampla Road Kharkhoda Dt Sonipat Haryana,124402,130,9255495032,-,080-26484355,apgpublucschool7@gmail.com,http://www.bgsnps.com,1994,Alka  Garg,Senior Secondary,Om Shiksha Evam Kalyan Samiti,-,Sonipat
A V International Public School,530476,Iti Chowk Rania Chowk Sirsa Haryana,125055,1666,227700,0353-2568557,-,avips_sirsa@yahoo.com,-,1994,Neetu Madaan,Senior Secondary,Sh Arorvansh Charitable Trust,-,Sirsa
A. V. Vidyamandir,531135,"Village Tatiana, Po Badsui (cheeka)",136034,9050,9050004702,-,-,avvidyamandir@gmail.com,www.avvidyamandir.com,2013,Mrs. Kusum Arora,Senior Secondary,Adarsh Vatika Vidyamandir Education Society,-,Kaithal
A.B.M Public School,530832,"Wazirpur-bhupani Road, Riwazpur (sector-89)",121002,129,2202500,-,0129-2202512,infoabmschool@gmail.com,http://www.abmschool.com,2006,Nabonita Ghosh,Senior Secondary,Amir Chand & Baskari Devi Memorial Educational & Cultural Society,-,Faridabad
A. Xavier's International School,531002,"Birdth - Theh Road, Salempur, Ward No.14 Cheeka",136035,1743,202088,-,1743202362,renu.bala59@yahoo.com,-,2002,Renu Bala,Senior Secondary,Renuka Educational Society,-,Kaithal
A.D. Senior Secondary School,530816,"B-210, Dabua Colony, Nut, Faridabad",121001,129,2481958,-,-,ad_school@rediffmail.com,-,1986,Subhash Chander,Senior Secondary,Ideal A.d Shikshaan Sansthan,-,Faridabad
A.V.N. Global School,531868,"Village Dobh, Rohtak, Haryana-124001",124001,-,8684057533,-,-,avnglobalschoolrohtak@gmail.com,www.avnglobalschool.com,2016,Mrs. Monika Khanna,Middle Class,Alps Education Society,-,Rohtak
"Aadharshila Public School, Jind",531111,"New Bypass, Safidon Road, Jind, Haryana",126102,1681,291423,-,-,apsharyana@gmail.com,http://www.aadharshila.org,2011,Anju,Senior Secondary,Aadharshila Education Society.,-,Jind
Aadhar International Public School,531295,Vill. Samaspur Majra,124109,1251,9254345645,-,-,seemagod@gmail.com,-,2012,Seema Hooda,Secondary School,Aadhar Educational Society,-,Jhajjar
Aakash International School,531209,"Sec-36, Nuna Majara, Jhajjar Road",124507,-,9466469533,-,-,dahiya.usha@yahoo.co.in,http://www.aisb.co.in/,2012,Usha Dahiya,Senior Secondary,Vikas Education And Religious Association,-,Jhajjar
Aadharshila Vidyapeeth,531580,V.p.o. Narnaul,123001,-,9416416643,-,-,aadahrshilavidyapeeth001@yahoo.com,-,2005,Mrs.sushma,Secondary School,Late.vimla Khera Memorial Samiti,-,Narnaul
Aastha International Public School,531477,V.p.o.dobhi,125001,-,9518593000,-,-,aipsdobhi@gmail.com,-,2013,Mr.suresh Kumar,Senior Secondary,"Aastha Gramin Education Society, Dobhi",-,Hissar
Aastha Public School,530715,Village And P.o. Basduda,123401,128,9467757201,4842792050,-,apsbasduda@gmail.com,-,2007,Vikas Yadav,Senior Secondary,Aastha-a  Hope For Rural India,-,Rewari
Abhed Shakti Sadan School,531648,Bhagat Mandi Distt Karnal,132001,-,9034403901,-,-,ABHARTI061977@GMAIL.COM,-,2015,Mrs. Pooja Arora,Secondary School,Sb Mission,-,Karnal
Aaron Public School,530358,"Behind Civil Court Employees Colony, Jind Haryana",126102,1681,"254091, 59015",220187,-,bijenkhatkar@yahoo.co.in,-,1973,Bijender Singh,Senior Secondary,Army Pub School Soc,-,Jind
Acme International School,531006,"Sector-12, Indri Road,",122123,124,2013775,-,-,principalacme@yahoo.com,-,2009,Manisha Sarin,Senior Secondary,"Elite Education Welfare Society, Village-udaka, Disst- Mewat, Haryana",-,Gurugram
"Adarsh Convent Senior Secondary School Kairu, Bhiwani",531903,Vpo Kairu,127029,-,01253283383,-,-,acssskairu@gmail.com,WWW.ADARSHCONVENTSCHOOLKAIRU.IN,2019,Mrs. Monika,Senior Secondary,Manshi Education Society Kairu,-,Bhiwani
Adarsh Public School Charkhi Dadri,531572,"Prem Nagar Ward No. 03, Gali No. 04",127306,-,01250 223184,-,01250 223184,apsdadri@gmail.com,http://apscharkhidadri.com,2013,Mr.naveen Kumar,Secondary School,Adarsh Public Education Society,-,Bhiwani
Adarsh Public Senior Secondary School,531413,Vpo Garhi Birbal Teh Indri Distt Karnal,132054,184,2382560,-,-,mandhansurender@gmail.com,-,2004,Salinder Kumar,Senior Secondary,Adarsh Shiksha Samiti Garhi Birbal Distt Karnal,-,Karnal
Adarsh Sen.Sec.School,531228,Jind Road Assandh,132039,174,09996550010,-,-,adarshschoolassandh@gmail.com,-,1988,Richpal,Senior Secondary,Adarsh Shiksha Samiti Assandh,-,Karnal
Adarsh Senior Secondary School,531041,Vill. Nahrap.o. Dehra Salimpur,133205,1731,273727,-,-,info.adarshschool@gmail.com,devpolytechnic.com,1996,Gurmeet  Kaur,Senior Secondary,Shaheed Bhagat Singh Education Society,-,Ambala
Adarsh Senior Secondary School,530853,"Dhani Ramjas Road, Siwani Mandi",127046,1255,09255172727,244230,1255278033,ashirwadaryan135@gmail.com,http://www.adarshcoe.com/,2001,Ashirwad,Senior Secondary,Adarsh Education Society,-,Bhiwani
Adarsh Senior Secondary School,530737,"Gulshan Nagar , Hisar Road, Distt Bhiwani, Haryana",127040,1253,258853,2728910,01253-258853,bhushan9471@gmail.com,http://www.adarshschool.co.in,1990,Bharat Bhushan,Senior Secondary,Adarsh Education Society,-,Bhiwani
Adarsh Senior Secondary School Dadanpur,530653,"V. Po Dadanpur, Distt. Jhajjar, Haryana",124103,8930,360888,9466786656,01251-680994,info@adarsheducation.com,-,2004,Jai Parkash,Senior Secondary,Adarsh Shiksha Samiti,-,Jhajjar
Adarsh Sr. Sec. Schiool,531165,"Vill-bhargat, Distt - Kurukshetra",136156,1744,266140,-,01744-266140,themilangroupinternational@gmail.com,-,2001,Priya Gupta,Senior Secondary,Sunrise Education Society,-,Kurukshetra
Adarsh Sr. Sec. School,530684,"V.p.o. Madina, Teh. Meham, Distt. Rohtak",124111,1257,01257260888,-,1257260447,adarshschoolmadina@gmail.com,http://www.adarshschoolmadina.com,-,Mr. Harpal Singh,Senior Secondary,-,-,Rohtak
Adarsh Sr. Sec. School,531661,"Chaudharywas, Hisar, Haryana",125001,-,8222844203,-,-,adarsh123hsr@gmail.com,http://www.icbse.com/schools/adarsh-sr-sec-school-,2007,Mr. Dhoop Singh,Senior Secondary,"Panch Mukhi Education Society, Vpo Chaudharywas Distt. Hisar",-,Hissar
Adarsh Vidya Mandir,531530,"Gujrani Mor Meham Road,paluwas",127021,-,9138155655,-,-,avm.bhiwani@gmail.com,www.adarshvidyamandir.com,2017,Mr. Rajesh Sangwan,Senior Secondary,"Adarsh Education & Welfare Society , Indira Colony,bhiwani",-,Bhiwani
Adarsh Vidya Niketan Sr Sec School,530182,Sector 19 Faridabad Haryana,121102,129,4037300,220246,225172,avnfbd@yahoo.com,-,1980,Sunita Khullar,Senior Secondary,Sant Shiksha Samiti,-,Faridabad
Adi Sankaracharya Convent Pulbic School,530670,"Jind Road Safidon, Dist- Jind Haryana-126112",126112,1686,263786,1396,01686-263657,hamentg28@gmail.com,-,2005,Urmila Kaushik,Senior Secondary,Inderparshta Education Society,-,Jind
Aditya Army Public School,530753,"Village & Post: Ujina, District: Mewat (nuh), Gurgaon, Haryana",122107,91,09813316383,-,-,ushaverma.ushaverma288@gmail.com,-,2000,Usha Verma,Secondary School,Aditya Army Educational Society,-,Gurugram
Aditya International School,530893,"Garhkhera Ballabgarh, Faridabad,",121004,-,0129-3227324,-,-,adityainternationalschool2008@gmail.com,-,2008,V P Sharma,Senior Secondary,Gaur Educational & Cultural Society,-,Faridabad
Aditya Public School,531554,Village Khaintawas,122506,-,01242343217,-,1242343217,adityaschool2017@gmail.com,http://adityaschoolkhaintawas.com,2016,Dr. Pallavi Yadav,Secondary School,B.s.yadav Educational Trust,-,Gurugram
"Aggarsen Senior Secondary School, Raipur Rani, Panchkula",531808,"V.p.o. Raipur Rani, Teshil Raipur Rani, District Panchkula",134116,-,09466941670,-,1734256925,aggarsen91school@gmail.com,www.aggarsenschool.co.in,1998,Mrs. Babita Rani,Senior Secondary,"Aggarsen Educational Society, Raipur Rani, District Panchkula",-,Panchkula
Aggarsain Public School,530094,Sec 13 Urban Estate Kurukshetra Haryana,132118,1744,"220910, 220218",224345,-,aps@aggarsainpublicschool.ac.in,-,1981,Rita Goyal,Senior Secondary,The Maharaja Aggarsain Publiic Sch,-,Kurukshetra
Aggarwal Public School,530331,Sector-3 Urban Estate Faridabad Haryana,121004,129,2245032,66935,-,learn_share@yahoo.co.in,http://www.xyz.com,1999,Bharti Mehta,Senior Secondary,Aggarwal Vidya Pracharini Sabha,-,Faridabad
Agrasen Public School,531056,Punhana Road Hodal,121106,1275,8684946946,-,-,principal1122@yahoo.com,http://www.apshodal.com,2011,Anil Kumar,Senior Secondary,Agrasen Shiksha Samiti,-,Palwal
Aggarwal Public School,531628,"Village-machgar,teh-ballabgarh,faridabad Haryana 121004",121004,-,09810177004,-,-,upasanasharma7@gmail.com,apsmachgar.com,2016,Dr. Upasana Sharma,Senior Secondary,Aggarwal Vidya Pracharni Sabha,-,Faridabad
Aggarwal Public School,530091,"Ballabgarh, Distt Faridabad, Haryana",121004,129,2248780,0129-2289628,-,apsblb@rediffmail.com,-,1979,Parveen Kapoor,Senior Secondary,Aggarwal Vidya Parcharni Sabha Ball,-,Faridabad
Ahirwal Sr. Sec. School Jyoti Nager Ateli,530939,Jyoti Nager Ateli Mohinder Garh,123001,-,01282-204265,-,01282-251600,rayadav@rediffmail.com,-,2004,Sunil Kumar,Senior Secondary,N.r.shiksha Samiti,-,Mahendragarh
Air Fce School,580007,C/o 56 Asp N.h.14 Faridabad Haryana,121005,-,255685,-,-,afsfbd@mantraonline.com,-,1985,Raj Gupta,Secondary School,Shri Sajjan Singh Shiksha Samiti,-,Faridabad
Air Fce School,580003,Air Fce Station Ambala Cantt Haryana,133001,1741,420070,1741224366,224367,sismakker@yahoo.co.in,-,-,Sh S P Mittal,Senior Secondary,-,-,Ambala
Air Fce School,580008,Delhi Road Gurgoan Haryana,122001,171,20771,2221,-,principal@jdkps.itgo.com,-,1998,Poonam Chawla,Secondary School,Haryana Police,-,Gurugram
Aishly Public School,530519,V&po Ateli Manich Distt Mohindergarh Haryana,123021,1282,9050329953,2222699,-,aishly.publicschool@gmail.com,-,1996,Kavita Yadav,Senior Secondary,Sh Om Parkash Yadav Memo Shiksha Sm,-,Mahendragarh
Ajanta Public School,530318,Sector - 31 Gurgaon Haryana,122001,124,0124-2381823,1242381823,522263585,principal@ajantapublicschool.org,www.ajantapublicschool.org,1999,Vaibhav Kapoor,Senior Secondary,Ajanta Educational Centre (regd.),-,Gurugram
Akal Academy,530453,Ajitsar Ratia V & Po Hamjapur Distt Fatehabad Haryana,125051,1697,"251605, 2470546",-,-,aaajitsarratia@akalacademy.ac.in,www.akalacademy.in,1976,Suderpan,Senior Secondary,Kalgidhar Society,-,Fatehabad
Ajanta Senior Secondary School,531367,Vill.tajnagar P.o Patli Station Teh.farrukh Nagar Distt.gurgaon Haryana-122506,122506,124,09813097979,-,-,principal.ajantaschool@gmail.com,http://www.ajantaschool.com,2000,Sher Singh Yadav,Senior Secondary,Ajanta Education Society,-,Gurugram
Akal Academy Ahmedpur Darewala,531911,"Ahmadpur Darewala, Village Ahmadpur Darewala, P.o. Bijjuwali, Tehsil Mandi Dabwali, District Sirsa (haryana) - 125103",125103,-,9875987260,-,-,khemsg@yahoo.co.in,-,2010,Mrs. Jatinder Kaur,Secondary School,"The Kalgidhar Society, Baru Sahib",-,Sirsa
Akal Academy Bhunsla,531706,"Vpo Bhunsla, Tehsil Guhla, District Kaithal(haryana)-136034",136034,-,7027297339,-,-,khemsg@yahoo.co.in,-,2010,Mrs. Gurjeet Kaur,Secondary School,"The Kalgidhar Society, Baru Sahib",-,Kaithal
Akal Academy Bara Gura,531341,"Bara Gura, Vpo Bara Gura, Tehsil & District Sirsa (haryana) - 125055",125055,1696,01696245238,-,-,KHEMSG@YAHOO.CO.IN,-,2008,Dr. Rajni Sakhuja,Senior Secondary,"The Kalgidhar Society, Baru Sahib",-,Sirsa
Akal Academy Dakra Sahib,531609,"Akal Academy Dakra Sahibvillage Dakra, P.o.raipur Rani, Teh. & Distt. Panchkula-134204",134204,-,8814000242,-,-,khemsg@yahoo.co.in,-,2012,Miss Paramjit Kaur,Secondary School,"The Kalgidhar Society, Baru Sahib",-,Panchkula
Akal Academy Ellenabad,531590,"Akal Academy Ellenabadnear Varidha Ashram, Hanumangarh Road, Ellenabad, Distt. Sirsa (haryana)-125102",125102,-,9896274707,-,-,khemsg@yahoo.co.in,-,2009,Mrs. Jatinder Kaur,Secondary School,"The Kalgidhar Society, Baru Sahib",-,Sirsa
Akal Academy Dashmesh Nagar,531845,"Akal Academy Dashmesh Nagar (chander Kalan), Near Gurudwara, Bhuna - Tohana Road, Tehsil - Tohana, District Fatehabad (haryana) - 125120",125120,-,9875987249,-,-,KHEMSG@YAHOO.CO.IN,-,2012,Mrs. Suman,Secondary School,"The Kalgidhar Society, Baru Sahib (hp)",-,Fatehabad
Akal Academy Khokhar,531928,"Akal Academy Khokhar, Village Khokhar, P.o. Chattha, Tehsil Mandi Dabwali, District Sirsa (haryana) - 125104",125104,-,9877707471,-,-,KHEMSG@YAHOO.CO.IN,-,2013,Mrs. Gagandeep Rani,Secondary School,"The Kalgidhar Society, Baru Sahib (hp)",-,Sirsa
Akal Academy Habri,531856,"Akal Academy Habri, Village & Post Office Habri, Tehsil Pundri, District Kaithal (haryana)- 136026",136026,-,7087387082,-,-,KHEMSG@YAHOO.CO.IN,-,2013,Mrs. Kuldip Kaur,Secondary School,"The Kalgidhar Society, Baru Sahib",-,Kaithal
Akal Academy Rori,531802,"Akal Academy Rori, Village & P.o.rori (surtia Road), Tehsil Kalanwali, District Sirsa (haryana) - 125201",125201,-,9875987320,-,-,KHEMSG@YAHOO.CO.IN,-,2011,Mrs. Rajni Sakhuja,Secondary School,"The Kalgidhar Society, Baru Sahib",-,Sirsa
Akal Academy Salam Khera,531410,"Village Salam Khera, Po Bighar, Teh & Distt. Fatehabad (haryana) - 125050",125050,1667,250555,-,-,aasalamkhera@akalacademy.ac.in,-,2008,Jai Bala,Secondary School,"The Kalgidhar Society, Baru Sahib",-,Fatehabad
Akal Academy Saniana,531768,"Akal Academy Saniana,village Saniana, P.o. & Tehsil Tohana, District Fatehabad (haryana) - 125120",125120,-,9875987324,-,-,KHEMSG@YAHOO.CO.IN,-,2012,Mrs. Narinder Pal Kaur,Secondary School,"The Kalgidhar Society, Baru Sahib",-,Fatehabad
Bal Bhavan International School,531353,"N.h. -1 , G T Road, Gannaur - 131101 (distt. Sonepat), Haryana",131101,130,130-2460065,-,-,bbisgannaur@gmail.com,http://bbisgannaur.com,2015,Mr.jai Bharat Gupta,Senior Secondary,Apex Educational Trust (regd.),-,Sonipat
Bal Bharti Vidya Peeth,530576,"Opp Civil Hospital Baroda Road Gohana, Distt Sonepat, Haryana",131301,1263,8397042343,257142,-,74ssheoran@gmail.com,http://www.motherschool.com,2004,Seema,Senior Secondary,Haryana Educational & Charitable Society,-,Sonipat
Bal Kalyan Public Sr Sec School Manjhawali,531700,Vop Manjhawaliblb,121101,-,09313312117,-,1292402274,guruduttbalkalyan@gmail.com,http://www.balkalyanschool.com,2003,Mr. Gurudutt,Senior Secondary,Bal Kalyan Education Society,-,Faridabad
Bal Vatika Public School,530947,N.h. 10 Opposite Police Linehisar Road,125050,1667,01667230972,-,-,balvatika@gmail.com,www.balvatika.org,2007,Mrs. Rosy Mehtani,Senior Secondary,Bal Vatika Educatonal Society Fatehabad,-,Fatehabad
"Bal Vikas Global School,Kaithal",531726,"Bal Vikas Global School, Kaithal Near Titram Mod, N.h. 152",136027,-,9812026004,-,-,balvikasglobalschool@gmail.com,-,2017,Mr. Sushil Dhiman,Senior Secondary,Hari Om Education & Social Welfare Society,-,Kaithal
Bal Vikas Progressive School,530642,"Village Jattal, Distt Panipat, Haryana",132103,180,9896432268,5386486,0180-4011098,rekha171965@gmail.com,-,2004,Mrs.anupama Shah,Senior Secondary,Raj Charitable Trust,-,Panipat
Bal Vikas School,530155,24 Guru Teg Bahadur Colony Model Town Panipat Haryana,132103,180,4019098,1804018098,-,mrsritumarwaha@yahoo.com,-,1987,Ritu Marwaha,Senior Secondary,Delhi Sanskar Bharti Shiksha Samiti,-,Panipat
Bal Vikas Senior Secondary School,530603,"Near Sarai Aurangabad, Distt Jhajjar, Haryana",124507,1276,645474,-,475834,balvikasschool1@YAHOO.COM,-,1993,Poonam Rani,Senior Secondary,Ganesh Mal Mohan Lal Sarogi Chari Tr,-,Jhajjar
Balaji Balwan Public School,531483,"Vill- Brahman Majra, P.o.- Bhadour",132103,-,01806500231,-,-,balajibalwanpublicschool@gmail.com,-,2016,Mr.rajesh Kumar,Senior Secondary,Jai Shri Shyam Education Society,-,Panipat
Balaji Public School,530516,Malena Road Adarsh Nagar Ballabhgarh Haryana,121004,129,2245778,2222699,0257 - 2212998,balajischools_2004@yahoo.com,http://www.godavarifoundation.org,1993,Raj Kishor Singh Negi,Senior Secondary,Balaji Welfare & Edu Society,-,Faridabad
Ballistics Vidyalaya,530280,T.b.r.l. Range Ramgarh Distt. Panchkula Haryana,134111,1733,253039,9815259649,-,dbatra35a@gmail.com,-,1994,Harvinder Batra,Secondary School,D.r.d.o. Eduucational Society,-,Panchkula
Bansi Vidya Niketan,531925,Village-gughera Palwal Sohna Road Nh-71b,121102,-,8396920630,-,-,bvnpalwal@gmail.com,www.bansividyaniketan.com,2019,Dr. Chetna Dagar,Secondary School,Dagar Vishwa Bharti Shiksha Samiti,-,Palwal
Bansi Vidya Niketan Senior Secondary School,530593,Rajiv Colony Sector 56-a Ballabgarh Faridabad Haryana,121004,129,"4159745, 4061418",9215781410,-,bansividyaniketan00@gmail.com,http://www.dps-hisar.in,1986,Anju Dagar,Senior Secondary,Dagar Vishwa Bharti Shiksha Samiti,-,Faridabad
Baptist Senior Sec School,530016,Ashoka Road Bhiwani Haryana,125021,1664,243523,-,-,amolsmith98@gmail.com,-,1999,Amol Smith,Senior Secondary,Baptist Union Of North India (regd),-,Bhiwani
Basant Public High School,530829,Dhani Bhalkhi,123102,1281,244895,-,-,basantpublicschool@gmail.com,-,2004,Satyapal,Senior Secondary,Basant Shiksha Samiti,-,Rewari
Basant Valley Global School,531626,"Rosewood City, Block - C, Sector 49",122001,-,1244364261,-,-,bvgs2016@gmail.com,www.bvgs.in,2016,Mrs. Alka Misra,Senior Secondary,Mata Kaushalya Devi Charitable Trust,-,Gurugram
Basant Valley Public School,530364,Garhi Harsaru Gurgaon Haryana,122001,124,"2276549, 6326558",2326558,2276549,mohini23101977@gmail.com,-,1994,Mohini Sharma,Senior Secondary,Pt Pokarmal Edu Avm Wel Society,-,Gurugram
Bdspublicschool,531866,"Bds Public School Badesra, Bhiwani",127031,-,7357895784,-,-,bdsacademy2@gmail.com,www.bdsacademybadesra.com,2019,Mr. Surender,Senior Secondary,Baba Datna Syad Educational And Welfare Society,-,Bhiwani
Base Model Seni Secondary School,530959,"Kalyana Road. Charkhi Dadri, Bhiwani",127306,1250,221820,-,-,parveensangwan74@gmail.com,-,2005,Parveen Sangwan,Senior Secondary,Shanti Education Society,-,Bhiwani
Bawani Khera Senior Secondary School,530620,"Bawani Khera, Distt Bhiwani, Haryana",127021,1254,233733,331003,5821543,sarora_mayo@yahoo.co.in,-,1985,Surinder Arora,Senior Secondary,Sh. Mahaveer Digamber Jain Shiksha,-,Bhiwani
Beant Vidya Bhawan,530828,"Dabwali Road, Jiwannagar, Sirsa, Haryana-125075",125075,1698,272009,331381,-,adv.jsbajwa@gmail.com,-,1979,Joginder Singh Bajwa,Secondary School,Tiny Tots Educational Society,-,Sirsa
Bhagat Public School,531214,Village Sant Nagar Rania Sirsa,125075,1698,01698272036,2758565,-,bpssantnagar@gmail.com,http://www.bhagatpublicschool.edu.in,2009,Mr. Navpreet Singh,Senior Secondary,Bhagat Education Society,-,Sirsa
Bhagat Singh Public School,531493,V.p O Nigdhu,132157,-,9034239082,-,-,bspsngd@gmail.com,-,2001,Mrs.meena Rani,Secondary School,Bhagat Singh Education Society Nigdhu,-,Karnal
Bhagirath Public School,531370,"Village Koolpur,distt Yamunanagar",133205,-,01732270550,-,1732270750,bpsinstitute@gmail.com,http://www.bhagirathinstitutes.com,2011,Mr.ran Singh,Secondary School,"Bhawani Educational & Charitable Trust,koolpur",-,Yamunanagar
Bhagwan Parshuram Public School,530359,Pudri Distt Kaithal Haryana,136021,1746,270512,-,-,bprschool.pundri@gmail.com,-,1986,Seema Sharma,Senior Secondary,Pt Churbhuz Kaushik Edu Society,-,Kaithal
Bhagwan Parshuram Public School,530259,Ambala Road Jagadhri Distt Yamuna Nagar Haryana,135003,1732,247694,35706,-,bppskaushal@gmail.com,www.bppsjag.com,1994,Mamta Kaushal,Senior Secondary,Bhagwan Parshuram Trust,-,Yamunanagar
Bharat International Public School,531691,"Bharat International Public School, 11 K.m. Thanesar- Jhansa Road, Chibba (dhurala), Kurukshetra",136119,-,017744272664,-,-,bharatinternationalpublicschoo@gmail.com,http://www.bpsdhurala.com,2015,Mrs. Seema Kamboj,Senior Secondary,Nav Durga Educational Social Welfare & Charitable Society,-,Kurukshetra
Bharat Public Senior Secondary School,530479,Babain Distt Kurukshetra Haryana,136156,1744,"281488, 222528",01398-252762,252762,bharatschoolkkr@gmail.com,-,1972,Charles J Osta,Senior Secondary,Bharat Educational & Soc Wel Soc,-,Kurukshetra
Bharat Ram Global School,531449,"Vpo Moriwala,hisar Road",125055,-,9896335123,-,-,brgssirsa@gmail.com,www.brgssirsa.com,2016,Mr. Shibu Mathew,Senior Secondary,Param Radhey Welfare Trust,-,Sirsa
Bharti International School,531611,"Vpo Boria Kamalpur, Distt. Rewari",123401,-,01274237271,-,1274237272,pawanbhardwaj.bissa@gmail.com,www.bhartischoolrewari.com,2013,Mr. Lalit Mohan,Senior Secondary,Shiv  Shiksha Samiti,-,Rewari
Bharti Public Senior Secondary School,530628,"Kultaj Pur Road, Narnaul, Distt. Mahindergarh Haryana",123001,1282,254855,291525,-,dinesh_raman2003@yahoo.com,-,2002,Dinesh Kumar,Senior Secondary,Saraswati Shiksha Samiti,-,Mahendragarh
Bhartiya Sr. Sec. School,531268,"Village- Nangal , P.o.-mundi",123411,1281,09416981786,-,-,bhartiyaschool@yahoo.com,http://www.bhartiyaschool.org,-,Mr. Kamal Singh,Senior Secondary,-,-,Rewari
Bhartiya Public School,530004,S D College Road Ambala Cantt Haryana,133001,171,2652639,-,-,drsureshaggarwal73@gmail.com,-,1969,Suresh Aggarwal,Senior Secondary,Sh Sanatan Sharma Sabha,-,Ambala
Bhartiya Vidya Niketan Senior Secondary School,531146,"Bhalsi, Madlauda, Panipat, Haryana",132113,91,9813508461,-,-,randirsingh517@gmail.com,-,2005,Anoop Singh,Senior Secondary,"Smt Mamkaur Educational Society Bhalsi,madlauda Panipat",-,Panipat
"Bhawna Sr. Sec. School Rakhota , Palwal (Haryana)",531036,Vill.rakhota Po - Aherwan Teh. Palwal   Distt. Palwal Haryana,121102,-,09255545842,-,-,shyamvirpooniya@yahoo.in,-,2007,Mr.bhim Singh,Secondary School,Bhawna Educational Society,-,Faridabad
Bhavan Vidyalaya,530219,Sector-15 Panchkula Haryana,134113,172,"2592509, 567509",560262,-,bhavanpr15@gmail.com,-,1994,Gulshan Kaur,Senior Secondary,Social Change & Development Trust,-,Panchkula
Bhiwani Public  School,530275,Sect 14 Bhiwani Haryana,127021,1664,"256550, 47020",9215821011,256550,jk.bhardwaj12@gmail.com,-,1979,Jogender Bhardwaj,Senior Secondary,Lala Tek Chand Pahuja Educational Trust Bhiwani,-,Bhiwani
Bhumika Public School,531192,Village-sigrapost-bucholi,123029,1285,249520,-,01285-249520,ajaysigriya@gmail.com,http://www.bpsmahendergarh.com,2013,Mukul,Senior Secondary,Shri Jawala Parshad Shiksha Samiti,-,Mahendragarh
Bidhwan International Public School,531843,"Bidhwan Int. Public School, Bidhwan",127046,-,9869716253,-,-,bidhwanpublicschool@gmail.com,www.bips.in,2019,Mr. Pawan Kumar,Senior Secondary,Bidhwan Educational Trust,-,Bhiwani
Birla Children Academy,531751,"Rohtak Road,kharkhoda,distt. Sonipat-131402,haryana",131402,-,08100990000,-,-,bcakkd2017@gmail.com,www.birlaschoolsonipat.com,2017,Mr. Ashok Kumar Rohilla,Secondary School,Veer Education And Charitable Society,-,Sonipat
Bishna Mal Jain Saraswati Vidya Mandir Kalanwali,531724,P.o.kalanwali,125201,-,01696223605,-,-,bishnamal.jain@gmail.com,http://www.bmjsvmkalanwali.com/m,1995,Mr. Sanjeev Kumar Sharma,Secondary School,The Hindu Education Society,-,Sirsa
"Bits International School, Bhiwani",531021,"Near Gaushala, Meham Road, Paluwas, Bhiwani",127021,1664,205212,-,1664271444,bisbhiwani@gmail.com,http://www.bitsschool.org,2010,Amit Nagwan,Senior Secondary,Maharana Partap Charitable Trust Bhiwani,-,Bhiwani
Blooming Dales School,530306,Sec-15a Hisar  Haryana,125001,166,243240,1662243374,243240,bloomingdalesschool99@yahoo.com,-,1999,Reeta Sharma,Senior Secondary,Ved Edn. Society Hisar,-,Hissar
Blue Angels Global School,531526,"Blue Angels Global School,opposite Hdfc Bank, Charmwood Village, Surajkund Road,",121009,-,01294001277,-,1294001277,blueangelsschool@gmail.com,www.blueangelsglobalschool.com,2016,Mrs. Sharda Muni,Senior Secondary,Kaka Than Singh Educational Trust,-,Faridabad
Blue Bells Model School,530056,Sector 4 Near Tube Well No 7 Urban Estate Gurgaon Haryana,122001,124,"4698888, 302190",323147,-,principalbbms@bluebells.org,-,1980,Chandan Dhawan,Senior Secondary,Dr Memorial Bal Shiksha Vikas Socie,-,Gurugram
Blue Bells Public School,530482,"Site No I, Sect 10 Gurgaon Haryana",122001,124,"2370606, 2065663",0124-4081502,4688677,anjali.nagpal@bluebells.org,www.bluebells.g,1983,Anjali Nagpal,Senior Secondary,Shri Dhanpat Rai Memo Bal Shiksha Vikas Society,-,Gurugram
Blue Bells School,530206,Naraingarh Ambala Haryana,134203,1734,284256,1712640999,2640999,rajivmehta_ngh@yahoo.co.in,www.bluebellsschool.in,1973,Rajiv Kumar Mehta,Senior Secondary,Vivekanand Kendra Vidyalaya Ap Tr,-,Ambala
Blue Bird Model School,530098,Sector 16 Panchkula Haryana,134109,172,2564822,-,172277939,bhatnagar3316@gmail.com,http://www.bluebirdschool.org,-,Mrs. Vandna,Senior Secondary,-,-,Panchkula
Blue Bird Sr. Sec. School,531280,S.g.m. Nagar,121001,129,2424339,6207416,1292424339,principalbbsss@gmail.com,-,1986,Pushpa Devi,Senior Secondary,Blue Bird Education Society,-,Faridabad
Bohra Public School,530196,Bohra Enclave East Chawla Colony Ballabhgarh Faridabad Haryana,121004,129,8860063702,-,-,ajay1361@yahoo.co.in,-,1988,Ajay  Bhattacharya,Senior Secondary,Prakash Education Society,-,Faridabad
Blue Heaven Public School Kohra Bhura  Naraingarh,531584,Village And Post Office Bhurewala  Tehsil Naraingarh,134203,-,01734255126,-,-,heavenblue320@gmail.com,-,2011,Miss Monika Saini,Middle Class,Shri Ram Shiksha Samiti Bhurewala,-,Ambala
Bountra Liberal International Smart School,531733,Delhi Road Opp Rao Tularam Stadium Distt Rewari,123401,-,8685060425,-,-,blissrewari@gmail.com,blissrewari.in,2017,Mrs. Sunita Arora,Secondary School,Bountra Academy Ns - 6 Sector - 4 Distt Rewari,-,Rewari
Bpr International School,531887,Vpo Sarai Sukhi Distt Kurukshetra,136135,-,9812685614,-,-,bprischoolsaraisukhi@gmail.com,http://bprsaraisukhi.com/,2017,Mrs. Shilpa Sharma,Senior Secondary,Switambra Education Society Vill Sarai Sukhi Distt Kurukshetra,-,Kurukshetra
Brahamleen Swami Amar Devji Memorial Panch Tirth Public School,530265,"Kalanaur, Distt. Rohtak Haryana",124001,1258,222670,82305,0342-2622175,salilmehta19@gmail.com,-,1995,Salil Mehta,Senior Secondary,"Bhagwan Das Educational & Cultural Society, Rohtak",-,Rohtak
Brahmanand Public School,530327,Nissing District Karnal Haryana,132001,1745,271912,9416335237,271912,vikrambpsn@gmail.com,-,2001,Sonia,Senior Secondary,"Katharina Kasper Social Service Society, Dhani",-,Karnal
Brahmi Janta Sr. Sec. School,531417,Pritampura Road Nathupur,131029,-,9466492205,-,-,brahmijantaschool@gmail.com,http://www.brahmijantaschool.com,2013,Mrs. Manju Khatri,Senior Secondary,Janta Vikas Society,-,Sonipat
Brain Wave Public School,531659,"Vpo Nahoni, Sub Tehsil-mullana Block-saha",133104,-,-,-,-,BRAINWAVENOHNI@GMAIL.COM,http://www.brainwaveschool.edu.in/,2014,Dr. Sunita Budhiraja,Senior Secondary,Shri Sardari Lal Memorial Educational And Social Welfare Trust 1692 Vishnu Garden Jagadhri Distt Yamuna Nagar,-,Ambala
Bright Avenue School,531919,"V.p.o. Jakhoda , Nh-10 , Delhi Rohtak Road , Bahadurgarh",124505,-,7419202161,-,-,principal@brightavenueschool.com,http://www.brightavenueschool.com/,2017,Mr. Mohinder,Senior Secondary,Bls Education Society,-,Jhajjar
Brigadier Ran Singh Public School,530257,Dujana Distt Jhajjar Haryana,124102,1274,9254036874,80763,-,principal.brps@yahoo.in,-,1994,Rajwanti Ahlawat,Secondary School,"Society For Rural Education & Devel Opment, Rohtak",-,Jhajjar
Bright Future Idyllic Akal Academy Sr Sec School,531583,Vill Khan Ahmedpur Po Alipur The Barara Distt Ambala,133202,-,01731276013,-,1731276013,gurunanak1150@gmail.com,http://bfiaacademy.org,1991,Mrs. Sukhjeet Kaur,Senior Secondary,Guru Nanak Education Society,-,Ambala
Arya Senior Secondary School,530601,"Famana, Meham, Distt Rohtak, Haryana",124520,1257,277299,1242353687,0124 - 235,aryafarmana.20210@gmail.com,http://www.sfsdlf.com,1987,Nirmla Kumari,Senior Secondary,Dlf Qec Educational Charitable Society,-,Rohtak
Arya Senior Secondary School Madina,530656,"V&p.o. Madina Tehsil Meham, Distt Rohtak, Haryana",124001,1257,682486,0164-2220504,-,ashokdangi@yahoo.co.in,-,2001,Ashok Kumar,Senior Secondary,Maharishi Dayanand Shiksha Samiti Vpo Madina Tehsil Meham Distt. Rohtak Haryana,-,Rohtak
Arya Sr. Sec. School,530903,Vpo Jhojhu Kalan Distt. Bhiwani,127310,1250,263344,-,01250-263344,pchitoria687@gmail.com,aryaschool.biz.tc,1997,Parmender Chitoria,Senior Secondary,Maharshi Dayanand Education Society,-,Bhiwani
Arya Sr. Sec. School,530918,Vpo- Dhigawa Mandi,127201,1252,257701,-,01252-257701,vajeermaan@gmail.com,aryaschooldhigawa.com,1987,Vajeer Singh,Senior Secondary,Arya Education & Social Welfare Society,-,Bhiwani
Aryakulam International School,531904,"Assandh-kohand Road, Near H.p. Petrol Pump, V.p.o. Munak, Tehsil - Assandh, District - Karnal.",132040,-,9466252192,-,-,aismunak@gmail.com,www.aismunak.com,2019,Mrs. Shalini Rana,Senior Secondary,Shree Rehtu Ram Memorial Sabha,-,Karnal
Aryan Global Public High School,531089,"Vpo Shera, Panipat",132113,180,6523642,-,1806523643,aryanglobalschool@gmail.com,http://agpsshera.com,2011,Sohan Singh,Senior Secondary,"Nemo Educational Society, Shera",-,Panipat
Arya Sr Sec Vidyapeeth,531672,Village Bastli Distt Karnal,132001,-,9255592842,-,-,avp.bastli@gmail.com,-,1998,Mrs. Seema Rani,Senior Secondary,Vadic Shiksha Samiti Bastli Distt Karnal,-,Karnal
"Aryan Public School, Agroha (Hisar)",530900,Vpo Fransi (agroha),125052,-,8059528303,-,1662247079,apsagroha@gmail.com,http://www.apsagroha.com,2008,Mr. Rajender Singh,Senior Secondary,Aryan Education And Welfare Society,-,Hissar
Aryan Public Senior Secondary School,531976,"Tehsil - Israna, Panipat",132107,-,7355871536,-,-,apskurana@gmail.com,www.apskurana.com,-,Dharamvir,Senior Secondary,Kurana Education Society,-,Panipat
Aryans Model Sr. Sec.School,530974,Aryans Model School  Ghikara Roadch.dadribhiwani(haryana)127306,127306,1250,222557,9871126527,1250223306,varyans2008@gmail.com,-,2008,Vikram Singh,Senior Secondary,Rattan Singh Memorial Shiksha Samiti,-,Bhiwani
Arya Vidya Mandir Sr. Secondary School,530888,"Arya Nagar, Milk Plant Road, Ballabgarh, Faridabad,",121004,129,0129-2247066,-,0129-2213261,drgsyprincipalavm@gmail.com,http://avmschoolblb.org,-,Mr. Virender Kumar,Senior Secondary,-,-,Faridabad
Aryavart Sr. Sec. School,530852,Khanda Sonepat,131412,-,8397998961,-,0130-303207403,aryanderdabas57@gmail.com,www.aryavartschool.com,2003,Aryander Dabas,Senior Secondary,"Aryawart Shiksha Samiti, Sehri Road, Khanda, Sonepat, Haryana",-,Sonipat
Aryavart Public School,531545,Near Bus Stand,126112,-,01686231519,-,1686231518,apsmuwana@gmail.com,-,2014,Mrs. Nisha Pundir,Secondary School,Manav Uthan Samiti,-,Jind
Asa Ram Public School,530963,"Village Shahpur, Kuldeep Nagar, G.t. Road, Ambala Cantt",133001,171,2979827,-,-,suman.kaushik11@ymail.com,-,2000,Suman Kaushik,Senior Secondary,D.r. Memial Educational Society,-,Ambala
Ascent Public School,530385,Chander Lok Dlf Phase Iv Gurgaon Haryana,122001,124,"4040961, 9711223524",247318,248566,kushagr890@gmail.com,-,1982,Kamlesh Kumari,Secondary School,Rao Umrao Singh Mem Edu Society,-,Gurugram
Asha Deep Sr Sec School Pawti Road Samalkha,531140,Pawti Road Samalkha Tehsil Samalkha District Panipat State Haryana 132101,132101,180,9812593307,-,-,rsprincipalashadeep@gmail.com,-,2000,Ashok Kumar,Senior Secondary,Veer Abhimanyu Education Society Village Pawti,-,Panipat
Asha Jyoti Vidyapeeth,531423,"Vill. Sahupura, Opposite Sector - 65, Main Bypass Road",121004,129,8447281390,-,-,ashajyotividyapeeth@gmail.com,http://www.ajvp.in,2015,Ms Rashmi Singh,Senior Secondary,Asha Ram Tek-ram Educational Trust,-,Faridabad
Ashirwad Public High School,531844,Ashirwad Public High School Near 21 D Police Chowki S G M Nagar Faridabad,121001,-,01294085729,-,-,ashirwadschool90@gmail.com,www.ashirwadschool.com,1990,Mrs. Jyoti Chopra,Secondary School,Ashirwad Shiksha Sansthan,-,Faridabad
Ashok Memorial Public School,530165,Ashok Enclave Phase-i Po Amar Nagar Faridabad Haryana,121003,129,2277107,6439820,1127865040,mamtasingh185@gmail.com,-,1994,Mamta Singh,Senior Secondary,Ashok Sachdeva Memo Cherstable Trust,-,Faridabad
Ashoka International School,531516,"Naya Gaon Bypass,badli Road,bahadurgarh",124507,-,8377047224,-,-,aisbahadurgarh@gmail.com,www.ashokainternationalschool.in,2016,Mrs. Poonam Juneja,Senior Secondary,Vijay Lakshmi Education & Welfare Society,-,Jhajjar
Ashtvinayak Public School,531452,Vill Kharkali Distt Kurukshetra,136118,1744,01744267222,-,-,AITLADWA@GMAIL.COM,-,2013,Mrs. Asha Chaudhary,Senior Secondary,Ashtvinayak Educational Trust Kohit No 50-52 Near Govt School Vill Kharkali Distt Kurukshetra,-,Kurukshetra
Asian Public School,530587,Village Kharoda Dauhla Harchander Pur Road Gurgaon Sohna Haryana,122001,124,4044416,0214-2215922,4017078,bharti_200949@yahoo.in,-,1993,Archana Chaudhary,Senior Secondary,Sumit Memo Edu & Soc Wel Society,-,Gurugram
Aviraj Wld School,531124,"Village: Alamgirpur, Rajpura Road, Dharuhera, District : Rewari",123106,1274,244143,-,-,bij109@yahoo.in,-,2013,Bijender Singh Yadav,Senior Secondary,Shri Krishna Educational Trust,-,Rewari
Aryavart High School,530394,"V&po Adampur Dadhi Teh Charkhi Dadri, Distt Bhiwani, Haryana",127319,1250,215540,9431018786,-,pwnvashisth@gmail.com,-,1989,Amar Singh,Senior Secondary,Aryavart Edn Society,-,Bhiwani
Avr Public School,531076,"Rajiv Nagar Opp.-air Force Mess,sec.-14",122001,124,4077416,-,-,principal.avr@gmail.com,www.avrpublicschool.com,1996,Pardeep Singhal,Senior Secondary,Avr Educational Society,-,Gurugram
B D Memorial High School,531238,Village & Po Jatwar Naraingarh Ambala,134201,173,276605,-,-,bdsjatwar@gmail.com,-,1999,Seema Sharma,Senior Secondary,Ch Chaju Ram Educational Society,-,Ambala
Ayaan International School,531892,"Ward No-06,poultry Area Nilokheri",132217,-,8683928287,-,-,malhotra07nitin@gmail.com,www.ayaaninternationalschool.com,2018,Mrs. Jasdeep Kaur,Secondary School,Smt. Vidyawanti Educational Society,-,Karnal
B J R D Public School,530490,Dadri Narnaul Road Pali Distt Mohindergarh Haryana,123029,1285,240270,220187,-,brao23986@gmail.com,-,1973,Birender,Senior Secondary,Shri Vaishno Devi Shiksha Samiti,-,Mahendragarh
B N Public School,530135,Badri Narain  Mandir Sector 2c Nit Faridabad Haryana,121001,129,2435081,1294074218,-,BNPUBLICSCHOOL1983@GMAIL.COM,-,1983,Gajender Singh,Senior Secondary,Garhwal Sabha,-,Faridabad
B P S Pub School,530309,62/2 Km Stone Mathura Road Palwal Distt. Faridabad Haryana,121102,1275,"542303, 5249515",-,-,-,-,1997,R P Srivastva,Secondary School,Thakur Bhart Pal Singh Char. Societ,-,Faridabad
B P R Public School,531567,B P R Public School Dera Himmatpura-polarrehsil Siwan District Kaithal(haryana),136033,-,9466063500,-,-,bprpspolar@gmail.com,http://www.bprpolar.com,2016,Miss Jyotsana Kukreja,Senior Secondary,Bhagwan Parshu Ram Shiksha Samiti,-,Kaithal
B P School,531067,"Rojhuwas, Po Rohrai, Rewari",123401,1281,242460,-,-,rahul.a9@rediffmail.com,-,2007,Nirmala Kumari,Senior Secondary,Bhartiya Siksha Samiti,-,Rewari
B R International Public School,530592,"Near New Grain Market Salapur Road, Kurukshetra Thanesar, Haryana",136118,1744,"293859, 293859",291525,-,VANITABALA@GMAIL.COM,-,1984,Vanita Bala,Senior Secondary,Chopra Educational & Soc W Society,-,Kurukshetra
B R C M Public School,530128,Bahal Distt. Bhiwani Haryana,125028,1255,9992900381,265203,125526510,PRINCIPALSCHOOL@BRCM.EDU.IN,http://www.brcmschool.edu.in,1986,Mr Rajesh Kumar Jhajharia,Senior Secondary,Sant Nikka Singh Pub School Trust,-,Bhiwani
Asian Public School Umra Hisar,531735,"Vpo. Umra, Tehsil Hansi",125033,-,9992266071,-,-,jainamittal@gmail.com,-,2013,Mrs. Maya Rana,Secondary School,Umra Education Society Umra,-,Hissar
B S M High School,530623,"Sanik Nagar, Near Sector Vi Bahadurgarh Jhajjar",124507,127,242169,2569,2237121,bsmschool12@gmail.com,HTTP://www.bright-scholar,1986,Shri Om,Senior Secondary,Bharat Educational Society,-,Jhajjar
B S Sen Sec School Salempur Khadar,531917,Vill Salempur Khadar Distt Yamuna Nagar,135103,-,9671983680,-,-,bsmschoolsalempur@gmail.com,http://bssensecschool.com/,2004,Mrs. Shashi Bala,Senior Secondary,Sewa Bharti Shiksha Samiti Harouli Po Ledi,-,Yamunanagar
B.D.M. Institute Sr. Sec. School,531081,"Mohammad Nagar, Bhwani, Haryana",127201,1252,257657,-,1252257957,bdmashok@gmail.com,http://www.xyz.com,2009,Sudesh Kumar,Senior Secondary,Smt. Bhuri Devi Shiksha Samiti,-,Bhiwani
"B.D. Memorial Convent School, Mehmara",531131,"Vpo Mehmara, Teh. Ratia, Distt. Fatehabad, Haryana",125051,1697,276476,-,-,harmeetmakkar75@gmail.com,-,2011,Harmeet Singh,Senior Secondary,"Mehak Education & Welfare Society, Ratia",-,Fatehabad
B.K.N. Public School,531015,"Nh10, Kharkara, Teh. Meham, Dist. Rohtak",124120,91,9992000058,26231594,1262210144,bknps2009@gmail.com,http://www.bknpublicschool.com,2009,Sushila Rani,Senior Secondary,Baba Khyali Nath Shiksha Samiti,-,Rohtak
"B.R. Adarsh Sr. Sec. School, Sehlang",530806,Vill. & P.o. Sehlang Sub. Teh : Kanina Distt. Mohindergarh (haryana),123027,1285,234151,9956591336,01285-234151,brschoolsehlang@gmail.com,http://www.bradarshschool.com,1996,Suman Yadav,Senior Secondary,"B.r. Shiksha Samiti, Sehlang",-,Mahendragarh
B.P.R. Public School,531518,B.p.r. Public School Village Dhand Distt. Kaithal Pin-136020,136020,-,9416123275,-,-,veerbprpublicschooldhand@gmail.com,www.bprpublicschooldhand.com,2014,Dr. S.s. Joshi,Senior Secondary,Veer Bpr Education Society,-,Kaithal
B.R. Gyan Deep Senior Secondary School,531303,Village - Surjanwas Post Office - Dewas,123034,1285,232032,06767-248116,1285232032,brgyandeep@gmail.com,-,2004,Umesh,Senior Secondary,Khairwal Shiksha Samiti,-,Mahendragarh
B.R. Public School,531402,"Mirzapur Bachhod, Mahindergarh",123021,1282,248168,-,-,rky1077@gmail.com,-,2012,Rajesh Kumar,Senior Secondary,B.r.education Society,-,Mahendragarh
B.S. International Sr. Sec. School,531157,V.p.o. Umra Hansi Hisar,125033,1663,289344,-,-,gsverma06@gmail.com,-,2011,Ghanshyam Verma,Secondary School,Baba Shyamban Education Society Umra (hisar),-,Hissar
B.S. Senior Secondary School,530867,"Thana Kalan, Sonepat, Haryana",131402,130,2120500,491581,-,bharatkumar111972@gmail.com,-,1985,Rambir Singh,Senior Secondary,B.s. Public Education Society,-,Sonipat
Baba Banda Bahadur Public School,530532,"Hansi Tehsil Road Hansi Distt Hissar, Haryana",125001,166,257494,255513,-,bbbp.school@gmail.com,-,1992,Rajesh Kumar,Senior Secondary,Baba Banda Bahadur Education Soc,-,Hissar
Baba Banda Bahadur Public School,530443,Jind Road 4th Km Rohtak Haryana,124001,1262,214657,291525,-,MANKA57@YAHOO.COM,-,1996,Manju Kapoor,Senior Secondary,Baba Banda Bahadur Sewa Samiti,-,Rohtak
Baba Ram Das Vidyapeeth,530611,"Vill. Kulvehri, Distt Karnal, Haryana",132001,184,2006419,-,-,brdprincipal@gmail.com,-,1996,Neenu Ahuja,Senior Secondary,Dra Shiksha Samiti,-,Karnal
Baba Bilasgar Public School,530730,V.p.o. Khairi Via.pabra Teh.&distt Hisar (haryana),125112,1693,239200,2530998,-,bbpskhairi@gmail.com,-,2006,Suman,Senior Secondary,Baba Bilasgar Education Society,-,Hissar
Baba Siddth Nath Sr. Sec. School,531886,Vill Salarpur Distt Kurukshetra,136119,-,9467274923,-,-,ishwarsinghsalarpur@gmail.com,www.babasiddhnathschool.com,1999,Mr. Ishwar Singh,Senior Secondary,Baba Sidh Nath Shiksha Samiti,-,Kurukshetra
Bal Bharati Public School,530971,"Sect-i, Imt, Manesar Gurgaon",122050,124,2291331,-,0124-2291331,malhotra.ujjwal@gmail.com,http://www.bbpsmn.edu.in,2006,Ujwal Malhotra,Senior Secondary,Child Education Society (r),-,Gurugram
Bajaj Gurukul Senior Secondary School,531054,"2 Km Stone Hansi Road, Distt Hissar, Haryana",125121,1693,9416639457,-,-,bajajgurukul@gmail.com,-,2008,Sushma,Senior Secondary,Bajaj Education Society,-,Hissar
Bal Bharti Sr. Sec. School,531016,Vill. Phideri P.o. Majra Sheoraj,123401,1274,253638,-,-,hark.dxs@gmail.com,-,1982,Shashi Kala,Senior Secondary,Bal Bharti Shiksha Samiti Phideri,-,Rewari
Bal Bharti School,530133,Bahadurgarh Distt Jhajjar Haryana,124507,1276,221620,9971728888,-,mail@balbharti.net,-,1990,Malini Panikkar,Senior Secondary,Bombay Salesian Society,-,Jhajjar
Bal Bharti Vidya Mandir High School,531218,V.p.o Sagga Nilokheri Karnal Haryana,132001,1745,017459896723607,-,9896723607,bbvm999@yahoo.com,http://www.balbhartividyamandirsagga.com,1999,Mr. Sanjiv Kumar,Senior Secondary,Navodaya Shiksha & Sewa Samiti Regd. Sagga,-,Karnal
Babu Bal Mukand Gupt Govt. Model Sanskriti Sr Sec School Gudiani,520013,Surkhpur Road Near Temple,123301,-,01259298010,-,-,gsssgudiani2019@gmail.com,bbmggmssss.edu.in,1948,Mr. Dushyant Kumar,Senior Secondary,Government Of Haryana,-,Rewari
Babu Ram Global School,531204,"Ganaur - Kheri Gujjar Road, 1.5 Kms. From Ganaur Railway Station",131101,130,2451406,-,0124 2450406,infobrgs@gmail.com,http://www.brgs.edu.in,2012,Baharul Islam Barbhuiya,Senior Secondary,Divyanshu Yadav Foundation,-,Sonipat
Bal Bharti International Public School,531125,"Bighar Road, Fatehabad,",125050,1667,223461,-,01667-221461,mamta55037@gmail.com,-,2013,Mamta Rani,Senior Secondary,"Bal Bharti Educational Society, Fatehabad",-,Fatehabad
Bal Bharati Public School,531282,"Bal Bharati Public School, Apcpl-igstpp Jharli",124141,1251,267590,"4916204,9811437140/ 01251-267590",-,bbpsjharli@balbharati.org,http://www.bbpsjharli.org,2013,Mr. Anil Kumar Garg,Secondary School,Child Education Society,-,Jhajjar
Akal Jyot Public School,531255,"Vasudevpura, Lohgarh, Nalagarh Road",134102,-,7357300044,-,-,principalajps@gmail.com,-,2002,Kavita Ratan,Secondary School,Akal Jyot Public School Society,-,Panchkula
Akash Public School,531142,"12 -biswa, Vill. Gurgaon Near Sector-5, Haryana",122001,124,4260724,-,1125012068,writesanjeev@yahoo.com,http://www.aakashpublicschool.in,2006,Sanjeev Bhardwaj,Senior Secondary,Aakash Education Society,-,Gurugram
Akhil Bharatiya Sr. Sec. Public School,530682,"Dhand Road, Kaithal",136027,174,6651746,2392476,"9315602366,01746-229641,2392476",vkumari32366@gmail.com,-,1998,Vijay Kumari,Senior Secondary,Akhil Bharatiya Educational Society,-,Kaithal
Akshara International School,531811,Pehowa Opp Killa Far Pehowa Distt Kurukshetra,136128,-,9350889922,-,-,AKSHARAINTERNATIONALPEHOWA@GMAIL.COM,AKSHARAINTERNATIONALSCHOOL.ORG,2019,Mr. Shoby Mathew,Senior Secondary,Saraswati Educational And Charitable Trust,-,Karnal
Al Faiz Modern School,531827,Village And Post Office Dhauj Faridabad,121004,-,9213122222,-,25012068,akhtarnaeem786@gmail.com,http://www.alfaizmodernschool.edu.in,2001,Mr. Irshad Khan,Senior Secondary,Al Mewat Taraqqi Anjuman,-,Faridabad
Al-Hasan School,531480,Vpo Akera,122107,9729,897444,-,1268278654,alhasanmewat@gmail.com,-,2012,Salma,Secondary School,Indus Educational And Social Welfare Trust,-,Mewat
Alpine International School,531743,"Vill Naggal Ruttal, Kalka, Distt. Panchkula, Haryana, India",133302,-,9254444494,-,-,vikas.jain@yahoo.com,http://www.alpineinternationalschool.org,2017,Mrs. Yesha,Secondary School,Shri Mahaveer Education And Charitable Trust,-,Panchkula
Alpine Public School,530886,"Vill. Padlu, Barara Road, Shahbad Markanda",136135,1744,288636,-,-,aps_6@rediffmail.com,-,2009,Anil Sharma,Senior Secondary,Markandeshwar Education Trust,-,Kurukshetra
Alpine School,530170,Village Bhawana P O Pinjore Teh Kalka Distt Ambala Haryana,134104,1733,9254444495,01733-266020,-,alpine.ers@gmail.com,http://www.thealpine.com,1993,Mr. Dr.sanjeev Mainra,Senior Secondary,Alpine Educational Resi Society,-,Panchkula
Amar Jyoti Pub School,530322,Mirzapur Road Hissar Haryana,122105,-,29336,-,-,SCHOOL CLOSED BY ITS MANAGEMENT,-,1993,Ratna Saini,Secondary School,Sri Sri Ravishankar Vidya Mandir Trust,-,Hissar
Alpine Convent School,531621,"Alpine Convent School, Main Road, Sector-10",122001,-,9999700821,-,-,admin@alpineconventschool.com,alpineconventschool.com,2017,Mrs. Veena Gaur,Senior Secondary,Carmel Education Society,-,Gurugram
Amar Shiksha Sadan Sr. Sec School,530977,"Village & Post Sersa, Sonipat,",131028,130,2370665,-,-,gayatrisharma1610@yahoo.com,-,1990,Gayatri Sharma,Senior Secondary,Amar Education Society,-,Sonipat
Ambala Public School,530379,Ganesh Vihar Hissar Road Ambala City Haryana,134003,171,6533232,-,-,virk2828@gmail.com,-,2000,Sukhwinder Kaur Virk,Senior Secondary,Ambala Pub Education Society,-,Ambala
American Montessori Public School,530529,L 23 Dfl City Phase Ii Gurgaon Haryana,122002,124,"2353232, 6352580",-,-,PRINCIPAL@AMERICANPUBLICSCHOOL.COM,-,2009,Anita Sharma,Senior Secondary,Delhi Educational Charitable Found,-,Gurugram
Amity Indian Military College,530785,"Village Gwalior, Panchgaon Manesar, Gurgaon (haryana)",122413,124,2337015,-,"0124-2337650, 37",vsbabelay@amity.edu,http://www.amity.edu/aimc,2005,V S Babealy,Senior Secondary,Ritnand Balved Education Foundation,-,Gurugram
Alpine Valley Boarding School,530342,Karnera Ballabgarh Sohna Road Faridabad Haryana,121001,129,2230668,-,-,kkulwinder842kk@gmail.com,-,1993,Kulwinder Kaur,Senior Secondary,Alpine Edu & Welfare Society,-,Faridabad
Amity International School,530460,Sector 43 Gurgaon Haryana,122001,124,2385110,2385110,2386461,aisgurgaon43@gmail.com,http://www.amity.edu,1980,Anshu Arora,Senior Secondary,Ritnand Bal Ved Edu Foundation,-,Gurugram
Amlok Public School,530571,Bohawa G T Road Opp Shahpur Ambala Haryana,134005,-,-,-,-,-,-,1998,-,Senior Secondary,Amlok Educational Society,-,Ambala
Amravati Vidyalaya,530504,Amravati Enclave Panchkula (haryana),134107,1733,262800,01733-262692,1733262800,pn_menon@yahoo.com,-,1992,Ambika Menon,Senior Secondary,Amravati Educational Society,-,Panchkula
Anand Public School,530175,D-77 Professor Colony Yamuna Nagar Haryana,135001,1732,9254336015,320100,-,gupta.nidhi00002@gmail.com,-,1986,Nidhi Gupta,Senior Secondary,Bhagat Amolak Ram Memorial Trust,-,Yamunanagar
Anand School For Excellence,531550,"6 Km. Hansi-bhiwani Road, V.p.o. Milkpur-ii, Teh. Bawani Khera, Distt. Bhiwani(haryana)pin-127032",127032,-,01663286500,-,-,asemilkpur@gmail.com,www.asehansi.com,2017,Mrs. Renu Aneja,Senior Secondary,Shri Ram Gopal Shanti Devi Vikas Trust,-,Bhiwani
Andale Public School,531647,"Andale Public School, Sector 9 Panchkula, Haryana",134113,-,01722569485,-,1722569485,andalepublicschool@gmail.com,http://www.andalepublicschool.com,1996,Dr. Kiran Bhasin,Secondary School,Andale Educational Society,-,Panchkula
Anantam School,531500,Anantam School Village Sangel Near Ujina Nuh Mewat,122107,-,09999998560,-,-,principal.anantamschool@gmail.com,-,2013,Mrs.santosh Malik,Secondary School,Disha Gyan Trust,-,Gurugram
Angels Public School,530975,V.p.o Barara Ambala,133201,1731,320001,1125552974,01731-320001,aps.barara@rediffmail.com,-,2004,Veena Mehta,Senior Secondary,Angels Charitable Society,-,Ambala
Angel's Public School,530608,"Vill  Khatauli, Distt Ambala, Haryana",134118,171,7027540121,291525,-,sundeep_k13@rediffmail.com,-,1998,Arinder Kaur Mehta,Senior Secondary,Holy Angel Convent School M Comm,-,Ambala
Angels Public School,530292,Sec-21a Badkhal Road Faridabad Haryana,136128,129,2422580,2217645,-,raghavd286@gmail.com,-,1996,Shashi Raghav,Senior Secondary,Shahdara Angels Ednl. Society,-,Faridabad
Ambience Public School,531730,"Plot No. 1, Sector-43",122002,-,01242576627,-,1126164757,principal.apsggn@gmail.com,http://www.ambienceschoolgurgaon.com,2018,Dr. Anuradha Rai,Senior Secondary,Master Nihal Singh Memorail Education Society,-,Gurugram
Amity International School,530535,Sector 46 Gurgaon Haryana,122002,124,2581001,011-26346101,2581007,achopra@aisg.amity.edu,http://www.amity.edu,2000,Arti Chopra,Senior Secondary,Rotnand Balved Education Foundation,-,Gurugram
Anthem International School,531013,Vill. @ P.o.  Nigdhu,132157,1745,267455,-,-,veenakheterpal@gmail.com,-,2008,Veena Kheterpal,Senior Secondary,Mata Om Wati Educational Society,-,Karnal
"Anupam Public Senior Secondary School,Hodal(Palwal),Haryana",530802,"Nanak Dairy Road, Hodal",121106,891,01275-235381,2768645,01275-235381,anupam.school@rediffmail.com,-,1995,Mr. Rajender Kumar,Senior Secondary,"Anupam Public School Prabandh Samiti,hodal",-,Faridabad
Anupam Shiksha Niketan Sr Sec School,531837,Vpo Kutail Distt Karnal,132037,-,9991506006,-,-,anupamshikshaniketan@gmail.com,www.anupamshikshaniketan.com,2005,Mr. Pardeep Kumar,Senior Secondary,Anupam Educational Society Kutail Distt Karnal,-,Karnal
Apeejay School,530297,College Road Charkhi Dadri Distt Bhiwani Haryana,127306,1250,1250225172,1250222872,225172,prin.ms.chkd@apeejay.edu,http://www.apeejay.edu,1992,Sunil Chopra,Senior Secondary,Appejay Edn. Society,-,Bhiwani
Apeejay School,530008,Sector 15 Urban Estate Faridabad Haryana,121002,129,2285932,-,-,prin.ms.fbd@apeejay.edu,-,2000,Hari Om,Senior Secondary,The Society Of Sisters Of Charity,-,Sirsa
Apeejay Svran Global School,531286,-,121012,129,2460502,-,0129-2460503,prin.sg.fbd@apeejay.edu,http://www.apeejay.edu/asgs,2012,Purnima Vohra,Senior Secondary,Apeejay Education Society,-,Faridabad
Apex Public School,530688,Apex Public School Satish Colony Fatehabad,125050,1667,225612,-,-,KAKKARUMANG@GMAIL.COM,-,2007,Umang Kakkar,Senior Secondary,Aastha Educational Society,-,Fatehabad
Aneja City Heart School,531772,"Indri, Distt Karnal",132041,-,9896464149,-,-,ACHSIND@GMAIL.COM,-,1979,Mrs. Sunita Aneja,Secondary School,The Happy Child Education Society,-,Karnal
Anupam Public School,530282,"Dabwali Road Ellenabad , Distt Sirsa, Haryana",125102,1698,222129,744664,91-6334461,anupampublicschool163@gmail.com,-,1996,Jasveer Kaur,Senior Secondary,Anupam Edu. Society,-,Sirsa
Apex Public School,530831,"Vill- Palhawas, Po-palhawas, Dist Rewari",123401,1281,245016,-,-,apexpublicschool2008@gmail.com,-,2008,Meenu Dhingra,Senior Secondary,R L Education Society,-,Rewari
Apollo International School,531492,"Apollo International School, Assandh Kaithal Highway, Rajound, Kaithal.",136044,-,08570003636,-,-,principal.rjnd@aischool.in,http://www.aischool.in,1971,Mrs. Romita Sharma,Secondary School,Raunaq Education Foundation,-,Kaithal
Apex Public School,530384,Kahrawar Delhi Road (Near Hanuman Mandir) Rohtak Haryana,124001,1262,56728,-,-,-,-,1995,Mrs Jaswanti Smidhu,Senior Secondary,Apex Education Society,-,Rohtak
Apollo International School,531658,"Village Dadupur Khurd,gt  Karnal Road",132116,-,01849991527770,-,-,principal.krnl@aischool.in,karnal.aischool.in,2018,Mr. Rajesh Sharma,Senior Secondary,Raunaq Education Foundation,-,Karnal
Apollo International School,531562,"Apollo International School, Assandh Kaithal Highway, Rajound, Kaithal.",136044,-,8570003636,-,-,principal.rjnd@aischool.in,http://rajound.aischool.in,2016,Mrs. Romita Sharma,Senior Secondary,Raunaq Education Foundation,-,Kaithal
Apollo International School,530528,Bari G T Karnal Road Distt Sonepat Haryana,131101,130,9996261111,-,475834,APOLLO@AISCHOOL.IN,http://bari.aischool.in/,2004,Dr. Paramita Mishra,Senior Secondary,Raunaq Education Foundation,-,Sonipat
"Apollo International School, Pattikalyana",531482,"Apollo International School, Pattikalyana, Samalkha, Dist - Panipat,haryana- 132102",132102,-,9996541192,-,-,principal.smlk@aischool.in,http://www.aischool.in,2015,Rajni Sharma,Senior Secondary,Raunaq Education Foundation,-,Panipat
Aravali International School,531122,Village & Post Office-gokalgarh,123401,1274,251133,-,-,aisrewari@gmail.com,http://www.aravalischool.com,2010,Vinod Kaur,Senior Secondary,Rao Chunni Lal Kanwar Singh Educational Trust,-,Rewari
Aravali International School,530488,Sector 43 Faridabad Haryana,121003,129,"6518148, 2370389",-,-,PRINCIPAL43@aravali.edu.in,-,1968,Allison Pyster,Senior Secondary,Harpyari Devi Wel Society,-,Faridabad
Aravali International School Sector-85 Greater Faridabad,531852,"Block D Sector 85 , Greater Faridabad",121002,-,01292981186,-,-,aravali85@aravali.edu.in,www.aravali.edu.in,2017,Mrs. Ruby Tanjea,Senior Secondary,Harpyari Devi Welfare Society,-,Faridabad
Aravali Modern School,531693,Vpo Kadma Teh Badhra Charkhi Dadri Bhiwani,127308,-,9896260808,-,-,schoolaravali@gmail.com,-,2016,Mrs. Sharmila Rani,Secondary School,Om Education Society,-,Bhiwani
Arbour Grove School,531855,"Village- Siana Saidan, Cheeka Road, Pehowa",136128,-,01741220610,-,-,agscheekaroad@gmail.com,www.agspehowa.com,2019,Dr. Promila Batra,Secondary School,Ram Shanti Educational And Charitable Trust,-,Kurukshetra
Aravali Public School,530400,Moosa Nagar Po Ferozpur Jhirka Distt Gurgaon Haryana,122104,1268,201112,9992932089,-,ronaksaba@gmail.com,-,2000,Mr Jamil Ahmed,Senior Secondary,Aravali Education Society,-,Gurugram
"Aravali Hills Public School ,Tankri",530702,V.p.o-tankridistt-rewari Haryana,123412,1284,200465,9431416595,-,sureshkumari91967@gmail.com,-,2005,Suresh Kumari,Senior Secondary,Aravali Education Society Tankri,-,Rewari
Army Public  School,580006,Hisar Military Station,125006,1662,01662223668,-,-,apshisar@hotmail.com,http://www.apshisar.com,1990,Dr. Kavita Jakher,Senior Secondary,Army Welfare Education Society,-,Panchkula
Army Public School,580002,"90, Alexandra Road, Ambala Cantt, Haryana",133001,6344,626929,626930,-,apsambala10@gmail.com,www.apsambala.com,1981,Dr Paramjit Singh,Senior Secondary,Army Welfare Education Society,-,Ambala
Army Public School,580004,Sect D Chandimandir Cantt Haryana,134107,-,01722589605,-,1722589605,principalapschm@yahoo.co.in,www.apschandimandir.in,1983,Mrs. Suman Singh,Senior Secondary,"Army Welfare Education Society, New Delhi",-,Panchkula
Arqam Academy Senior Secondary School.,530221,Fatehpur Taga Faridabad Haryana,121002,129,6464230,-,-,SKYLARK2016PS@GMAIL.COM,-,1986,Kamlesh Dagar,Senior Secondary,Trust For Education & Welfare,-,Faridabad
"Arya Adarsh Senior Secondary School, Madlauda Panipat",530811,"Arya Adarsh Senior Secondary School, Madlauda, Panipat",132113,180,2583506,-,-,aryaadarsh11@gmail.com,www.aasssmadlauda.com,1995,Suresh Kumar,Senior Secondary,Arya Adarsh Shiksha Parchar Samiti,-,Panipat
Arya Bal Bharti Public School,530556,G T Road Panipat Haryana,132103,180,2639590,-,-,aryabalbharti.06@gmail.com,-,1972,Rekha Sharma,Senior Secondary,Arya Partinidhi Sabha,-,Panipat
Arya Girls Public School,530298,"Behind Arya College, Adjacent Bisha Swaroop Colony, G T Road Panipat Haryana",132103,180,4007755,87054,4324233904,mailtorajni@gmail.com,http://www.pvm.g,1996,Rajni Sharma,Senior Secondary,Arya College  Mang. Commtt. Panipat,-,Panipat
Arya Senior Secondary School,530668,"Bastara Road, Gharaunda, Distt Karnal, Haryana",132114,91,7027462778,-,-,singhjitenderghd@gmail.com,-,1996,Jitender Singh,Senior Secondary,Arya Shiksha Sabha Kaithal,-,Karnal
Arya Public School,530981,Chandlana(dhand)kaithal,136020,1746,223136,-,-,nirmaldahiyaaps@hotmail.com,-,2010,Nirmal Dahiya,Senior Secondary,Arya Shiksha Sabha Kaithal,-,Kaithal
