A N M International School Tahliwal,630222,V.p.o. Tahliwal,174507,1887,01975-233758,-,01975-233758,anminternationalschool@gmail.com,http://www.anmis.in,2012,Miss Vijayta Rana,Senior Secondary,Anm Educational Society Tahliwal,-,Una
Aadharshila School,630138,"Uppar Punner Road (via Bhawarna), Teh- Palampur, Distt Kangra, Hp-176102",176102,1894,000000,921850601,-,kherrk@hotmail.com,-,2007,Sanjay Kher,Senior Secondary,Om Education Trust,-,Kangra
Aadhunik Public School,630055,Sidhbari Dharamshala Himachal Pradesh,176057,1892,"236298, 234550",01892-246390,-,aadhunikschool1995@gmail.com,www.aadhunikschool.in,1957,Mrs.anita Verma,Senior Secondary,Gav Public School Managing Committe,-,Kangra
Achievers Hub Public School,630210,"Mohal Jhikli Dar, Mauza Khaniara, Dharamshala",176057,1892,01892222263,-,-,ahpsdharamshala@gmail.com,http://www.ahpsdharamsala.com,2007,Mrs. Megha Tokes,Senior Secondary,Awsthi Education Society,-,Kangra
Aditya Birla Public School Baga Utcl Township,630172,"Village Sarainghat Dhar Tatoh, Po Dhar-tatoh, Tehsil Sadar, District Bilaspur, Himachal Pradesh",174001,1796,223391,-,01796-223344,callanand003@gmail.com,http://www.jaypeeschools-jvmbaga.org,2011,Anand Dubey,Senior Secondary,"Ultra Tech Community Welfare Foundation, Mumbai",-,Bilaspur
Akal Academy English Medium School,630029,Baru Sahib P O Machner (via Rajgarh) Distt Sirmour Himachal Pradesh,173107,179,276031,-,-,admin@akalacademy.ac.in,-,1984,Dr Neelam Kaur,Senior Secondary,Yashi Benevolent Trust,-,Sirmaur
Alpine Public School,630233,Village Sukkabag P.o Bhangwar,176029,-,01892269669,-,-,apssukhabagh@gmail.com,-,2009,Mrs.meena Sharma,Secondary School,Great Aryan Valley Education Society,-,Kangra
Alpine Public School,630084,Chowkiwala Nalagarh Distt Solan Himachal Pradesh,174107,179,"222997, 222537",1795222537,221668,alpine1nalagarh@gmail.com,http://www.alpinenalagarh,1995,Prem Lata Joshi,Senior Secondary,Alpine Public School Edu Society,-,Solan
Amravati Vidyalaya,630204,"Amravati Apartments Adj H.b.c. Ph-iii,baddi Distt Solan (h.p.)",173205,1795,657461,-,-,vinitajoshi63@gmail.com,-,2007,Vinita Joshi,Secondary School,Amravati Welfare Society,-,Solan
Anand School,630246,Anand Schoolopp Bank Squaresector 1,173220,-,01792-232038,-,-,anandschoolparwanoo@gmail.com,http://anandschool.com/,1979,Mrs.usha Kaushesh,Secondary School,Deep C Anand Educational Trust,-,Solan
Anant Vidya Niketan,630250,Vill. Kotli (bir) P.o.gunehar. Baijnath H.p 176077,176077,-,01908222215,-,1908222215,avnpublicschoolbir@gmail.com,http://anuradhaplp.org,2014,Mr.rajneesh Kumar Verma,Secondary School,Shri Anant Educational & Welfare Society,-,Kangra
Angel's Public School,630165,"Chougan, Purana Bazar Sunder Nagar Mandi",174004,1907,262790,-,1907262789,tosarookaushal@gmail.com,-,2003,Saroo Kaushal,Secondary School,Pushpa Memorial Educational Society,-,Mandi
Angels Convent School,630201,"Near Govt. College Dehri, P.o. Kher, Vpo. Kutkana, Teh. Nurpur, Distt. Kangra",176202,1893,250084,-,-,bindiya.acs@gmail.com,-,2013,Bindiya,Senior Secondary,Active World Educational Society,-,Kangra
Anuradha Public Senior Secondary School,630125,"Vpo. Maranda, Teh Palampur, Disst. Kangra (himachal Pradesh)",176102,1894,239848,235095,1894238848,renu.thakur78@gmail.com,-,2003,Renu Katoch,Senior Secondary,Anuradha Educational Society,-,Kangra
Angels Public Model School,630230,Vpo Khanni Tehsil Nurpur Distt Kangra Himachal Pradesh,176201,1893,227777,-,9459221777,kiranapms@gmail.com,-,1996,Kiran Bala,Secondary School,Angels Public Model School Sabha Khanni,-,Kangra
Archangel School,630106,Roop Palace Raghunathpur Kullu Himachal Pradesh,175101,1902,225566,223066,-,archangelschoolkullu@gmail.com,-,1992,Anupama Upadhyay,Secondary School,Archangel Educational Society,-,Kullu
Army Public School,680004,Yol Cantt. Distt Kangra Himachal Pradesh,176052,1702,2472,-,-,aaasyol@rediffmail.com,http://www.apshisar.com,1994,Sh A K Ambastha,Senior Secondary,Army Sch Yol Cantt Mang Committee,-,Kangra
Army Public School,680003,Nahan Distt. Sirmour Himachal Pradesh,173001,1702,222972,2206,-,armyschool_4358@yahoo.com,http://www.apshisar.com,1982,Mrs Satinder Gill,Senior Secondary,Station Commander,-,Sirmaur
Army Public School,680002,Dag Shai Shimla Hills Distt Solan Himachal Pradesh,173210,1792,66151,66142,2458339,aps_dagashai@hotmail.com,http://www.pcsjammu.g,1986,Sham S Dudeja,Senior Secondary,Hq Vwestern Command Chandimandir,-,Solan
Aryan Public School,630137,"Po Suni,rev. Vill. Gharyana ,teh.suni",171301,177,2786615,241465,0177-2786615,asthacaresuni@gmail.com,-,2006,Saroj Chauhan,Senior Secondary,Astha Welfare & Service Association,-,Shimla
B L Central Public School,630069,Damrog Shamti Distt Solan Himachal Pradesh,173212,1792,"229593, 20591",-,-,blcpsss@yahoo.in,www.blcps.com,1979,Narandra Singh,Senior Secondary,B L Education Society,-,Solan
B S L Govt Sr. Sec. Modal School,620104,"Bsl Project Sundar Nagar, Township, Distt. Mandi, Himachal Pradesh",174402,1907,01907262271,28710,-,mbncoll@ap.nic.in,-,1981,Mrs. Praveen Kalia,Senior Secondary,Direct Of Sikkim,-,Mandi
B.L. Central Public School,630221,P.o. Karsog,175011,1907,221885,-,01907-221885,monika_g77@rediffmail.com,-,2013,Monika Gupta,Secondary School,M M Education Society,-,Mandi
Baddi International School,630247,Village-makhnu Majra,173205,5692,01795-247353,234130,01795-247352,bisedu123@gmail.com,http://www.bisedu.org.in,2016,Mr.neranjan Singh,Secondary School,Centre For Advanced Studies In Engineering,-,Solan
Bhagirathi Dass Dav Public School,630053,Dharamshala Distt. Kangra Himachal Pradesh,176215,1892,01892222222,-,1892222222,davdsala@yahoo.co.in,www.davdharamsala.com,1987,Mr. S.h.khan,Senior Secondary,Dav College Trust & Management Society New Delhi,-,Kangra
"Bal Bharati Public School, Solan",630268,"Glady Dhank,p.o-oachghat, Tehsil & Distt -solan",173223,-,8894224810,-,-,bbpsolan@gmail.com,-,2012,Mr. Vinod Kumar,Secondary School,"Child Education Society, Delhi",-,Solan
Bhartiya Model School,630199,Vpo Padhar (dalah)mandi Himachal Pradesh,175012,1908,260045,-,-,titanam17213@gmail.com,-,2002,Poonam Sharma,Secondary School,Unique Education Society Padhar,-,Mandi
Bhojia Vidyapeeth,630243,Village: Bhud Teh. Baddi Distt: Solan (h.p.),173205,-,9817204721,-,-,bhojiavidyapeeth@gmail.com,www.bhojiavidyapeeth.com,2016,Mrs. Rashmi Lata Sharan,Senior Secondary,Bhojia Charitable Trust For Science Research & Social Welfare,-,Solan
Brahmrishi Mission School,630068,Dev-van Jarar Bhuntar Kullu Himachal Pradesh,175121,1902,202151,222261,01786-2222,nthakur1973@gmail.com,-,1979,Narender Thakur,Senior Secondary,Vishav Shiksha Niketan Sansthan,-,Kullu
Cambridge Global School,630251,Village Chulla P.o. Bairghatt Teh. Palampur Distt Kangra,176073,-,9816732756,9816232756,-,cgsthural1717@gmail.com,http://www.cgsthural.com,2016,Mr. Varun Sharma,Secondary School,The Saraswati Educational Society,-,Kangra
Brd Public School,630277,"Brd Public School, Kalujhanda,tehsil Baddi Distt. Solan H.p",174103,-,9882359427,-,-,brdpsbaddi.com@gmail.com,www.brdps.in,2018,Mrs. Pooja Thakur,Secondary School,Brd Educational Society,-,Solan
Cambridge International School,630153,"Nh 21, Mohal Kullu",175126,1902,260260,2205266,01902-222022,principalcambridgekullu@gmail.com,www.kullu.learningwings.org,2005,Sapna Katoch,Senior Secondary,"Katiani Educational Society, Nh-21, Mohal, Kullu",-,Kullu
Cambridge International School,630241,Pathankot Mandi Highway,176061,-,01894238700,-,-,palampur.cambridge@gmail.com,www.cisp.co.in,2015,Mr. Vishwa Raj,Senior Secondary,Katiani Educational Trust,-,Kangra
"Cambridge International School, Lunapani,Mandi",630270,"Cambridge International School, Lunapani,tehsil Balh,distt Mandi,h.p",175021,-,01905243366,-,-,cismmandi@gmail.com,www.cambridgemandi.com,2019,Mrs. Shivali Sharma,Secondary School,Bhawani Memorial Educational Society,-,Mandi
Chail Public School,630205,"Naogrown (chail Chowk) Teh., Chachyot, Distt. Mandi H.p.",175028,1907,250405,-,250407,chailpublicschool@gmail.com,chailpublicschool.in,2014,Mr. Rajesh Soail,Senior Secondary,Abhilashi Educational Society,-,Mandi
Central School For Tibetans,690001,"Shimla, Himachal Pradesh",171002,177,2620677,5272,2466171,1957vksingh@gmail.com,http://www.kv2kota.org,1963,Vinod Kumar Singh,Senior Secondary,Central Tibetan Schools Admn N Dli,-,Shimla
Central School For Tibetans,690002,Dalhousie Distt Chamba Himachal Pradesh,176304,1899,242836,2107,2580425,harish.gupta767@gmail.com,www.cstdalhousie.org,1963,H C Gupta,Senior Secondary,Central Tibetan Schools Admn,-,Chamba
Chander Nahan Meadows Educational Institute,630285,"Block Rohru Distt Shimla, Himachal Pradesh",171207,-,9999991685,-,-,chandernahan1@gmail.com,http://www.chandernahan.net,2013,Mrs. Kirti Kanwar,Secondary School,Chander Nahan Meadows Educational Institute,-,Shimla
Chamba Millennium Public School,630255,"Village Labakana, Po Sarul, Distt Chamba, Himachal Pradesh",176314,-,01899232222,-,-,chambaschool@gmail.com,-,2014,Mrs. Ranjana Naryal,Secondary School,Chamba Millennium Educational Society,-,Chamba
Chapslee School,630070,Elysium Hill Shimla Himachal Pradesh,171001,177,2802542,202542,2458339,sdsudershan3@gmail.com,http://www.pcsjammu.g,-,Sudershan Dogra,Senior Secondary,The Chapslee Educational Society,-,Shimla
Chinmaya Vidyalaya,630042,Dr Y S Parmar Univ.of Horti & Forestry Nauni Solan Himachal Pradesh,173230,179,"252275, 5715",-,-,principal@chinmayavidyalayanauni.com,-,1992,Subhojit Ghosh,Senior Secondary,"Chinmaya Edu. Society, Naini,",-,Solan
Comet Mensa Public School,630099,Dehri Po Khuthandel Via Rehan Teh Nurpur Distt Kangra Himachal Pradesh,176022,1893,251400,22458,3812342572,cmpschool2003@yahoo.com,-,2003,Mrs. Sunny Jaswal,Senior Secondary,Comet Mensa Education Societ,-,Kangra
Convent Of Jesus And Mary,630149,Simla,171002,177,2841394,-,1772842247,SHYMAJOSE@REDIFFMAIL.COM,-,1864,Shyma V Jose,Senior Secondary,Simla Jesus And Mary Educational Society,-,Shimla
Crayons World School,630249,"Near Railway Crossing, Pandol Road Baijnath,tehsil- Baijnath, Distt-kangra, Hp, 176125",176125,-,01894263500,-,-,crayonsworldschool@gmail.com,www.crayonsworldschool.com,2016,Mrs. Rishibha Sharma,Senior Secondary,Baijnath Stationers Educational Society,-,Kangra
Crescent Public School,630215,P.o.banuri,176061,189,4254117,011-27452444,-,manubh31@gmail.com,-,2003,Manoj Kumar,Senior Secondary,Rhythm Education Society,-,Kangra
D A V Centenary Public School,630023,Jawahar Nagar Mandi Himachal Pradesh,175001,1905,"236229, 36229",36130,190523732,k.s.guleria77@gmail.com,-,1985,Kuldeep Singh,Senior Secondary,D A V College Managing Committee De,-,Mandi
Cvalik International School,630275,"Cantt Road ,dhaaramshala",176215,-,01892222603,-,-,cvalikinternational@gmail.com,-,2008,Mrs. Hebronica Dass,Secondary School,Cvalik Foundation,-,Dharamshala
D A V Centenary Public School,630054,Rajgarh Distt. Sirmour Himachal Pradesh,173101,1799,221120,01799-221121,221121,davschoolrajgarh@gmail.com,-,2004,Reena Malhotra,Senior Secondary,National Ednl.devlopment Regd Chad,-,Sirmaur
D A V Centenary Public School (Affiliated Subject To Outcome Of W.P.(C) 7043 Of 2018),630028,Una Himachal Pradesh,174303,1975,2233338,1975223338,227151,principalatul@gmail.com,-,1986,Atul Mahajan,Senior Secondary,Dav College Managing Society,-,Una
D A V Public School,630051,Bilaspur Himachal Pradesh,174001,1978,224771,-,-,kparthi@rediffmail.com,-,2003,Kparthipan,Senior Secondary,Little Stars Educational Trust (r),-,Bilaspur
D A V Public School,630016,Acc Gagal Cement Works Barmana Bilaspur Distt Himachal Pradesh,174013,1978,244065,244080,244067,sweenpuri1957@gmail.com,-,1984,Sween Puri,Senior Secondary,Dav College Managing Committee,-,Bilaspur
D A V Public School,630058,"Alampur The. Jaisinghpur Distt. Kangra, Himachal Pradesh",176082,1894,271264,-,01894-2712,bikramsingh1968@rediff.com,www.davalampur.co.in,1993,Bikram Singh,Senior Secondary,Prakash Trust,-,Kangra
D A V Public School,630038,Partap Gali Hamirpur Himachal Pradesh,177001,1972,222560,01972-222560,222560,princidav@yahoo.co.in,http://www.davhamirpur.or,1986,Piar Chand Verma,Senior Secondary,Dav College Managing Committee,-,Hamirpur
D A V Public School,630034,Phase Ii Sector Iv New Shimla Himachal Pradesh,171009,177,2670976,202703,-,aruna53@rediffmail.com,-,1979,Anuradha Sharma,Senior Secondary,Dav College Mang. Commtt.,-,Shimla
D A V Public School,630046,"Khaneri, Rampur Bushar Distt Shimla Himachal Pradesh",172001,1782,233178,33158,-,principal.davrampur@gmail.com,-,1985,Vijay Verma,Senior Secondary,Dav College Monaging Committee N D,-,Shimla
D A V Public School,630017,Nahan Sirmour Distt Himachal Pradesh,173001,1702,222373,2357,-,davnahan@yahoo.com,-,1984,Naresh Katoch,Senior Secondary,D A V College Managing Committee De,-,Sirmaur
D A V Public School,630057,Ambota Dt.una Himachal Pradesh,177205,1976,241454,-,-,dav_ambota2007@yahoo.co.in,-,1976,Namit Sharma,Senior Secondary,Darshan Education Foundation,-,Una
D A V Senior Secondary Public School,630059,"Lakkar Bazar Shimla, Himachal Pradesh",171001,177,01772653197,-,1772800910,davlkbshimla@gmail.com,http://www.davlkbshimla.org,-,Mrs. Kamna Beri,Senior Secondary,-,-,Shimla
D.A.V. Public Model School,630186,"Kalu Di Bar Po Dharamsala, Mahanta,",177110,1976,256288,-,-,davmkdb@gmail.com,-,1999,Krishan Kumar,Secondary School,Dayanand Adarsh Society Kharoh,-,Una
D A V Sirmour Public School,630021,"Paonta Sahib, Distt Sirmour, Himachal Pradesh",173025,1704,222229,23109,221121,davpaontasahib85@gmail.com,-,1984,Dr V K  Lawania,Senior Secondary,Dav College Managing Committee,-,Sirmaur
Kendriya Vidyalaya,600013,Jutogh Cantt Shimla Himachal Pradesh,171008,177,"2838415, 23060",0177-2837239,-,VCRREV70@GMAIL.COM,-,1989,Vir Chand,Senior Secondary,Kendriya Vidyalaya Sangathan,-,Shimla
Kendriya Vidyalaya,600016,Itbp Sarahan Shimla Distt Himachal Pradesh Himachal Pradesh,172034,1782,273096,63780,-,balwantsinghdelhi73@gmail.com,-,1994,Balwant Singh,Senior Secondary,Kendriya Vidyalaya Sangathan,-,Shimla
Kendriya Vidyalaya,600001,Jakhoo Hills Shimla Himachal Pradesh,171002,177,2650240,6100,2580425,mohitguptasolan@gmail.com,-,1964,Mohit Gupta,Senior Secondary,Kendriya Vidyalaya Sangathan,-,Shimla
Kendriya Vidyalaya,600010,"A F S Kasauli, Distt Solan Himachal Pradesh",173204,1792,270580,2129,-,diyamahato@yahoo.com,-,1986,Bidyut Bikash Mahato,Senior Secondary,Kendriya Vidyalaya Sangathan,-,Solan
Kendriya Vidyalaya,600023,"Bangana, Distt. Una, Himachal Pradesh",174307,1975,263055,9882717849,-,sd_lakhanpal@yahoo.co.in,-,1998,Sunil Dutt Lakhanpal,Senior Secondary,Kendriya Vidyalaya Sangathan,-,Una
Kendriya Vidyalaya,600004,14 Gtc Subathu Solan Distt Himachal Pradesh,173206,1792,275070,70,-,JAGE72@YAHOO.COM,-,1981,Jageshwar,Senior Secondary,Kendriya Vidyalaya Sangathan,-,Solan
Kendriya Vidyalaya No 2,600020,Nhpc Chamera Karian Po Hardaspura Distt Chamba Himachal Pradesh,176310,1899,220144,-,220710,Vinodbhartiya1@gmail.com,www.kvchamera2.nic.in,2000,Vinod Bhartiya,Senior Secondary,Kendriya Vidyalaya Sangathan,-,Chamba
Kendriya Vidyalaya Sandhole,600026,Kendriya Vidyalaya Sandhol Tehsil Sandhole Distt Mandi,176090,-,01905273144,-,-,kvsandhole@gmail.com,sandhol.kvs.ac.in,2016,Mr. Sherab Dorjee,Secondary School,Kendriya Vidyalaya Sangthan,-,Mandi
La Montessori School,630101,"Vill Kelheli Po Bajaura Distt Kullu, Himachal Pradesh",175125,1902,267626,222626,-,lms_lk@yahoo.co.in,-,1979,Lalita Kanwar,Senior Secondary,Hidimba Educational Society,-,Kullu
Lakshay Convent School,630279,"Village And Po Manjyat, Tehsil Arki",173208,-,01796220220,-,-,lakshayconvent@gmail.com,lakshayeducation.com,2017,Mrs. Kusum Lata Gupta,Secondary School,Lakshay Education Society,-,Solan
Laureate Public School,630045,Brance Peth  Bharari Shimla Himachal Pradesh,171001,177,2804065,6408,2804065,laureate93@gmail.com,-,1992,Meera Singh,Senior Secondary,Laureate Edu.soceity,-,Shimla
Laureate Global School,630220,Vpo Kathog,177101,-,9218428040,-,-,laureategs@gmail.com,http://www.laureategs.in,2015,Mrs.kiran Dharmani,Secondary School,Laureate Educational Society,-,Kangra
Lawrence Public School,630187,Relhu Road.shahpur Distt Kangra,176206,1892,237088,-,-,nilouferuby@yahoo.co.in,-,2010,Niloufer S Mahajan,Senior Secondary,Lawrence Public School Education Society,-,Kangra
Lawrence School,630013,Sanawar  Kasauli Solan Distt Himachal Pradesh,173202,1908,2009,2043,-,sanawar@glide.net.in,www.sanawar.edu.in,1847,Sumer B Singh,Senior Secondary,Lawrence School Society,-,Solan
Lawrence Public School Guler,630239,V.p.o. Guler Tehsil Dehra Dist. Kangra,176033,-,01970265373,-,-,lawrencepublicschoolguler@gmail.com,-,2006,Mr.manoj Kumar,Secondary School,Lawrence Education Society  Guler,-,Kangra
Loreto Convent,630148,"Loreto Convent, Tara Hall, Upper Kaithu",171003,177,2652355,-,-,loretoshimla@yahoo.com,-,1894,Stephanie Rodrigues,Senior Secondary,Simla Loreto Educational Society,-,Shimla
M I A Dav Public School,630072,Industrial Area Mehatpur Distt Una Himachal Pradesh,174315,1975,232113,-,-,mia_dav@rediffmail.com,http://www.miadavpublicschool.com,-,Mrs. Renu Pandhi,Senior Secondary,-,-,Una
La Montessori School,630162,Vill. Dunkhra P.o. Jari Teh. & Distt.kullu,175125,1902,222626,-,-,aartishrm1808@gmail.com,-,2009,Arti Sharma,Secondary School,Hidimba Educational Society,-,Kullu
Maharishi Vidya Mandir,630096,Village Kuthar Gagal Po Bharmoti Teh Naduan Distt Hamirpur Himachal Pradesh,177033,1972,233779,-,-,principalpplnadaun@mahaemail.com,-,1992,Ghan Shyam Tiwari,Senior Secondary,Maharishi Shikshan Sansthan,-,Hamirpur
M R A D.A.V. Public School,630043,By Pass Road Solan Himachal Pradesh,173213,1792,223795,222549,06582-256548,mradavschool@yahoo.com,-,1989,Masooma Singha,Senior Secondary,Dav Trust & Management Society,-,Solan
Maharishi Vidya Mandir Public School,630098,Khatechar Dharmshala Distt Kangra Himachal Pradesh,173209,1892,"275576, 265307",260367,01792-261042,mvmdharamshala.1@gmail.com,http://www.kips.edu.in,1991,Rakesh Chand Tyagi,Senior Secondary,Maharishi Shiksha Sansthan,-,Kangra
Maharishi Vidya Mandir,630177,"Tehsil- Amb, Vill & Po-daulatpur Chowk, Bahgon (h.p.)",177204,1976,265745,-,-,seemakaushal478@gmail.com,-,1992,Seema Kaushal,Secondary School,Maharishi Siksha Sansthan,-,Una
Mahavir Public School,630145,"Pungh, Sunder Nagar",174401,1907,266099,26969625,1907266099,anuradhajain1315@gmail.com,http://www.mahavirpublicschool.org,2004,Anuradha Jain,Senior Secondary,Mahavir Education Society,-,Mandi
Maxx International School,630212,Nh-21vpo Jia,175125,91,01902265343,-,-,maxxinternationalschool@gmail.com,http://www.maxxinternational.org/,-,Mr. Gaurav Rastogi,Secondary School,-,-,Kullu
Mblm International School Mangarh,630174,Vill. Mangarh Po Polian,176025,1893,206002,-,-,mblmismangarh@gmail.com,-,2006,Jeewan Lata,Secondary School,Bansi Lal Memorial Education Committee Mangarh Tehsil Fatehpur Distt. Kangra H.p,-,Kangra
Mehr Chand Mahajan D A V Senior Secondary Public School,630035,Baghni Nurpur Distt. Kangra Himachal Pradesh,176202,1893,8894079276,330088,331690,mcmdavps@yahoo.co.in,-,1978,M R Rana,Senior Secondary,Managing Committee,-,Kangra
"Mkm Public School , Bhadroya",630256,"Near Chakki Bridge, Nh-48, Bhadroya, Tehsil - Nurpur, Kangra (hp )",176403,-,0186-2227249,-,0186-2227249,drrajinderuppal@yahoo.com,-,2012,Mr.brij Mohan,Senior Secondary,Dera Swami Jagat Giri Trust,-,Kangra
Miska International Public School,630278,"Village - Takauta Bhattan, Po Dungri, Tehsil Bhoranj Distt Hamirpur (h.p.)",176045,-,-,-,-,miskaintschool@gmail.com,http://www.miskainternational.com,2013,Mr.buta Singh Thakur,Middle Class,Himani Infotech Solutions & Educational Welfare Society,-,Hamirpur
Mind Tree Iit Mandi Campus School,630262,"North Campus, Iit Mandi, Salgi (kamand), Mandi -175 005, Himachal Pradesh, India",175005,-,1905267254,-,-,mindtreemandi@gmail.com,www.mindtreeschool.com,2017,Mrs. Gulshan Dewan,Senior Secondary,The Learning Curve Educational Trust,-,Mandi
Montessorie Cambridge School,630081,"Montessorie Cambridge School, Raja-ka-bagh Near Jassur Teh Nurpur Distt. Kangra Himachal Pradesh",176201,1893,"01893227528, 226527",-,2458339,mcsrkb2001@gmail.com,www.mcsrajakabagh.com,2001,Mrs. Suman Shukla,Senior Secondary,"Himalayan Education & Research Society, Vill. Raja Ka Bagh, Teh. Nurpur Distt. Kangra (h.p.)",-,Kangra
Lotus International Convent School,630173,"Rakkar, Teh. Rakkar, Distt. Kangra, H.p.",177043,1970,9805228540,-,01970-267664,school_lotus@yahoo.com,-,2012,Pankaj Sharma,Senior Secondary,"Shri Ganesh Education Society, Tiamal",-,Kangra
Mount Litera Zee School,630195,"Shimla Hills, Bakhalag, Arki Solan",173208,1796,250037,-,-,donna.eims@yahoo.com,http://www.mountlitera.com,2014,Donna Eims,Secondary School,Youth Welfare Association Batal,-,Solan
New Era Sr. Sec. School Parol,630332,"Distt Hamirpur , Himachal Pradesh",177501,-,9805304570,-,-,newera2378@gmail.com,https://newera.ssschool.in/,-,Amit Thakur,Senior Secondary,Shiksha Sudhar Sabha Parol,-,Hamirpur
Mount Maurya International,630189,"Jhalwan, Joginder Nagar",175015,1908,223144,-,1908222473,roopthakur53@gmail.com,http://www.mountmaurya.com,2012,Roop Chand Thakur,Senior Secondary,Prem Parwati Educational Society,-,Mandi
Mount Shivalik Public School,630133,"Vpo- Juberhatti, Shimla, Himachal Pradesh",171013,177,2736922,9418342111,2736340,bhartimahender@yahoo.co.in,www.msps.co.in,2004,Bharti Sharma,Senior Secondary,Mount Shivalik Educational Society,-,Shimla
Neugal Public Senior Secondary School,630128,"V.p.o. Binderaban, Teh. Palampur, Distt Kangra, Himachal Pradesh",176061,1894,1894232508,6637959,-,aseemawasthi1975@gmail.com,-,1989,Aseem Awasthi,Senior Secondary,Neugal Education Society (regd,-,Kangra
Navjyoti Century School,630196,"Village Kharuni, Manpura, Baddi, Solan,",173205,179,5236363,-,-,ruchi.dubey84@gmail.com,-,2012,Ruchi Dubey,Senior Secondary,Creative Vision Educational Society,-,Solan
New Gyan Dham Public School,630237,Vill Rakh Ghansot Po & Tehsil Nalagarh Distt Solan Hp,174101,-,01795222007,-,-,gyandham6@gmail.com,www.newgyandham.com,2014,Miss Shabnam Chauhan,Senior Secondary,New Gyan Dham Educational Society,-,Solan
Noorpur Public School,630091,Nurpur Distt Kangra Himachal Pradesh,176202,1893,220042,220442,-,npsnpr2007@yahoo.co.in,-,1992,Punam Dogra,Senior Secondary,Lajyawati Mem Edu Soc,-,Kangra
Padamshree N N Mohan  Geeta Adarsh Vidyalaya,630052,Thodo Ground Solan Himachal Pradesh,173212,1792,223488,-,-,sanjeevkumarvac@gmail.com,-,1976,Sanjeev Kumar,Senior Secondary,Apex Education Society,-,Solan
Parmarth Interernational School,630163,"Baru Kakriar, Po Kakirar",177030,192,246144,-,01972-222246,parmarth630163@gmail.com,-,2006,Anita Kumari Dogra,Senior Secondary,"Hamirpur Parmarth International Educational Society, Baru Hamirpur",-,Hamirpur
Paras Public School,630178,P.o.- Bhawarna,176083,1894,248897,-,1894248897,paraspublicschool786@gmail.com,http://www.paraspublicschool.com/,2006,Neelam Rana,Senior Secondary,Paras Public School Educational Society,-,Kangra
Parmar International School,630094,Kailash Nagar Banehra Teh Amb Distt Una Himachal Pradesh,177213,1976,268548,01972-222560,222560,pis_2008@yahoo.com,http://www.davhamirpur.or,2004,Ajay Jaswal,Senior Secondary,Parmar Education Soc,-,Una
Parmarth International School,630142,"Mandi Road, Kangra, Teh. Baijnath, Himachal Pradesh",176125,1894,263158,2291135,-,gosw2000@yahoo.com,-,1993,Subash Gir Shiv Mohan,Senior Secondary,Foothills Academy,-,Kangra
Pine Grove International School,630202,Dheera Palampur Kangra Hp,176101,1894,01892222862,-,1894235311,pinegroveinternationalschool@gmail.com,www.pinegroveinternationalschool.com,2010,Mrs. Renu Pandita,Senior Secondary,"National Career Education Committee ,palampur",-,Kangra
Pine Grove School,630065,Kuthar Road Subathu Distt Solan Himachal Pradesh,173206,1792,275690,1792275800,275666,subathu@pinegroveschool.com,http://www.pinegrove.in,1984,Devender  Kumar Verma,Senior Secondary,Himachal Shiksha Vikas D Sanstha,-,Solan
Pinnacle World School,630225,V.p.o Baroh,176054,-,01892-259053,-,01892-259053,pwsbaroh@gmail.com,-,2014,Mr.chaman Lal,Secondary School,Freedom Fighter Education Trust,-,Kangra
Pradesh Public International School Of Sciences,630264,Vill And Po Bani Tehsil Barsar Distt Hamirpur,174304,-,01972258551,-,1972258551,ppss2004@gmail.com,http://www.servouni.com,2004,Mr. Sudhir Sharma,Senior Secondary,Regional Education And Environment Society,-,Hamirpur
Pmr International School,630182,Vpo - Rapoh Misrandistt - Una (hp),177210,1976,1976269070,-,-,narinder0509@gmail.com,pmris.co.in,2011,Mrs. Neelam Rani,Senior Secondary,S.d. Educational Society,-,Una
Princeton School,630169,"Phase - Iii, Sector - 5, New Shimla",171009,-,0177-2673255,-,0177-2673255,psshimla@gmail.com,http://www.princetonschool.in,2010,Dr.prakash Dulta,Middle Class,Umes,-,Shimla
R.K. International School,630188,"Vill.  & Po Nabhai,",175024,1905,230274,-,-,sksharma110@gmail.com,http://www.rkis.in,2013,Surender Kumar Sharma,Senior Secondary,Rk Educational And Social Welfare Society,-,Mandi
Railbow International School,630097,Nagrota Bagwan Teh & Distt Kangra Himachal Pradesh,176047,1892,251592,249222,-,chhavikashyap@rediffmail.com,-,2002,Chhavi Kashyap,Senior Secondary,Diwan Chand Memo Edu Soc,-,Kangra
Partap World School,630193,"Village Chanour, Indora, Dist. Kangra, Himachal Pradesh",176401,1893,01893-241177,-,01893-241177,pwsindora@gmail.com,http://www.pwsindora.com,2013,Mrs. Rajput Renu Singh,Senior Secondary,Partap Education & Research Society,-,Kangra
Raj Luxmi Samvid Gurukulam,630284,"Samvid Gurukulam School, Village Barian, Tehsil  Nalagarh, Dist Solan",174101,-,1795222134,-,-,infosamvidnlg@gmail.com,http://samvidgurukulam.com,2019,Mr. Colonel Narinder Pal Singh,Secondary School,Yug Chetna Vatsalya Peeth,-,Solan
Rainbow World School,630224,"Vill Bari, Bhawarna",176083,1894,01894-247999,-,-,rainbowworldschool@gmail.com,http://www.rwsbhawarna.com,2014,Mrs. Meenakshi Kashyap,Senior Secondary,Rainbow International Society For Education,-,Kangra
Ramanujam Royal Convent School,630160,Village Samloh Tehsil-arkip.o. Navgaon Solan,171102,1796,245045,261625,-,forrajneesh@gmail.com,-,2004,Rajneesh Kumar,Senior Secondary,Ramanujam Royal Educational Society,-,Solan
Raja Dalip Singh Memorial Public School,630114,Hajob Dhami Shimla Himachal Pradesh,175024,177,2790101,01799-221121,221121,monikasolan79@gmail.com,-,1988,Monika Gupta,Secondary School,Sidhi Vinakyak Edu & Res & Tra Soc,-,Shimla
Pinegrove School,630044,Kasauli Road Dharampur Distt:- Solan Himachal Pradesh,173209,1792,"264105, 2390",264147,264777,headmaster@pinegroveschool.com,www.pinegrove.in,1991,Aj Singh,Senior Secondary,St. Soldier Int. Spiritual Trust,-,Solan
Ransons Public School Malguni (Thural),630238,Village Malguni P.o. Thural,176107,-,9418386386,-,-,varun.sharmathural@gmail.com,http://www.ransonsinstitute.com,2007,Mr.varun Sharma,Secondary School,Ransons Welfare Society Upper Maranda,-,Kangra
Rashtriya Military School,680005,Chail Shimla Hills Himachal Pradesh,173217,-,-,-,-,-,-,-,-,Senior Secondary,-,-,Shimla
Guru Nanak Mission Public School,630022,"Paonta Sahib, Distt Sirmour, Himachal Pradesh",173025,1704,222638,-,-,info@gnmps.org,www.gnmps.g,1975,Mr Devindar Kaur Sahni,Senior Secondary,G N M Hospital Ed Trust Ambala City,-,Sirmaur
Guru Nanak Public School,630071,Bus Stop Gpo Road Dalhousie Himachal Pradesh,176304,1899,01899-240653,-,01899-242271,gnps_navdeep@yahoo.com,http://www.gnpsdalhousie.com,-,Mr. Navdeep Singh,Senior Secondary,-,-,Chamba
Guru Nanak Public School,630107,"Jagaat Khana Po Manjohli Teh Nalagarh Distt Solan, Himachal Pradesh",174101,1795,"265802, 265749",265755,-,satnam.sagar.singh@gmail.com,-,2006,Satnam Singh,Senior Secondary,Gurmat Parchar Trust,-,Solan
Gurukul International Sr.Sec.School,630226,Gurukul International Sr.sec School Katohar Kalan Amb,177203,1976,8219294189,-,-,gurukulinternational576@gmail.com,www.gurukuliamb.com,2016,Mrs. Priyanka Sharma,Senior Secondary,Gurukul Education Society,-,Una
Gurukul International School,630127,"Bypass Road Solan, Hp",173213,1792,226317,265755,-,mathurpreet2007@gmail.com,-,2006,Gurpreet Mathur,Senior Secondary,Satsang Shiksha Parishad,-,Solan
Gurukul Peach Valley International School Rajgarh,630209,Near Old Busstand-rajgarh,173101,1799,220955,-,1799220955,gurukulrajgarh@yahoo.in,www.gurukulpeachvalleyinternationalschool.org,2012,Mrs. Anu Kumari,Senior Secondary,Krishan Kumar Thakur Memorial Educational Society Rajgarh,-,Sirmaur
Gurukul Public School,630124,"Post  Sadwan Tehsil  Nurpur,  Distt Kangrahimachal Pradeshpin Code  176202",176202,1893,9816163136,-,234465,mailme_gurukulpublicschool@rediff.com,http://www.gurukulpublicschoolnurpur.com,2002,Mrs. Kumud Sharma,Senior Secondary,Gurukul Education Welfare Society,-,Kangra
Hainault Public School,630088,Choota Shimla Shimla Himachal Pradesh,171002,177,"2623068, 2623947",-,-,1986hps@gmail.com,"www.hainaultpublicschool,in",1986,Ritu Pal,Senior Secondary,Hainault Educational Society,-,Shimla
H.P.University Model School,630141,Summerhill Shimla - 5 H.p.,171005,177,2831889,01392-295300,-,umesh_moudgil@hotmail.com,www.hpums.org,1992,Umeshmoudgil,Senior Secondary,H.p.university,-,Shimla
Gyan Vidya Peeth,630248,"V.p.o Jangal,alampur",176082,-,01894271009,-,-,grvsrm.ee@gmail.com,-,2015,Mrs.nidhi Gupta,Secondary School,Vidyadhar Education Society,-,Kangra
Hill Grove Public School,630062,"Sheetal Kunj Estate Branch Po Kamla Nagar Sanjauli Shimla, Himachal Pradesh",171006,1899,244802,42270,2458339,principal@davavn.com,http://www.pcsjammu.g,1992,Minakshi Thakur,Senior Secondary,Shimla Ednl. Society Trust,-,Shimla
Highland Public School,630171,"Vill.ruhru, Po Sudher",176215,1892,202060,-,-,sumitasoni22@gmail.com,http://www.highlandpublicschool.co.in,2006,Sumita Soni,Senior Secondary,Sri Balaji Himachal Education Society,-,Kangra
Him Gurukul International School,630198,Vill Bhalat Po Harsour Teh Barsar Hamirpur Himachal Pradesh,174305,197,2289351,-,-,r.s.veryana@gmail.com,-,2014,Rajinder Singh,Senior Secondary,"Him School Skisha Sabha,harsour",-,Hamirpur
Himalayan International School,630208,Fatehpur Kangra Hp,176053,1893,01893256396,-,-,gori.chandel@gmail.com,-,-,Mrs. Neha Chandel,Senior Secondary,-,-,Kangra
Holy Heart Public School,630110,"Nahan Sirmour Shimla Road Nahan, Distt Sirmour, Himachal Pradesh",173001,1702,224196,-,-,vgill2233@gmail.com,-,1999,Satinder Gill,Senior Secondary,Holy Heart Public School M C,-,Sirmaur
Hamirpur Public School,630122,"Ward No. 10 Ram Nagar, Hamirpur, Himachal Pradesh",177001,1972,01972225182,-,1972225181,hpshmr_2001@yahoo.com,http://www.hpshmr.org,-,Mr. Ghanshyam Chowdhary,Senior Secondary,-,-,Hamirpur
I B Dav Public School,630033,"Narwana Yol Camp, Dharmshala, Distt Kangra Himachal Pradesh",176052,189,236120,235990,-,parveen_shivpuri@yahoo.com,-,1979,Parveen Shivpuri,Senior Secondary,Dav College Managing Committee Delh,-,Kangra
I.T Next Generation School,630280,"Vill Nera, Makor Jaman, P.o Suliali, Tehsil Nurpur",176211,-,08628802548,-,-,itng.suliali@gmail.com,WWW.ITNGSCHOOL.COM,2019,Mr. Neeraj Chadha,Secondary School,Krishan Singh And Gaurav Parihar Foundation,-,Kangra
Iflex International School,630253,"Village Dhanetar P.o. Chauntra, Tehsil Jogindernagar, Distt Mandi (h.p.)",175032,-,9857522151,-,9857522151,iflexinternationalschool01@gmail.com,http://www.iflexschool.in,2012,Mrs. Deepika Verma,Secondary School,Iflex International School Society,-,Mandi
Indus Global School,630155,"Village Jarli, Po Dudar, Gagal Road, Sadar Mandi,",175001,1905,223500,-,-,principaligsi@gmail.com,http://www.indusworldschool.com,2008,Madan Lal,Senior Secondary,Onam Educational Society,-,Mandi
Ivy International School,630232,"Ivy City, P.o. -  Kamla Nagar (bhattakufar),sanjauli, Shimla.",171006,-,9811989581,-,-,ivyshimla@gmail.com,http://www.ivyshimla.com,2015,Miss Vanessa Mason Francis,Senior Secondary,Sanvi Education Society,-,Shimla
Holy Angels School,630147,V.p.o Shamshi Teh.& Distt. Kullu H.p India,175126,1902,01902265029,-,-,has_3shamshi@rediffmail.com,http://www.holyangelsschoolkullu.com,2000,Mrs. Sapna Thakur,Senior Secondary,Holy Angels Shiksha Samiti,-,Kullu
J S Wisdom World School,630240,Sh 25 Amb Road Una,174303,-,1975226679,-,-,jswisdom123@gmail.com,www.jswws.org,2016,Mrs. Renuka,Senior Secondary,J.s. Educational Trust Una,-,Una
Jawahar Navodaya Vidyalaya,640009,Kothipura Distt Bilaspur Himachal Pradesh,174001,1978,280342,86139,-,surenderkbhat65@gmail.com,-,1992,Surender Kumar Bhat,Senior Secondary,Navodaya Vidyalaya Samiti,-,Bilaspur
Jawahar Navodaya Vidyalaya,640005,Sarol Distt Chamba Himachal Pradesh,176310,1899,"222378,  2378",-,-,jnvchamba@rediffmail.com,-,1986,Archana Mishra,Senior Secondary,Nvs,-,Chamba
Jawahar Navodaya Vidyalaya,640008,Dungrin Distt Hamirpur Himachal Pradesh,176045,1972,266035,2232,-,jnvhmr@gmil.com,-,1988,Sushil Kumar Mishra,Senior Secondary,Navodaya Vidyalaya Samiti,-,Hamirpur
J C B Sr Sec School,630108,Sector 3 New Shimla Himachal Pradesh,171009,177,"2671744, 2671948",223066,-,abali44@yahoo.com,-,1995,Rekha Bali,Senior Secondary,Jagat Chand Bhardwaj Mem Edu Soc,-,Shimla
"Him Academy Public School, Vikas Nagar",630179,"P. O. Daruhi, Teh. & Distt. Hamirpur (hp) Pin-177001",177001,1972,218048,-,"01972-222829, 223428",naina.lakhanpal@yahoo.com,http://www.himacademy.com,1998,Naina,Senior Secondary,Him Academy Education Society,-,Hamirpur
Jawahar Navodaya Vidyalaya,640012,"Bandrol, Dist Kullu, Himachal Pradesh",175128,1902,244401,9855724234,-,brightjohn45@gmail.com,-,1991,J R Bright John,Senior Secondary,Navodaya Vidyalaya Samiti,-,Kullu
Jawahar Navodaya Vidyalaya,640007,Rekong Peo Distt Kinnaur Himachal Pradesh,172107,1786,222232,2232,-,aksrivastava3008@gmail.com,-,1987,Arun Kumar Srivastava,Senior Secondary,Navodaya Vidyalaya Samiti,-,Kinnaur
Jawahar Navodaya Vidyalaya,640011,Kaza Distt Lahaul Spitti Himachal Pradesh,172114,1906,222738,86139,-,negicharasnsg@gmail.com,-,1993,Rattan Singh Negi,Secondary School,Navodaya Vidyalaya Samiti,-,Lahaul & Spiti
Jawahar Navodaya Vidyalaya,640002,Theog Distt Shimla Himachal Pradesh,171201,1783,238248,86139,-,sumansansui@gmail.com,-,1986,Suman Kumar,Senior Secondary,Navodaya Vidyalaya Samiti,-,Shimla
Jawahar Navodaya Vidyalaya,640003,Pandoh Mandi Distt Himachal Pradesh,175124,1905,282046,82046,-,rajratan410@gmail.com,-,1986,Raj Ratan Tiwari,Senior Secondary,Navodaya Vidyalaya Samiti,-,Mandi
Jawahar Navodaya Vidyalaya,640010,P.o.kunihar Jubla Distt. Solan Himachal Pradesh,173207,1796,"262370, 2354",86139,-,dsrawatnvs@gmail.com,-,1993,D S Rawat,Senior Secondary,Navodaya Vidyalaya Samiti,-,Solan
Jawahar Navodaya Vidyalaya,640001,Pekhubela Distt Una Himachal Pradesh,174808,1975,207297,2683934,08289-286270,anoopathakur@rediffmail.com,http://www.klesociety.g,1987,Anoopa Thakur,Senior Secondary,Navodaya Vidyalaya Samiti,-,Una
Jawahar Navodaya Vidyalaya,640006,Paprola Distt Kangra Himachal Pradesh,176115,189,242010,86139,-,sushg4300@gmail.com,-,1987,Sushma Goswami,Senior Secondary,Navodaya Vidyalaya Samiti,-,Kangra
Jaypee Public School,630271,Jaiprakash Sewa Sansthan Parisar Village And Post Office Samirpur Tehsil Taunidevi District Hamirpur Himachal Pradesh-177601,177601,-,01972275779,-,1972275752,jps.samirpur@gmail.com,http://jaypeeschools-jpssamirpur.edu.in,2018,Mrs. Preeti Arora Dubey,Secondary School,Jaiprakash Sewa Sansthan (trust) New Delhi,-,Hamirpur
Jeori Public School,630087,Vill & Po Jeori Tehsil Rampur Distt Shimla Himachal Pradesh,172101,1782,"278440, 278240",07775-278685,278606,skmishra_akr@rediffmail.com,-,1995,Mrs Anita Negi,Secondary School,Jeori Pub Sch Edu Soc,-,Shimla
Jawahar Navodaya Vidyalaya,640004,Nahan Distt Sirmour Himachal Pradesh,173001,1702,222591,86139,-,jnvsirmour@rediffmail.com,-,1987,Satyendra Singh,Senior Secondary,Navodaya Vidyalaya Samiti,-,Sirmaur
K C Public School,630184,"Vpo- Pandoga Uparla, Una Distt. Unahimanchal Pradesh",177027,1975,01975241462,-,1975241111,principalkcpspandoga@gmail.com,http://www.kcinstitutes.com,-,Mrs. Nirmla Devi,Senior Secondary,-,-,Una
K. V. International School,630181,V&po Dhusara; Teh.: Amb; Dist.: Una; Hp,174302,1976,234111,-,-,munish.sharma1975@gmail.com,http://www.kvischool.com,2011,Munish Sharma,Senior Secondary,Him Inspirations Education Society,-,Una
Kasauli International Public School,630140,Village Mando Matkandap.o. Mandodhar,173209,1792,261044,260367,01792-261042,sanjeevmainra@gmail.com,http://www.kips.edu.in,2007,Sanjeev Mainra,Senior Secondary,Narayan Dutt Thakur Gian And Charitable Trust,-,Solan
"K.Scholars Public School,Harar",630228,P.o.muhal Teh. Debra Distt.kangra,177117,91,9816922525,-,-,kscholarsps@gmail.com,-,2011,Rashma Devi,Secondary School,"Khushi Ram Memorial Trust ,harar",-,Kangra
Kendriya Vidyalaya,600007,Dalhousie At Banikhet Distt Chamba Himachal Pradesh,176303,1899,254679,70,-,durgachauhan77@gmail.com,-,1983,Durga Chauhan,Senior Secondary,Kendriya Vidyalaya Sangathan,-,Chamba
Kendriya Vidyalaya,600014,Chamera Nhpc Khairi Chamba Himachal Pradesh,176325,1899,263005,63139,-,kvno1chamera@rediffmail.com,-,1986,Dr R Prasad,Senior Secondary,Kendriya Vidyalaya Sangathan,-,Chamba
Kendriya Vidyalaya,600024,"Ghumarwin, Near Shiv Mandir, Dist, Bilaspur, Himachal Pradesh- 174 021",-,-,-,-,-,-,-,-,-,Secondary School,-,-,Bilaspur
Kendriya Vidyalaya,600018,Nadaun Distt Hamirpur Himachal Pradesh,177033,1972,233088,2570,242258,skdkvhmr@gmail.com,-,1986,Surinder Kumar Dogra,Secondary School,Kendriya Vidyalaya Sangathan,-,Hamirpur
Kendriya Vidyalaya,600006,"Bakloh Cantt, Distt Chamba, Himachal Pradesh",176301,1899,257249,59,-,kvbakloh@gmail.com,-,1982,Ram Narayan Singh,Senior Secondary,Kendriya Vidyalaya Sangathan,-,Chamba
Kendriya Vidyalaya,600025,"Saloh, Vpo- Saloh, Teh- Harolli, Distt. Una, Himachal Pradesh-177209",-,-,-,-,-,-,-,1986,-,Senior Secondary,Navodaya Vidyalaya Samiti,-,Una
Kendriya Vidyalaya,600002,Yol Cantt Kangra Himachal Pradesh,176052,1892,236167,217932,-,KVYOLCANTTHP@GMAIL.COM,-,1975,Girish Chand,Senior Secondary,Kendriya Vidyalaya Sangathan,-,Kangra
Kendriya Vidyalaya,600008,Hamirpur Himachal Pradesh,177001,1972,221621,2570,242258,pplkvhamirpur@gmail.com,-,1983,Sunil Chauhan,Senior Secondary,Kendriya Vidyalaya Sangathan,-,Hamirpur
Kendriya Vidyalaya,600005,Dharamsala Cantt Kangra Distt Himachal Pradesh,176216,1892,221414,281,-,deepssandhu1971@gmail.com,-,1981,Deepika Sandhu,Senior Secondary,Kendriya Vidyalaya Sangathan,-,Kangra
Kendriya Vidyalaya,600015,"Alhilal Cantt, P O Taragarh Distt Kangra Himachal Pradesh",176081,1894,242650,63780,-,kvalhilal@gmail.com,-,1986,Dr Mrs Sudha Sharma,Senior Secondary,Kendriya Vidyalaya Sangathan,-,Kangra
Kendriya Vidyalaya,600017,"Naleti Teh. Dehra, Distt. Kangra Himachal Pradesh",177104,1970,245088,63780,-,rajkumar_7708@rediffmail.com,-,1993,Raj Kumar,Senior Secondary,Kendriya Vidyalaya Sangathan,-,Kangra
Kendriya Vidyalaya,600003,"Holta Camp Palampur , Distt Kangra, Himachal Pradesh",176001,1894,230661,217932,-,lalitkg20@gmail.com,-,1977,Lalit Kumar,Senior Secondary,Kendriya Vidyalaya Sangathan,-,Kangra
Kendriya Vidyalaya,600019,Reckong Peo Distt Kinnur Himachal Pradesh,172107,1786,223473,2570,242258,negiraj.pgt@gmail.com,-,2003,Yog Raj,Senior Secondary,Kendriya Vidyalaya Sangathan,-,Kinnaur
Kendriya Vidyalaya,600021,Nhpc (phep) Sainj Kullu Himachal Pradesh,175134,1903,220077,21962,-,lakshminegi7@gmail.com,-,1993,Lakshmi Negi,Senior Secondary,Kendriya Vidyalaya Sangathan,-,Kullu
Kendriya Vidyalaya,600012,Khaliar Jawahar Nagar Distt. Mandi Himachal Pradesh,175001,1905,236054,23141,-,surgeeta@gmail.com,-,1986,Sangeeta Sharma,Senior Secondary,Kendriya Vidyalaya Sangathan,-,Mandi
Kendriya Vidyalaya,600011,Bhanala (shahpur) Distt. Kangra Himachal Pradesh,176206,91,9805634253,383563,-,sulakshanadogra@yahoo.in,-,1986,Sulakshana Dogra,Senior Secondary,Kendriya Vidyalaya Sangathan,-,Kangra
Kendriya Vidyalaya,600022,"Keylong. Distt. Lahaul & Spiti, Himachal Pradesh",175132,1900,222972,3001316,-,mickeyjcksu699@gmail.com,-,1987,Sunil Kumar,Senior Secondary,Kendriya Vidyalaya Sangathan,-,Lahaul & Spiti
D.A.V.M.Public School Badhal Thore,630176,V.p.o Badhal Thore,177105,1970,286136,-,-,davmbadhal@yahoo.com,http://www.davm.com,-,Mr. Som Dutt,Senior Secondary,-,-,Kangra
D.A.V.Public Sen.Sec.School Bharoli,630146,Tehsil Jawalamukhi Distt. Kangra (h.p.),176036,1970,203869,9418218955,01970-273869,principal_rana@yahoo.co.in,-,1993,Surjeet Kumar,Senior Secondary,D.a.v.college Trust & Management Society New Delhi-55,-,Kangra
Dalhousie Hill Top School,630026,"Upper Bakrota Dalhousie , Distt Chamba, Himachal Pradesh",176304,1899,240621,222261,01786-2222,dalhousiehilltopschool@gmail.com,www.hilltopschooldalhousie.com,1979,Mr.raj Kumar,Senior Secondary,Yashi Benevolent Trust,-,Chamba
Dalhousie Public School,630005,Dalhousie Himachal Pradesh,176304,1899,240615,2429,-,JATIN27IN@GMAIL.COM,-,1970,Jatinder Singh,Senior Secondary,Dps Educational Society,-,Chamba
Dashmesh Public School,630258,Po-bathu,174301,-,9816050897,-,-,dpsgurplah@gmail.com,-,2007,Mrs.dalwinder Kaur,Secondary School,Sgpc,-,Una
Dav Ambuja Vidya Niketan,630061,P O Darlaghat Teh Arki Distt Solan Himachal Pradesh,171102,1796,"248315, 46574",9418732256,2458339,principaldavambujadarlaghat@gmail.com,http://www.pcsjammu.org,1997,Mukesh Kumar,Senior Secondary,Ambuja Vidya Niketan Trust,-,Solan
Dav Centenary Public School,630076,Distt Kotkhai Shimla Himachal Pradesh,171002,1783,"255132, 255132",-,-,kotkhaidav@yahoo.com,-,1986,Ramesh Sharma,Senior Secondary,Dav Collge Trust & Mgmt Comm,-,Shimla
Dav Centenary Public School,630075,Rekong Peo Distt Kinnaur Himachal Pradesh,172107,1786,222217,222261,01786-2222,jskaith30@gmail.com,-,1986,Jai Singh Kaith,Senior Secondary,Dav College Trust & Mgmt Society,-,Kinnaur
Dav Public School,630086,Ghumarwin Distt Bilaspur Himachal Pradesh,174021,1978,255201,255497,2458339,dav_ghumarwin@yahoo.com,http://www.pcsjammu.g,2003,Vinod Sharma,Senior Secondary,Dav College Trust & Mgmt Soc,-,Bilaspur
Dav Mahatma Anand Swami Public School Totu Shimla,630231,Airport Road,171011,-,01772837277,-,-,dav_tutu_shimla@yahoo.co.in,www.davtotu.org,1994,Mrs. Jeevan Jyoti,Secondary School,Dav College Trust & Management Society New Delhi 110055,-,Shimla
Dav Public School,630123,"Mohalla Hardaspura, Distt. Chamba, Himachal Pradesh",176310,1899,01899-2224412,-,2458339,davchamba@rediffmail.com,http://www.davchamba.org,-,Mr.  Ashok Kumar Guleria,Senior Secondary,-,-,Chamba
Dav Public School,630048,Rehan Distt Kangra Teh Nurpur Himachal Pradesh,176022,1893,"250329, 251404",-,-,rasjam@gmail.com,-,1989,Rashmi Jamwal,Senior Secondary,Dav College Managing Committee N D,-,Kangra
Dav Centenary Public School,630082,Chopal Distt Shimla Himachal Pradesh,171211,178,260407,260005,01572-250785,meenanegi856@gmail.com,http://www.princeacademysikar.com,1986,Meena Negi,Secondary School,Dav College Trust And Mgmt Soc,-,Shimla
Dav Public School,630092,Nagrota Surian Teh Jawali Distt Kangra Himachal Pradesh,176027,1893,"265048, 224025",5.27E+16,-,davns2010@rediffmail.com,-,1989,Mrs. Ekta,Senior Secondary,Dav College Managing Committee,-,Kangra
Dav Public School,630020,Palampur Distt.kangra Himachal Pradesh,176061,1894,230617,01894-200755,235217,vkyadav07@rediffmail.com,-,1983,Vinay Kumar Yadav,Senior Secondary,D A V College Managing Committee,-,Kangra
Dav Public School,630074,Greoh Po Kango Ka Gehra Sarkghat  Mandi Himachal Pradesh,175024,1905,278059,01799-221121,221121,sanjeevthakur9099@gmail.com,-,1988,Sanjeev Thakur,Senior Secondary,Dav College Managing Committee,-,Mandi
Dav Public School,630093,Kumarsain Teh & Po Kumarsain Distt Shimla Himachal Pradesh,172029,1782,240120,311254,-,davksain@gmail.com,-,1992,Hamender Kumar,Secondary School,Dav College Managing Committee,-,Shimla
Dav Public School,630102,Sunder Nagar Distt Mandi Himachal Pradeh,380061,1907,"267014, 267108",1832210230,2711913,mohit_chug@yahoo.com,-,2003,Mohit Chug,Senior Secondary,Dav College Trust & Mgmt Society,-,Mandi
Dav Public School,630095,Saraswati Nagar Sawra Po Hatkoti Teh Jubbal Distt Shimla Himachal Pradesh,171206,178,"238185, 238564",01781-238564,238185,dav_saraswati_nagar@yahoo.com,-,1988,Sunil Gangta,Senior Secondary,Dav College Trust & Mgmt Soc,-,Shimla
Dav Public School,630073,"Sector 1 Parwanoo, Distt Solan, Himachal Pradesh",173220,1792,232919,32919,2458339,davpsparwanoo@gmail.com,http://www.pcsjammu.org,1989,Dr  Harneet Singh,Senior Secondary,Dav College Managment Committee,-,Solan
Dav Public School Tiara,630131,"V.p.o Tiara Teh & Distt Kangra, Himachal Pradesh",176214,1892,232315,265755,01892-232315,shekharmodgil@gmail.com,-,1988,Shekhar Moudgil,Senior Secondary,Dav College Managing Committe New Delhi,-,Kangra
Dav Sr. Sec. Public School,630041,Dehra Gopipur Distt Kangra Himachal Pradesh,177101,1970,233161,66142,2458339,davdehra@yahoo.co.in,http://www.pcsjammu.org,1986,Gk Bhatnagar,Senior Secondary,Dav College Management Trust,-,Kangra
De Montreal Convent School,630244,"V.p.o Bari.tehsil Nurpur,district Kangra",176051,1262,9805168017,1262,-,demontrealschool@gmail.com,http://www.demontrealconventschool.com,2014,Mrs.renu Bala,Secondary School,De Montreal Convent Education Society,-,Kangra
Ddm International School,630167,Gondpur Banehra(upper) Tehsil Amb Distt Una (h.p)-177213,177213,1976,268568,-,01976-268568,principalddm@gmail.com,http://www.ddminstitute.com,2008,Narender Sharma,Senior Secondary,Mahant Dwarka Dass Educational Society(regd),-,Una
Dayanand Public School,630030,The Mall Shimla Himachal Pradesh,171003,177,2653530,2652426,-,dpssml@yahoo.co.in,-,1984,Anupam,Senior Secondary,Dav College Managing Committee Delh,-,Shimla
Delhi Convent School,630214,"V.p.o-chudhrer,lower Sunhet,tehsil-dehra,kangra(h.p.)-177101",177101,-,09625007777,-,-,dcsdehra@gmail.com,http://www.dcshimachal.com,2010,Mrs.gunjan Kumari,Secondary School,Proffesors Educational & Welfare Society,-,Kangra
Delhi Public School,630067,Hadimba Road Manali Kullu Himachal Pradesh,175131,1902,9805653501,9816474242,1902252544,dpsmanali@gmail.com,www.dpsmanali.in,1988,Avindar Singh Bali,Senior Secondary,Duffdon Educational Soc,-,Kullu
Dav Public School Bsps Surangani,630007,Surangani Chamba Distt Himachal Pradesh,176317,1896,0189623204289,-,1896232301,principal_bsp@rediffmail.com,www.bspcentralschool.com,1978,Mr. Kanwar Vijay Singh,Senior Secondary,Nhpc Ltd.,-,Chamba
Delhi Public School,630050,N J P C Jhakri Rampur Bushar Distt. Shimla Himachal Pradesh,172201,1782,275293,-,-,k_damanjit@yahoo.com,-,2003,Damanjit Kaur,Senior Secondary,Little Stars Educational Trust (r),-,Shimla
Delhi World Public School,630273,"Village-kotla, Kandaghat-chail Road,p.o.-& Tehsil-kandaghat, District-solan, H.p.",173215,-,01792257000,-,-,nkmahajanfca@yahoo.com,www.dwpschail.com,2019,Mrs. Reena Panta,Senior Secondary,Shokeen Educational & Social Welfare Trust,-,Solan
Diamond International Public School,630257,"V.p.o.:- Patta, Teh.:- Bhoranj, Distt.:- Hamirpur (h.p.) 176041",176041,-,9816704611,-,-,dipscbsepatta@gmail.com,http://www.dipscbse.com,2017,Mrs. Sheetla Devi,Secondary School,Diamond Educational Society,-,Hamirpur
Dhauladhar Nirmla Devi Senior Secondary School,630170,P.o. Chalali Teh Dehra Distt Kangra (h.p.) 177103,177103,1976,255146,-,-,aryan2005school@gmail.com,-,1992,Manoj Sharma,Senior Secondary,Dhauladhar N.d. Memorial Public School Vpo Chalai At Bharwain Teh Dehra Distt Kangra (h.p),-,Kangra
Dhauladhar Public School,630272,Vill Majotu P.o Barotiwal Teh Baddi Distt Solan,174103,-,01733220749,-,-,dhauladhar700@gmail.com,dhauladharschool.in,2018,Mrs. Anita Gupta,Secondary School,Dhauladhar Edcuation Foundation,-,Solan
Divine Wisdom School,630200,Kotri Village Majra Paonta Sahib Sirmour Hp,173021,9805,9805347187,-,-,divinewisdom08@gmail.com,www.divinewisdomschool.in,2011,Mrs. Minakshi Malhotra,Senior Secondary,Lala Atma Ram Memorial Society,-,Sirmaur
Doon Valley International School,630100,"Cci Limited Rajban, Paonta Sahib, Distt Sirmour, Himachal Pradesh",173028,1704,"266169, 266170",9719239501,-,dvis3d@gmail.com,-,2004,Manish Gupta,Senior Secondary,Doon Valley International Edu Soc,-,Sirmaur
Doon Valley Public School,630080,Peerthan Nalagarh Distt Solan Himachal Pradesh,174101,1795,"01795-221388, 221399",-,01795-221399,dvps@dvpsnalagarh.com,http://www.dvpsnalagarh.com,-,Mrs. Devendera Mahal,Senior Secondary,-,-,Solan
Doon Valley School,630078,"Pt Shivanand Ramaul Complex F Education & Culture Bhattanwali Paonta Sahib, Distt Sirmour, Himachal Pradesh",173025,1704,9218413742,223517,-,spandey2866@gmail.com,http://tea.g.in,1995,Shivani Pandey,Senior Secondary,Doon Valley Soc F Edu Culture,-,Sirmaur
Dr Devi Chand D A V Public School,630047,Mohal Distt Kullu Himachal Pradesh,175126,1902,260535,01905-260699,01902-2601,sanashu23@gmail.com,-,1972,Anshu Sood,Senior Secondary,Dav College Managing Committee N Delhi,-,Kullu
Dunsston Public School Takarla,630371,Vpo Takarla Teh Amb Distt Una,177211,-,01976233104,-,-,atulrajsharma82@gmail.com,-,2011,Mr. Atul Sharma,Secondary School,Dunsston Educational Society,-,Una
Dy Patil International School,630274,"Dy Patil International School 53 Mile , Thanpuri Chowk, Nagrota Bagwan (h.p.)",176056,-,01892298102,-,-,managingdirectordypiskangra@gmail.com,www.dypiskangra.in,2019,Mrs. Radhika Nair,Secondary School,Pt.balwant Rai Education Society,-,Kangra
Durga Public School,630118,Barog Bye Passp.o. Barog Railway Stationsolan (hp)173211,173211,1792,227641,2043,-,sksharmadps@gmail.com,www.dpssolan.org,2001,Santosh Kumar,Senior Secondary,D.p.s. Educational & Charitable Trust,-,Solan
Eicher School,630056,"Kalka Shimla Road Sector-6 Parwanoo, Distt Solan, Himachal Pradesh",173220,1792,"9459493393, 33120",1792233393,-,deepaksingi@hotmail.com,http://www.eschool.com,1993,Deepak Singi,Senior Secondary,Smt Shanti Devi Edu Scoeity,-,Solan
Eklavya Model Residential School,620001,Nichar Distt Kannaur H P,172103,1786,200365,223342,-,vipans@rocketmail.com,www.emrskinnaur.org,1986,Vipan K Sharma,Senior Secondary,Hainault Educational Society,-,Kinnaur
Eklavya Model Residential School Lahaul,620002,Vpo Kukumseri Tehsil Udaipur Distt Lahaul-spiti (hp) 175142,175142,-,8219145571,-,-,principalemrslahul@gmail.com,hpemrs.n,2019,Mr. Desh Raj,Senior Secondary,Hp Emrs Management Society (regd) Shimla Hp,-,Lahaul & Spiti
Eklavya Model Residential School Pangi,620003,Vpo Killar Tehsil Pangi District Chamba (hp),176323,-,9418167803,-,-,principalemrskillar@gmail.com,hpemrs.in,2019,Mr. Rajiv Kumar,Senior Secondary,Hp Emrs Management Society (regd.) Shimla,-,Chamba
"Eklavya Model Residential School, Bharmour",620004,"Vpo - Khani, Tehsil -bharmour District - Chamba (hp)",176309,-,7807249855,-,-,principalemrsbharmour@gmail.com,hpemrs.in,2019,Mr. Vipan K. Sharma,Senior Secondary,Hp Emrs Management Society (regd.) Shimla,-,Chamba
Florence Convent School,630150,"Village Godhon Thari, P.o. Subathu, Distt. Solan, H.p.-173206",173206,1792,275268,265955,-,upasnavashishta@gmail.com,-,1996,Upasana Vashishtha,Senior Secondary,Delhi Public School Society,-,Solan
G A V Public School,630025,Kangra Himachal Pradesh,176001,1892,265285,-,1892263602,gav6325@yahoo.co.in,http://www.gavpsk.org,1987,Sushil Kant Chadha,Senior Secondary,Gav Public School Managing Committe,-,Kangra
"G. D. Goenka Public School, Dhagwar, Dharamshala",630254,"Village Passu, Po Dhagwar, Teh. Dharamshala, Dist. Kangra (hp)",176057,-,07807827001,-,-,gdgoenkadharamshala@gmail.com,http://www.gdgoenkadharamshala.com,2016,Mrs. Priyanka Tank,Secondary School,Sparsh Education Society,-,Kangra
Galaxy Public School,630105,Railway Road Nagrota Surian Tehsil Jawali Distt Kangra Hp,176027,1893,235393,265077,-,drgulshank@gmail.com,-,1982,Mr.anurag Sharma,Senior Secondary,Galaxy International Edu & Res Foun,-,Kangra
Gayatri Public School,630263,"Ved Nagar  Jarehr P.o.suan,tehsil Jaisinghpur,distt.kangra,h.p.",176094,-,01894250300,-,-,gpsvednagar@gmail.com,www.gayatripublicschool.org,2005,Mrs. Vandana,Secondary School,Gayati Devi Memorial Charitable Trust,-,Kangra
Genius International Public School,630109,Nerchowk Distt Mandi Himachal Pradesh,175008,1905,243239,248139,-,soailrajesh@yahoo.co.in,-,2001,Rajesh Soail,Senior Secondary,Abhilashi Educational Soceity,-,Mandi
Golden Valley Public School,630217,"H.b., Phase Ii, Chakkan Road,",173205,1795,9882702927,-,-,rupinder_in@yahoo.in,http://www.gvpsbaddi.com,2012,Rupinder Kaur Kang,Secondary School,Maa Saraswati Educational Trust Baddi,-,Solan
Govt. Bsl Sr Sec School,620101,"Pandoh, Distt Mandi",175124,1905,282064,28710,-,vijaydania1961@gmail.com,-,1981,Vijay Kumar Dania,Senior Secondary,Director Of Sikkim,-,Mandi
Govt. Bsl Sr Sec School,620102,"Sunder Nagar, Distt Mandi",174402,1907,262249,28710,-,govtbslschool.snr1@gmail.com,-,1981,Asha  Kundal,Senior Secondary,Director Of Sikkim,-,Mandi
Govt. Bsl Sr Sec School,620103,"Slapper, Distt Mandi",174402,1907,286645,28710,-,govt.bslsch.2009@gmail.com,-,1981,Anil Kumar Sharma,Senior Secondary,Director Of Sikkim,-,Mandi
Green Land Public School,630132,"Kandori Road, Surajpur, Damtal, Tehsil Indora, Distt. Kangra (himachal Pradesh)",176403,1893,209556,244345,545985,gpshp.net@rediffmail.com,http://www.jbnss.org,1978,Anumeet Kaur,Secondary School,Green Land Educational Society,-,Kangra
Green Apple Public School,630281,"# 84 To 86 Village Billanwali, Basanti Bagh, Baddi, Distt Solan",173205,-,9218550165,-,-,greenapplebaddi@yahoo.com,www.greenappleedu.com,2013,Mrs. Navjeet Kaur Virk,Secondary School,Learning Tree Educational Society,-,Solan
Green Field Senior Secondary School,630121,"V.p.o. Chahri Nagrota Bagwan, Distt Kangra, Himachal Pradesh",176047,1892,253979,2043,-,greenfieldnagrota@yahoo.co.in,-,1998,Sudhanshu Sharma,Senior Secondary,Arrya Educational Society Differpat (palampur),-,Kangra
Green Valley Public School Jahu,630234,Vpo Jahu,176048,-,01972250067,-,-,gvpsjahu89@rediffmail.com,http://www.greenvalley89.com,1989,Mrs.usha Sharma,Secondary School,Green Valley School Society Jahu,-,Hamirpur
