Air Fce School,780010,Udhampur 39 Wing Af C/o 56 Apo Jammu & Kashmir,184142,-,4328,-,-,-,-,1977,Ms Usha Koul,Secondary School,Air Fce School Mgt. Committee,-,Udhampur
Air Fce School,780006,Air Fce Station P O Satwari   Jammu Cantt Jammu Jammu & Kashmir,180003,6344,626929,626930,-,arschool@nde.vsnl.net.in,www.afsjammu.com,1971,Dr B R Gupta,Senior Secondary,Army Welfare Education Society,-,Jammu
Army Goodwill Public School,780020,Rajouri J & K,181202,-,-,-,-,-,-,2001,-,Senior Secondary,Awes,-,Rajouri
Army Goodwill Public School Pahalgam,730053,P/O Batakote Via Seer Kanily Gund Anantnag,192129,1392,01936-211900,01392-295300,01936-211900,king_ha14@yahoo.com,-,2008,Anurag Das,Senior Secondary,Army Goodwill Educational Society Pahalgam,-,Anantnag
Army Goodwill Public School Pahalgam,780021,P/o Batakote Via Seer Kanily Gund Anantnag,192129,1396,211900,295300,01936-211900,king_ha14@yahoo.com,-,2001,Ramesha M L,Senior Secondary,Army Welfare Edu Society,-,Anantnag
"Army Goodwill School, Wayne",780022,"Po-halmatpa, Kupwara, Jammu & Kashmir-193222",193222,1396,01955216326,-,1955216326,agswayne@yahoo.com,-,2002,Javid Ahmad Wani,Senior Secondary,-,-,Kupwara
Army Public School,730006,Sainik Colony Ratnuchak P.o. Jammu Jammu & Kashmir,180011,-,08257-271533,-,08257-271533,jgps_bellare@rediffmail.com,-,-,Mrs. Vijay Puri,Senior Secondary,Army Board,-,Jammu
Army Public School,780005,Sainik Colony Ratnuchak P.o. Jammu Jammu & Kashmir,180011,-,2203,8257271533,08257-271533,jgps_bellare@rediffmail.com,-,1981,Mrs. Vijay Puri,Senior Secondary,Kendriya Vidyalaya Sangathan,-,Jammu
Army Public School,780011,Kaluchak P O Gangyal Jammu Jammu & Kashmir,180010,1923,242383,1912482443,2654024,apskaluchak@gmail.com,www.apskaluchak.com,1978,Mrs. Hem Lata Vishen,Senior Secondary,Awes,-,Jammu
Army Public School,780016,B D Bari Tehsil Samba Distt Jammu Jammu & Kashmir,181133,-,19232112,9419248070,-,apsbdbari@gmail.com,www.apsbdbari.g,1993,Mrs . Neeta Rawal,Senior Secondary,Army Welfare Education Society (awes),-,Jammu
Army Public School,780013,Damana (muthi) Jammu J & K,181205,1923,242383,-,2654024,armyschooldamana1@rediffmail.com,http://www.dpssurat.net,1992,Dr Renu Gupta,Senior Secondary,Army Welfare Society,-,Jammu
Army Public School,780015,Samba Distt Jammu Jammu Kashmir,184121,1923,242383,-,2654024,apssamba@gmail.com,http://www.apssamba.co.in,1997,Mr. Arjun Singh,Senior Secondary,Army Welfare Education Society,-,Jammu
Army Public School,780019,Rakhmuthi Jammu Jammu & Kashmir,-,191,242863,-,2458339,rrlj@nde.vsnl.net.in,http://www.pcsjammu.g,1997,Mrs Satnam Kaur,Senior Secondary,Awes,-,Jammu
Army Public School,780012,Akhno Jammu & Kashmir,180010,1924,253224,1912455903,253224,asakhno1@rediffmail.com,-,1974,Mr K C S Mehta,Senior Secondary,Army Welfare Society,-,Jammu
Army Public School,780007,Opp War Memial Hall Satwari    Near Peer Baba Jammu Cantt Jammu & Kashmir,180003,6344,46245,626930,-,asjammucantt@rediffmail.com,-,1984,Mrs Archana Kakar,Senior Secondary,Hq 26 Infantry Division,-,Jammu
Army Public School,780008,Janglot Po Distt. Kathua Jammu & Kashmir,184101,1334,211339,9411178474,-,janglotarmyschool@rediffmail.com,-,1991,Sh B L Bamezai,Senior Secondary,Army Welfare Education Society,-,Kathua
Army Public School,780014,Maralia Miran Sahib Jammu & Kashmir,181101,191,3154,48,2458339,saagrika@nde.vsnl.net.in,http://www.pcsjammu.g,1991,Jasbir Kaur,Senior Secondary,Guru Nanak Public School Society,-,Jammu
Army Public School,780003,B B Cantt Srinagar Jammu & Kashmir,190004,194,2468224,-,-,apssrinagar@yahoo.com,-,1981,Mrs Upasna Gautam,Senior Secondary,J And K State,-,Srinagar
Army Public School,780017,Dhar Road Udhampur Jammu & Kashmir,182102,1992,244352,3270,-,armyschooldharroad@yahoo.in,-,1978,Dr. Jyoti Bedyal,Secondary School,Army Welfare Society,-,Udhampur
Army Public School,780009,Nagrota - Jammur Jammu & Kashmir,181221,1334,211339,-,-,apsnagrota@gmail.com,www.apsnagrota.in,1984,Mrs. Ruchi Bahl,Senior Secondary,Army Welfare Education Society,-,Jammu
Army Public School,780002,P.o. P T C Udhampur Jammu & Kashmir,182104,-,6146,-,-,aps_udhampur@rediffmail.com,-,1980,K T Karmachandaran,Senior Secondary,Awes Army Hq New Delhi,-,Udhampur
"Army Public School, Sunjuwan, Jammu",780023,C/o 36 Infantry Brigade (pin-908036) C/o 56 Apo,180010,1923,"1912463889,2209",3273535,-,col.ds.jasrotia@gmail.com,-,1972,Beenu Seth,Secondary School,Army Welfare Edn. Society.,-,Jammu
B S F Sr Sec School,780024,Palaura Camp Jammu Jammu & Kashmir,181124,-,43894,-,-,-,-,2001,Dr. S.s. Khokhar,Senior Secondary,Awes,-,Jammu
Banyan International School,730058,"Jeevan Nagar Road,babliana,p.o:-gadigarh,jammu(j&k)",181101,-,9086093551,-,0191-2432900,principal@banyaninternationalschool.edu.in,-,2008,Ramesh  T R,Senior Secondary,Shurya Educational Institute/society,-,Jammu
Bhargava Public School,730073,"Badheri, Supwal",184121,192,3219445,-,19232436169,vivekarora1122@gmail.com,http://www.bhargavapublicschool.org,2008,Vivek Arora,Senior Secondary,Rattna Devi Gopal Das Memorial Trust,-,Jammu
Bhartiya Vidya Mandir,730075,Ved Mandir Ambhalla Jammu,180005,191,2566474,-,-,rajmarhatta@gmail.com,-,2001,Rakesh Marhatta,Senior Secondary,Bhariya Shiksha Samiti (j&k),-,Jammu
Birla Open Minds International School,730050,"Nh-1a, Channi, Distt. Jammu, Jammu & Kashmir",180011,191,2464034,01765-256155,0191-2460010,jpworldschool@gmail.com,http://www.jpworldschool.org,2005,Jitinder Singh,Senior Secondary,Choudhary Charitable Trust,-,Jammu
British International School,730097,Sainik Colony Sector D,180011,-,01912468707,-,2468953,bisjmu123@gmail.com,http://www.bisjmu.com,2016,Mrs.gita Sharma,Secondary School,New Modern Education Society,-,Jammu
Carmel Convent School,730203,Kunjwani By-passgangyal P.o,180010,-,01912480717,-,-,contact@carmeljammu.com,www.carmeljammu.com,1995,Miss Sr. Maria Swati,Secondary School,Diocese Of Jammu -srinagar Education Society,-,Jammu
Christ High School Nowshera,730107,Ward No 6nowshera,185151,-,011960230018,-,-,sujithcmi@gmail.com,http://christnowshera.in/,1995,Mr. Sujith Mathew,Secondary School,Manava Seva Society,-,Rajouri
Cybernetics Secondary School,730033,Arjun Vihar Junjwani Jammu Jammu & Kashmir,171001,191,"2480099, 2482958",3273535,2654024,jhaschool_surat@yahoo.com,http://www.dpssurat.net,1994,Sh B L Kaul,Secondary School,N K Foundation Educational Trust,-,Jammu
D.S. Heritage Scholars School,730051,"Near Barwal Morh ( National Highway Nh-1a ) , Kathua , Jammu & Kashmir",184143,1922,205461,-,-,heritagiansmailbox_principal@rediffmail.com,http://www.heritagess.com,2007,Mr. Surajit Saha,Senior Secondary,Modern Educational Society,-,Kathua
Delhi Public School,730074,"Delina, Baramulla",193103,511,"01942300110,01952263555",9.48E+19,-,principaldpsbaramulla@gmail.com,http://www.dpsbaramulla.net,2009,Mr.shiva Kumar Jha,Senior Secondary,Itfaq Educational Trust,-,Baramulla
Delhi Public School,730025,Maharaja Hari Singh Marg Jammu Jammu & Kashmir,180001,191,"2570480, 570481",0751-4033202,-,ruchildin@gmail.com,-,1998,Ruchi Chabra,Senior Secondary,Delhi Pub School Society,-,Jammu
Delhi Public School,730045,"P.o.muradpur, Distt Rajouri, Jammu & Kashmir",185131,-,389340,-,-,-,-,1992,-,Senior Secondary,Balaji Venkateshwara Edu Society,-,Rajouri
Delhi Public School,730029,Athwajan Bye Pass Chowk Srinagar Jammu & Kashmir,190004,194,"2467550, 2467550",2477171,0194-24678,principal@dpssrinagar.com,-,1992,Kusam Warikoo,Senior Secondary,"Dps Soc, Delhi",-,Srinagar
"Delhi Public School ,Kathua",730060,Raj Bagh Educational Trust- Kathua,184143,1922,206133,-,-,nimmimahna@gmail.com,-,2010,Nirmal Mahna,Senior Secondary,"Delhi Public School Society,new Delhi",-,Kathua
Delhi Public School Budgam,730059,"Sheikhpura - 191111, Tehsil And District Budgam",191111,1955,"255009,8491066496",-,8491066496,mehfooz.aslam@dpsbudgam.com,http://www.dpsbudgam.com,2008,Ms.shobhna Sirohi,Senior Secondary,Society For Promotion Of Culture And Education Trust,-,Budgam
Ayesha Ali Academy,730109,"Ayesha Ali Academy, Kanipora, Kulgam",192231,-,9005607788,-,-,principal@aa.academy,www.aa.academy,2019,Mr. Mohit Mark,Senior Secondary,Ayesha Ali Padder Foundation,-,Kulgam
Delhi Public School Anantnag,730048,"Nh-1a, Sangam Bijbehara Anantnag (j&k)",192124,79,"01932-234510, 9906609999",27488215,01932-234513,dixitoasis@gmail.com,-,2006,Dr Shashikant Dixit,Senior Secondary,Mars Educational Trust,-,Anantnag
Cambridge International School,730202,"Purkhoo Camp, Domana, Jammu",181206,-,01912604700,-,-,cambinterschool@gmail.com,http://www.cambridgejammu.com,2019,Mr. Vivek Arora,Secondary School,Chander Bhaga Educational Trust,-,Jammu
D. A. V. Collegiate School,730083,"Jammu - Lakhanpur, Lachhipur More, Kathua J&k",184104,1922,7889564605,-,-,davcollegiate@gmail.com,www.davkathua.com,2006,Mrs. Meenakshi,Senior Secondary,D.a.v Educational Charitable Trust,-,Kathua
Brahmrishi Bawra Shanti Vidyapeeth,730070,"Dina Nagar , Dhar Road, Udhampur, J&k",182101,1992,271080,-,1992275455,s.kotwal007@gmail.com,-,1994,Shakuntla Kotwal,Senior Secondary,Vishva Shiksha Niketan (pinjore),-,Udhampur
Delhi Public School,730054,"Manali Road, Choglamsar, Near Itbp, Leh Ladakh, Jammu & Kashmir-194101",194101,-,01982-255458,-,01982-255458,dpsleh@yahoo.com,-,2004,Renu Kapur,Senior Secondary,Maharaja Hari Singh Social And Education,-,Leh
"Delhi Public School Nagbani, Jammu - (West)",730095,-,181206,-,0191-2642873,-,0191-2642872,dpsnagbani@gmail.com,http://www.dpsnagbani.com,2016,-,Secondary School,Maharaja Hari Singh Social & Education Foundation,-,Jammu
"Delhi Public School, Smvdu -Katra",730052,"Smvdu-kakriyal, (katra)",182320,1991,01991285725,-,1991285725,dpskatra@yahoo.com,www.dpskatra.in,2005,Mrs. Vandana Sharma,Senior Secondary,Maharaja Hari Singh Social & Education Foundation,-,Udhampur
"Delhi Public School, Udhampur",730061,"Udhampurnew Bye Pass Road, Rathian, Udhampur -182101",182101,1992,250386,-,01992-250386,dpsudhampur@rediffmail.com,http://www.dpsfamily.org,2008,Yogeshwari Rathore,Senior Secondary,Raj Rani Memorial Trust,-,Udhampur
"Dewan Badrinath Vidya Mandir, Amarvilla",730078,"155, Garden Avenue Talab Tillo P.o.: Vinyak Bazar",180016,191,2554200,-,-,principal.av@dbntrust.in,http://www.dbntrust.com,1963,Praveena Jha,Senior Secondary,Shrimati Dewanini V Badrinath Educational Trust,-,Jammu
Doon International School,730087,Chowadhi,180011,80,"01912104050, 2104051",-,-,info@disjammu.com,http://www.disjammu.com,2015,Mrs.vikesh Kaur,Senior Secondary,National Educational Trust,-,Jammu
Doon International School,730082,"Hokarsar Hmt,srinagar",190012,194,9103155601,-,-,dooninternationalschoolsgr@gmail.com,http://www.doonsrinagar.com,2014,Dr. M. Ramachandran,Senior Secondary,Akbar Educational Trust,-,Srinagar
G.D Goenka Public School Srinagar,730090,Umer Colony Sadarbal,190006,-,9070333490,-,9070103030,principal@gdgoenkasrinagar.com,http://www.gdgoenkasrinagar.com,2015,Mr. Johnson.p.j,Senior Secondary,Al- Habib Educational Trust,-,Srinagar
G. D. Goenka Public School,730055,"Opp. Nagbani Panchayat Ghar, Gajansoo, Marh Road Jammu",181206,191,"2642990,9469214182",2602563152,1912642218,principal@gdgoenkajammu.org,http://www.gdgoenkajammu.org,2008,Mr. Arindam Roy Choudhury,Senior Secondary,Om Parkash Bansal Charitable Trust (regd),-,Jammu
Galaxy Public School,730088,"Sec: E (extn.), Sainik Colony, Jammu",180011,40,01912468452,-,1812468270,binoda@yahoo.com,www.galaxyschooljammu.com,2015,Mrs. Jaspreet Kaur,Secondary School,Glaxy Education Trust,-,Jammu
Heritage School,730040,Chowadi Naga Sector D Sainik Colony Jammu J & K,180011,91,9086767666,-,-,jagachem@rediffmail.com,-,1979,Jagadish Singh Dhami,Senior Secondary,Ladakh Public School Leh,-,Jammu
"Indian Public School(Kidzee), National Highway, Kathua",730080,"Near National Highway, Kathua",184104,-,9419150939,-,1922235503,ipskathuaprincipal@gmail.com,http://ipskathua.org/,2007,Mrs. Charu Andotra,Senior Secondary,Dogra Cultural And Educational Trust,-,Kathua
Holy Presentation Convent School Nh Rajbagh Kathua,730105,Lbs College Complex,184143,-,01922231001,-,1922231001,hpcsrajbagh@gmail.com,-,2013,Mrs.hanna Bharti,Secondary School,Lal Bhadur Shastri Educational Trust,-,Kathua
International Delhi Public School,730089,"Lions Club Lane, Hatli Morh, Kathua,jammu & Kashmir-184102",184102,3454,9622370070,-,-,pathways.international.school@gmail.com,-,2015,Missrashim Kapoor,Secondary School,Sri Sri Parmahansa Yogananda Educational Trust,-,Kathua
International Daily Rising School,730200,"Chowadi, Sainik Colony, Jammu",180011,-,9419131290,-,9419131290,idrsschool@gmail.com,http://www.idrsedu.com,2019,Dr. Atul Hans,Secondary School,Daily Rising Sun Charitable Trust,-,Jammu
International Delhi Public School,730102,"Near Matador Stand , Sunjwan, Jammu",180011,-,09419197283,-,-,adm.idpsjmu@gmail.com,www.idpsjammu.com,2018,Mrs. Randeep Wazir,Senior Secondary,Sai Kripa Educational Trust,-,Jammu
International Delhi Public School,730066,"Gurha Brahamna, Ankhnoor Jammu & Kashmir",181201,192,01924-254911,-,01924-254911,dcmpschoolakhnoor@gmail.com,http://www.dcmpublicschool.com,2008,Mrs.rama Jamwal,Senior Secondary,"Pt Dharam Chand Memorial Educational Society, Teh. Akhnoor, Jammu",-,Jammu
J K Public School,730019,Kunjwani Jammu Jammu & Kashmir,180010,191,2480070,-,-,jkpublicschool@gmail.com,-,1992,Vandana Sharma,Senior Secondary,Jk Educational Society,-,Jammu
J & K Sainik School,780004,"Manasbal P O Safapora , Ganderbal, Distt Kargil Jammu & Kashmir",193504,191,46,48,2458339,rrlj@nde.vsnl.net.in,http://www.pcsjammu.org,1980,Masood-Ul- Hassan-Qureshi,Senior Secondary,J & K Sainik School Society,-,Kargil
J.K.Public School,730086,"P.o. Lacchipur, Barwal Morh, Kathua",184104,1922,01922-264007,-,-,jkpskathua@gmail.com,http://www.jkpskathua.com,2014,Mr. Anil Pathania,Senior Secondary,"Ashoka Educational Training & Research Institute, Krishna Nagar Jammu",-,Kathua
"J&k Police Public School, Miran Sahib, Jammu",730093,"Miran Sahib, Jammu Jammu & Kashmir , 181101",181101,-,01923264926,-,1923264530,jkpps.jammu@nic.in,www.jkpolicepublicschool.com,1976,Mrs. Renuka Guleria,Senior Secondary,Jammu And Kashmir Police Wives Welfare Association (j&k Police Parivar),-,Jammu
"J&k Police Public School, Bemina, Srinagar",730094,"Jammu & Kashmir ,srinagar",-,19000,01942493753,9018261781,-,majid9091@gmail.com,-,-,Mr. Tazim Wahidi,Senior Secondary,-,-,Srinagar
"Jammu Sanskriti School,Kathua",730084,"Nh-1a,behind Bharat College Of Education, Hatli Morh,kathua",184102,-,01922207270,-,1922207271,jammusanskritikth@gmail.com,http://www.jammusanskritischoolkth.com,2015,Mrs. Shuchita Gupta,Senior Secondary,Taran Educational Trust,-,Kathua
Jammu Sanskriti School,730065,"Ismailpur Kothey, Near Sehora, Jammu",181132,-,7298508029,-,01923-266009,rohiniaimajmps@gmail.com,-,2009,Rohini Aima,Senior Secondary,Taran Educational Trust,-,Jammu
Jawahar Navodaya  Vidyalaya,740002,Shahkote Po Pringal (teh Uri) Baramulla Distt Tehvri Jammu & Kashmir,193122,195,210671,37,-,mahen312004@gmail.com,www.jnvbaramulla.in,1986,Mahindra Barasiwal,Senior Secondary,Navodaya Vidyalaya Samiti,-,Baramulla
Jawahar Navodaya Vidyalaya,740016,"Mirhama, Distt. Kulgam, J & K",192231,1931,260077,2437764,-,ASHRAFWANI45@GMAIL.COM,-,1988,Mohammad Ashraf Wani,Secondary School,Navodaya Vidyalaya Samiti,-,Anantnag
Jawahar Navodaya Vidyalaya,740011,Aishmuqam Distt Anantnag Jammu & Kashmir,192129,1936,210514,9419212359,-,dr.ekramsiddiqui@gmail.com,-,1988,Ekramuddeen,Senior Secondary,Navodaya Vidyalaya Samiti,-,Anantnag
Jawahar Navodaya Vidyalaya,740007,Khanpora Distt Budgam Jammu & Kashmir,191111,1951,255540,9622208680,-,ajaydia@rediffmail.com,-,1987,Ajay Kumar Limal,Senior Secondary,Navodaya Vidyalaya Samiti,-,Budgam
Jawahar Navodaya Vidyalaya,740006,Arnora (ghat) Distt Doda Jammu & Kashmir,182202,199,6210951,9622208680,-,arvindk13@gmail.com,-,1986,Arvind Kumar,Senior Secondary,Navodaya Vidyalaya Samiti,-,Doda
Jawahar Navodaya Vidyalaya,740017,"Mari, Distt. Reasi, J & K",182311,1991,201598,9797450020,-,ksjasrotia1965@gmail.com,-,1988,Kulbhushan Singh,Senior Secondary,Navodaya Vidyalaya Samiti,-,Udhampur
Jawahar Navodaya Vidyalaya,740015,"Vpo Gharota, Distt Jammu, J&k-181122",181122,191,2624919,9419229282,-,sharmababuanil59@gmail.com,-,1988,Anil Babu Sharma,Senior Secondary,Navodaya Vidyalaya Samiti,-,Jammu
Jawahar Navodaya Vidyalaya,740010,N U D  P W D Rental Housing Colony Samba Distt Jammu Jammu & Kashmir,184121,1923,219097,9419212359,-,jnv_nud_samba@yahoo.com,-,1987,Sukhraj Kaur,Senior Secondary,Navodaya Vidyalaya Samiti,-,Jammu
Jawahar Navodaya Vidyalaya,740008,Basohli Distt. Kathua Jammu & Kashmir,184201,192,1251670,9622208680,-,snbhagat1963@gmail.com,-,1987,Som Nath,Senior Secondary,Navodaya Vidyalaya Samiti,-,Kathua
Jawahar Navodaya Vidyalaya,740012,Lalab Putushai Kupwara Jammu & Kashmir,193223,195,00000000000,9419212359,-,jnvkup@yahoo.in,-,1982,Mps Solanki,Senior Secondary,Navodaya Vidyalaya Samiti,-,Kupwara
Jawahar Navodaya Vidyalaya,740009,Surankot Distt. Poonch Jammu & Kashmir,185121,1965,230084,7076,-,jnvsurankote1986@gmail.com,-,1987,Zaffar Iqbal Qureshi,Senior Secondary,N.v.s.,-,Poonch
Jawahar Navodaya Vidyalaya,740003,Leh Ladakh Jammu & Kashmir,194101,5263,2536,536,-,-,-,1986,Mr V S Sharma,Senior Secondary,Navodaya Vidyalaya Samiti,-,Leh
Jawahar Navodaya Vidyalaya,740001,Aglar Pulwama Jammu & Kashmir,192305,193,264566,37,-,a.hamidjnvt@gmail.com,-,1986,Abdul Hamid,Senior Secondary,Navodaya Vidyalaya Samiti,-,Pulwama
Jawahar Navodaya Vidyalaya,740005,Kotranka Distt Rajouri Jammu & Kashmir,185136,8656,0000000,9622208680,-,mramkesh564@gmail.com,-,1987,Ramkesh Meena,Senior Secondary,Navodaya Vidyalaya Samiti,-,Rajouri
Jawahar Navodaya Vidyalaya,740014,Gander Bal Distt. Srinagar Hatabara Jammu & Kashmir,192101,194,2102039,2437764,-,zahoor010@gmail.com,-,1988,Zahoor Ahmed Bhat,Senior Secondary,Navodaya Vidyalaya Samiti,-,Srinagar
Jawahar Navodaya Vidyalaya,740004,Rakh Jaganoo Distt Udhampur Jammu & Kashmir,182124,199,2244437,86139,-,ashokkumar21031961@gmail.com,-,1986,Ashok Kumar,Senior Secondary,Navodaya Vidyalaya Samiti,-,Udhampur
Jawahar Navodaya Vidyalaya Kishtwar,740100,"Jawahar Navodaya Vidyalaya, N.h.p.c Colony Shalimar, City & Distt. Kishtwar (j&k)-182204",182204,-,01995261455,-,-,jnvkishtwar@gmail.com,www.jnvkishtwar.in,2018,Mr. Roshan Lal,Secondary School,Ministry Of Human Resource Development,-,Kishtwar
Jawahar Navodaya Vidyalaya Nardi Bala (Akhno),740018,"Nardi Bala, Akhno, Jammu-ii, Jammu & Kashmir-181201akhno,jammu & Kashmir ,jammu,181201",-,-,-,-,-,-,-,-,-,Secondary School,-,-,Jammu
"Jawahar Navodaya Vidyalaya, Distt. Ramban J&k",740020,"Jawahar Navodaya Vidyalaya, Ward No. 03, Batote, District- Ramban, J&k - 182143",182143,1476,9149886280,-,-,jnvramban@gmail.com,https://navodaya.gov.in/nvs/nvs-school/ramban/en/h,2019,Mr. Aman Chand,Secondary School,Navodaya Vidyalaya Samiti,-,Ramban
Jawahar Navodaya Vidyalaya Sankoo,740013,Kargil V P O Sankoo Teh &Distt Kargil Jammu & Kashmir,194105,1667,2342,2395,-,-,-,1988,Kaneez Fatima,Senior Secondary,Nvs,-,Kargil
Jodha Mal Public School,730038,"Channi Himmat, Jammu Bye Pass Road Jammu (j&k)",180011,191,2466092,-,-,principaljodhamal@gmail.com,-,1979,Mr.deep Khare,Senior Secondary,Sanskar Bharti Trust,-,Jammu
K C International School,730043,Akhnoor Road Paloura Jammu J & K,180002,191,"2506230, 2506230",-,-,principal.kcinternationalschool@gmail.com,-,2006,Maya Mishra,Senior Secondary,Balaji Venkateshwara Edu Society,-,Jammu
K C Gurukul Public School,730049,"Jakhar , Udhampur",185203,199,9622922177,550909,0191-2548754,omsaisagar909@gmail.com,http://www.yahoo.com,2004,Sagar Banerjee,Senior Secondary,K C Gurukul,-,Udhampur
Jnv Pulwama,740019,Village Nownagri Tahab,192301,-,6005388983,-,-,jnvpulwama2020@gmail.com,www.jnvpulwama.org.in,2019,Mr. Mohammed Akram Ganiee,Secondary School,Nvs,-,Pulwama
"Kc Gurukul Public School Paloura, Jammu",730056,Kc Gurukul Public School Ho 1b.c. Road Jammu,180002,191,2501509,-,-,kcgurukuljmu@gmail.com,-,2004,Miss Mamta Sharma,Senior Secondary,Kc Gurukul,-,Jammu
K C Public School,730026,Akhnoor Road Jammu Jammu & Kashmir,181205,191,01912552204,-,161281634,principal@kcpublicschool.org,www.kcpublicschool.org,1997,Mr. Amarendra Kumar Mishra,Senior Secondary,K.c. Educational Society,-,Jammu
Kartar Public School,730064,"Nh-1a, Barnoti, Distt Kathua, Jammu & Kashmir",184341,1922,231039,-,01922-231039,kpskathua@yahoo.com,-,2009,Manjula Dogra,Senior Secondary,Kartar Educational Trust,-,Kathua
Kendriya Vidyalaya,700027,Brakpara Anantnag Jammu & Kashmir,192101,193,214489,276,-,kv_ang@rediffmail.com,-,1986,Shyam Lal Yadav,Secondary School,Kendriya Vidyalaya Sangathan,-,Anantnag
Kendriya Vidyalaya,700032,Pahalgam Distt Anantanag J&k,192126,193,243156,276,-,brkishorkv@gmail.com,-,1986,B R Kishor,Secondary School,Kendriya Vidyalaya Sangathan,-,Anantnag
Kendriya Vidyalaya,700025,Nhpc Gingal (uri) Po Mohra Baramulla Jammu & Kashmir,193122,1956,253224,3736496,2580425,sstakkar1957@gmail.com,-,1986,Sardar Singh Takkar,Senior Secondary,K V S,-,Baramulla
Kendriya Vidyalaya,700033,"Gulmarg, (at Tangmarg), Distt. Baramulla, J & K",193402,1954,211687,3001316,-,saitours@satyam.net.in,-,1986,Sh Amit Raizada,Secondary School,Kendriya Vidyalaya Sangathan,-,Baramulla
Kendriya Vidyalaya,700013,Border Security Force Bandipur Baramulla Distt Jammu & Kashmir,193502,1957,225540,BSF 4,-,bandipurkv@gmail.com,-,1981,K K Kherra,Secondary School,Kendriya Vidyalaya Sangathan,-,Baramulla
Kendriya Vidyalaya,700036,"Aminoo, Kulgam Jammu & Kashmir",400088,1931,260104,8491013662,-,kdeep0195@gmail.com,-,1987,Deep Kumar,Secondary School,Kendriya Vidyalaya Sangathan,-,Jammu
Kendriya Vidyalaya,700029,"Bhadarwah, Distt Doda, J&k",182221,1997,245187,-,-,kvbhadarwah@gmail.com,-,1986,Anish Ahmad Ic,Senior Secondary,Kendriya Vidyalaya Sangathan,-,Doda
Kendriya Vidyalaya,700038,"Jourian, Jammu & Kashmir-181 202",798601,124,2015927,-,-,-,-,1993,-,Secondary School,Navodaya Vidyalaya Samiti,-,Jammu
Kendriya Vidyalaya,700008,Bantalab C R P F Campus Jammu Jammu & Kashmir,181123,191,2592007,-,2594275,vsanphy@gmail.com,http://www.kvbantalab.org,1976,V Santhosh Kumar,Senior Secondary,Kendriya Vidyalaya Sangathan,-,Jammu
Kendriya Vidyalaya,700022,"Jindrah P.o. Kanyalaya Distt. Jammu, Jammu & Kashmir",180003,191,2661141,463,2580425,kvjindrah@gmail.com,www.kvjindrah.com,1986,Ishpal Singh,Senior Secondary,Kendriya Vidyalaya Sangathan,-,Jammu
Kendriya Vidyalaya,700023,"Kaluchak At Sunjuwan, Jammu P O. Sainik Colony Jammu & Kashmir",180010,191,2462357,2256,2580425,manishtulijnv@gmail.com,www.kvjindrah.com,1952,Manish Tuli,Senior Secondary,Kendriya Vidyalaya Sangathan,-,Jammu
Kendriya Vidyalaya,700020,"Damana Lale De Bagh P.o. Village Sangrampur Teh. & Distt.- Jammu, Jammu & Kashmir",180002,191,2605970,397,-,crbhagat8@gmail.com,-,1987,C R Bhagat,Secondary School,Kendriya Vidyalaya Sangathan,-,Jammu
Kendriya Vidyalaya,700016,"Miran Sahib Jammu Distt, Jammu & Kashmir",181101,1923,263260,397,-,agimonalex@yahoo.co.in,-,1983,Agimon A Chellamcott,Senior Secondary,Kendriya Vidyalaya Sangathan,-,Jammu
Kendriya Vidyalaya,700010,"Nagrota, Distt Jammu, Jammu & Kashmir",181221,191,2673837,383563,-,anuj8709@gmail.com,-,1979,Anuj Kumar,Senior Secondary,Kendriya Vidyalaya Sangathan,-,Jammu
Kendriya Vidyalaya,700011,Lakhanpur Distt Kathua Jammu & Kashmir,184152,1922,285123,3,-,kvlakhanpur@yahoo.co.in,-,1981,D R Patel,Senior Secondary,Kendriya Vidyalaya Sangathan,-,Kathua
Kendriya Vidyalaya,700028,"Kargil, At Trespone Distt. Kargil (Ladakh)",194103,1985,257048,276,-,principal_637@kvschool.com,-,1986,Sh S. P. Ram,Senior Secondary,Kendriya Vidyalaya Sangathan,-,Kargil
Kendriya Vidyalaya,700015,"Dul-hasti Project Kishtwar Jammu Distt., Jammu & Kashmir",182204,1995,259846,550,2580425,kwlsng57@gmail.com,www.kvkishtwar.com,1985,Kewal Singh,Senior Secondary,Kendriya Vidyalaya Sangathan,-,Kishtwar
Kendriya Vidyalaya,700034,Nubra (Diskit) Distt Leh(Ladakh) J & K,194401,1980,220331,-,-,-,-,-,Sh Rahul Singh,Secondary School,-,-,Leh
Kendriya Vidyalaya,700014,Leh (Ladakh) Jammu & Kashmir,194101,177,397,397,-,balraj@del2.vsnl.net.in,-,1983,Dp Pushkarna,Senior Secondary,Kendriya Vidyalaya Sangathan,-,Leh
Kendriya Vidyalaya,700021,"Afs, Awantipur, C/o 56 Apo, Distt Pulwama, J&k",192122,1933,286909,276,-,ramkdhanak@gmail.com,-,1986,Ram Kumar Dhanak,Secondary School,Kendriya Vidyalaya Sangathan,-,Pulwama
Kendriya Vidyalaya,700012,B S F Campus Rajouri Jammu & Kashmir,185131,1962,263228,531,-,KVRajouri09@gmail.com,www.kvrajouri.in,1980,Ajit Singh Meena,Senior Secondary,Kendriya Vidyalaya Sangathan,-,Rajouri
Kendriya Vidyalaya,700007,Samba Jammu & Kashmir,184121,1923,243380,63780,-,knaniprasad@gmail.com,-,1979,Karra Nani Prasad,Senior Secondary,Kendriya Vidyalaya Sangathan,-,Samba
Kendriya Vidyalaya,700006,Salal H E Project Jyotipuram Udhampur Distt Jammu & Kashmir,182312,1991,"01991255690, 83",253,-,principalkvjyt@gmail.com,-,1978,B R Kishor,Senior Secondary,Kendriya Vidyalaya Sangathan,-,Udhampur
Kendriya Vidyalaya,700030,Chenani At Kud Distt Udhampur J&k,182141,1992,210289,285822,-,kvchenani@gmail.com,-,1987,Bala Ram Parmar,Senior Secondary,Kendriya Vidyalaya Sangathan,-,Udhampur
Kendriya Vidyalaya,700035,"B.s.f. Campus, Sunderbani, Distt Rajouri, J & K",185153,1960,233268,-,-,spandey2001@gmail.com,-,1999,S Pandey,Senior Secondary,K V S,-,Rajouri
Kendriya Vidyalaya,700031,Hira Nagar Rawi Tawi Complex Hira Nagar Distt Kathua J&k,184142,1922,2275192,-,-,principalkvhgr@gmail.com,-,1986,Nitin Dev,Senior Secondary,Kendriya Vidyalaya Sangathan,-,Kathua
Kendriya Vidyalaya Central University Of Jammu Rahya Suchani,700039,Kendriya Vidyalaya Central University Of Jammu Rahya Suchani Distt. Samba Pincode-181143,181143,-,01923249500,-,-,kendriyavidyalayacuj@gmail.com,https://curahyasuchani.kvs.ac.in,2017,Mr. Leela Dhari,Senior Secondary,Central University Of Jammu / Kvs,-,Samba
Kendriya Vidyalaya No - 3,700024,Bsf Campus Pantha Chowk P O Srinagar Jammu & Kashmir,191101,193,223329,27049209,-,singhkanwar1976@gmail.com,http://www.kvsvdelhi.com,1986,Kanwar Singh,Senior Secondary,Kendriya Vidyalaya Sangathan,-,Srinagar
Kendriya Vidyalaya No 1,700001,"Near Goal Market, Gandhi Nagar Jammu Jammu & Kashmir",180004,191,2430137,2438971,-,trc.agt@rediffmail.com,-,1967,Tilak Raj Choudhary,Senior Secondary,Kendriya Vidyalaya Sangathan,-,Jammu
Kendriya Vidyalaya No 1,700009,"Akhnoor, Distt Jammu, Jammu & Kashmir",181201,1924,253250,383563,-,SSINGH120@GMAIL.COM,-,1977,Surjeet Singh,Senior Secondary,Kendriya Vidyalaya Sangathan,-,Jammu
Kendriya Vidyalaya No 1,700003,Badami Bagh Cantt Srinagar Jammu & Kashmir,190004,194,2465093,63780,-,ssduha@gmail.com,-,1967,Shamsud Duha,Senior Secondary,Kendriya Vidyalaya Sangathan,-,Srinagar
Kendriya Vidyalaya No 1,700005,Near Chinar Cinema P.o Garhi Udhampur Jammu & Kashmir,182121,1992,242079,242079,243002,pandeyrajesh5130@gmail.com,http://www.kv1udhampur.,1965,Rajesh Pandey,Senior Secondary,Kendriya Vidyalaya Sangathan,-,Udhampur
Kendriya Vidyalaya No 2,700019,Akhnoor Jammu & Kashmir,181201,1924,252052,463,2580425,principalkv2akhnoor@gmail.com,-,1986,Didar Singh,Senior Secondary,Kendriya Vidyalaya Sangathan,-,Samba
Kendriya Vidyalaya No 2,700002,Jammu Cantt Jammu & Kashmir,180003,191,2432436,48656,-,principalkv2jammucantt@gmail.com,-,1976,Bhushan Kumar,Senior Secondary,Kendriya Vidyalaya Sangathan,-,Jammu
Kendriya Vidyalaya Kathua,700026,"Janglote Road,near Army Cantt Area, Kathua",184104,1922,9592646221,-,-,kvkathua2003@gmail.com,kvkathua.edu.in,2003,Mr. Gurnam Singh,Senior Secondary,Kvs,-,Kathua
Kendriya Vidyalaya No.2,700017,Dhar Road P.o.roan Udhampur Jammu & Kashmir,182126,1992,244441,01992-244329,244818,principal_kv2udh@yahoo.co.in,http://kvno2udh.com/,1986,Amit Walter,Senior Secondary,Kendriya Vidyalaya Sangathan,-,Udhampur
Kendriya Vidyalaya No 2,700004,Air Force Station New Air Pt Srinagar Jammu & Kashmir,190007,194,2303617,-,2466171,principalkvno2sgr@gmail.com,-,1978,Pradeep Kumar,Senior Secondary,Kendriya Vidyalaya Sangathan,-,Srinagar
"Kendriya Vidyalaya, Bsf Humhama",700037,"Bsf Humhama,srinagar, Jammu & Kashmir-190007",123302,194,2303100,-,-,kvbsfhumhama@gmail.com,-,1988,Naresh Kant,Secondary School,Kendriya Vidyalaya Sangathan,-,Budgam
Ladakh Public School,730039,Post Box 62 Hpo Leh J & K,194101,1982,252808,-,-,info@gdgoenka-noida.com,-,1987,Mr P C Belwal,Secondary School,Ladakh Public School Leh,-,Leh
Kendriya Vidyalya,700018,Baramulla Jammu & Kashmir C/o Stn Command 19 Arty C/o 56 Apo,193101,1952,235893,550,2580425,ksc678@gmail.com,www.kvkishtwar.com,1985,Krishan Singh Chauhan,Senior Secondary,Kendriya Vidyalaya Sangathan,-,Baramulla
Lamdon Model School,730012,Leh Ladakh Jammu & Kashmir,194101,3862,01462326075,-,1462255971,lamdon@vsnl.net,http://www.gurusiddharth.com,1979,Sh Eshey Tundup,Senior Secondary,Swami Ram Tirtha Memorial Scoy,-,Leh
Mahabodhi Residential School,730046,"P.O. Box No. 22, Leh -Ladakh, J&K",194101,1923,01982-264372,3273535,01982-264905,mimcdevachen@hotmail.com,http://www.mahabodhi-ladakh.org,1992,Stenzin Tharchin,Secondary School,Mahabodhi Int''L Meditation Centre,-,Leh
Maharaja Harisingh D A V Centanary Public School,730018,Akhno Jammu & Kashmir,181201,1924,252437,9501275121,2458339,davjk01@gmail.com,http://www.pcsjammu.g,1985,Vipin  Kumar  Sharma,Secondary School,The Tibetan Sos Childrens Villege,-,Jammu
Maharishi Vidya Mandir,730036,Kathua W No 14 Opp C T M Jammu J & K,184101,1922,202384,0214-2215922,4017078,arun_80sharma@yahoo.com,-,1995,Arun Kumar Sharma,Secondary School,Sh Dal Chand Raghav Edu Society,-,Jammu
Maharishi Vidya Mandir Public School,730024,Extn. Sainik Colony Jammu Jammu & Kashmir,180011,191,2468521,-,-,sharmarita_61@yahoo.com,-,1991,Reeta Sharma,Senior Secondary,Maharishi Shiksha Sansthan,-,Jammu
Mahavir International School,730035,17 Miles Stone Nh Ia Po Vijay Pur Tehsil Samba Distt Jammu J & K,171001,1923,212270,3273535,2654024,mvofficial01@gmail.com,http://www.dpssurat.net,2004,Kundan Lal Dogra,Senior Secondary,Mahavir Society For Education,-,Jammu
Minerva Public School,730099,National Highway Barnoti(village Budhi) Kathua,184342,-,9419151303,-,-,minervapublicschoolbarnoti@gmail.com,http://mpskathua.com,2015,Mrs. Ruhy Sharma,Secondary School,Minerva Educational And Research Trust Kathua,-,Kathua
Maharaja Harisingh Agricultural Collegiate School,730007,Nagbani P O Dumana Jammu Tawi Jammu & Kashmir,181206,191,2604342,0191-2604174,2604177,sweenpuri1957@gmail.com,www.mhacnagbani.com,1967,Sween Puri,Senior Secondary,Dav College Managing Committee Delh,-,Jammu
Model Academy,730068,B.c Road,180001,191,2546078,-,1912548239,principal@modelacademy.in,http://www.modelacademy.in,1936,Pramod Kumar Srivastava,Senior Secondary,Model Institute Of Education And Research,-,Jammu
Moravian Mission School,730044,"Moravian Church Campus, Po Box-7, Leh-194101, Ladakh, J&K",194101,1923,252174,3273535,2654024,armyschooldamana1@rediffmail.com,http://www.dpssurat.net,1992,Dr Renu Gupta,Secondary School,Balaji Venkateshwara Edu Society,-,Leh
Mount Litera Senior Secondary School,730098,"Tarore Bridge, National Highway, Distt. Samba",181133,-,01923296603,-,-,mlzs.jammu@gmail.com,www.mlzsjammu.com,2017,Mr. Naresh Jamwal,Senior Secondary,A P Educational Trust,-,Samba
Mount Litera Zee School,730077,Logate,184104,-,9419107702,-,1922235503,principalmlzskathua@gmail.com,http://www.mountliterazeeschoolkathua.com,2014,Mr. Renu Kumari,Senior Secondary,Surya Educational Trust,-,Kathua
Presentation Convent High School,730027,"Gandhi Nagar, Jammu, Jammu & Kashmir",180004,191,2430086,1912437000,2458339,hemabarretto@gmail.com,http://www.pcsjammu.g,1954,Sr. Amelina Rodrigues,Senior Secondary,J & K Presentation Society,-,Jammu
R.M. Public School,730072,"Chowadhi, Sainik Colony",180011,191,01912431187,-,1912431187,rmpublicschool07@gmail.com,http://www.rmpublicschool.com,2013,Mrs. Ravinder Kour,Senior Secondary,R.m. Charitable And Educational Trust,-,Jammu
Rich Harvest School,730076,-,181133,1923,220298,-,-,anitabhatia867@gmail.com,http://www.richharvestschool.in,2010,Anita Bhatia,Senior Secondary,"S. G. Dogra Foundation, Bari Brahmana, Sambha, J&k",-,Jammu
Rmg International School,730103,Vill Jandial,181122,-,9419224153,-,-,rmginternationalschool@gmail.com,www.rmginternational.in,2017,Mrs. Indu Kapoor,Secondary School,Om Educational & Welfare Society,-,Jammu
S O S Hermann Gmeiner School,730030,Gole Gujral Talab Tillo Jammu Jammu & Kashmir,180002,191,2501651,-,080-26494156,principal.jammuhgs@soscvindia.org,http://www.ssrvm.org,2001,Ramesh Kumar Dhar,Senior Secondary,Sos Children's Village Of India,-,Jammu
Sai International School,730063,"Vill Jangi Chack Po Hiranagar, Kathua, J&k",184142,192,2274111,3273535,1922274111,shivshah1973@gmail.com,-,2010,Shiv Kumar,Secondary School,Sai Insitute Of Education,-,Kathua
Minto Circle Englishmedium High School,730079,"Alluchi Bagh, Near Khadi Mill, Srinagar",190001,194,01942313530,9797732446,-,Info@mintocircleschool.com,-,1975,Mr Hilal Ahmed Sheikh,Senior Secondary,Minto Circle Educational Trust,-,Srinagar
Sai School Of Education,730106,Power House Ward No.08 Poonch,185101,-,6006290710,-,6006290710,sai_schooleducation@rediffmail.com,http://www.saischoolofeducation.com,2018,Mrs. Usha Puri,Senior Secondary,Sai Educational And Charitable Trust,-,Poonch
"Regional Research Laboratory High School, Canal Road Jammu",730091,"Rrl High School,canal Road Jammu",180002,-,01912582860,-,1912586333,rrlhighschool@gmail.com,http://www.iiim.res.in,1966,Mr.jagdish Lal Sharma,Secondary School,Col.ram Nath Chopra School Society,-,Jammu
Sainik School,780001,Nagrota Jammu Jammu & Kashmir,181221,191,2673060,-,2674951,jmt.chinar@gmail.com,sainikschoolnagrota.com,1970,Mr. M P Singh,Senior Secondary,Board Of Governors Sainik Schools,-,Jammu
Sant Bal Yogeshwar Bhartiya Vidya Mandir Dadwara,730071,"Village-dadwara, P.o-phinter",184203,1921,266003,-,-,sbybvm@gmail.com,http://www.bssjammu.org,2005,Neetu,Secondary School,Bharatiya Shiksha Samiti (j&k),-,Kathua
Sant Hare Ram Dass Public School,730100,Po: Mandal,180003,-,01912228886,-,-,shrdpsmandal@gmail.com,www.shrdpublicschool.com,2016,Mr. Ajay Sharma,Secondary School,Shree Shiv Mandir And Shree Shiv Mandir Nyas Trust Jammu,-,Jammu
Sh Guru Gang Devji Model School,730041,Sunder Bani Shivkasi Rajouri J & K,185153,1960,234830,8493867520,-,sggj142000@gmail.com,-,1979,Rajesh Kumar,Senior Secondary,Swami Vishwatma Nand Saraswati Regd Charitable Trust,-,Rajouri
Shemford Futuristic School Birpur Jammu,730104,"Birpur, Near Imperial Resort , The-bari-brahmana , Dist- Samba",181133,-,9419163137,-,-,admsunil.dogra@gmail.com,-,2017,Mrs. P,Secondary School,Fortune Era Educational Environmental & Cultural Charitable Trust,-,Samba
Shemford Futuristic School,730069,"National High Way 1-a,wanpoh",192102,193,224615,-,-,gazmg137@gmail.com,http://www.shemford.com,2011,Mr. Gulzar Ahmad,Senior Secondary,Dolphin Educational Trust,-,Anantnag
Springdales School,730081,"Lower Barnai, Rajouri Lines, Akhnoor Road Jammu",181205,-,"0191-2642444, 0191-2642888",-,-,gaurav.malhotra@springdales.in,http://www.springdales.org,2013,Mrs.seema Gupta,Secondary School,Springdales Educational Society,-,Jammu
Stephens International Public School,730042,Nihalpur Kullian Miran Sahib R S Pura J & K,181101,1923,266572,245426,-,kuzlilmat@yahoo.com,-,2003,Shibu Mathew K,Senior Secondary,Subash Saini Memo Edu Trust,-,Jammu
The Pathseekers International School,730108,"C/o Ssp Bhupinder Singh , The Pathseekers International School  Ward No. 1 , Ramgarhsamba 9419191319",181141,-,01923234100,-,1923234100,join.prc@gmail.com,http://www.thepathseekers.com,2017,Mrs. Manpreet Kour,Secondary School,Public Relations Commission Trust,-,Samba
Sushila Narendra Jit Singh Vidya Mandir,730201,"Susheel Nagar,camp Road,near Jaswant Plazza,talab Tillo",180001,-,01912505698,-,-,sdvbet@gmail.com,www.snsdbn.com,1987,Mrs. Manmita Das Raina,Secondary School,Shrimati Dewanini V.badrinath Educational Trust,-,Jammu
The Calliope School,730067,Village Doomijammu- Akhno Highwayjammu,181201,-,01912467588,-,1912467588,calliopecalliope@gmail.com,-,2013,Mrs.anju Karki,Secondary School,Calliope Educational Trust,-,Jammu
The Shri Ram Universal School,730111,"Near Holy Water Pond, Shri Vihar, Jakh, Vijaypur",184120,-,919797123333,-,-,md@tsusjammu.org,https://tsusjammu.org/,-,Rajesh Rathore,Secondary School,Shri Shri Educational Trust,-,Samba
The Tibetan Sos Childrens Village School,730010,P O Choglamsar Leh Ladakh Jammu & Kashmir,194104,1982,264039,1982264514,01982 2641,tcvschool@yahoo.com,-,1976,Mr. Chogyal Tashi,Secondary School,The Tibetan Sos Childrens Villege,-,Leh
St Xaviers Convent School,730032,Hatli Morh Industrial Estate Po Kathua Jammu & Kashmir,184102,1922,01922237738,-,192223773,xavierskathua@gmail.com,www.xavierskathua.com,1996,Mr. Dominic T.,Senior Secondary,Diocese Of Jammu Srinagar Education Society,-,Kathua
Tiny Scholars School,730092,Logate Morh Jawahar Nagar Tehsil And District Kathua Jammu And Kashmir,184104,-,7006061914,-,-,tinyscholarskathua@gmail.com,http://www.tinyscholars.com,2000,Mrs.sonia Mahajan,Senior Secondary,Diwan Chand Padotra Educational Trust,-,Kathua
Unique Public Higher Secondary School,730110,"P/o Gadi Garh, Jammu",181101,-,01912262913,-,1912262913,uphss1234@gmail.com,uniquepublicschool.in,1993,Mrs. Tejinder Kour,Senior Secondary,Unique Education Trust,-,Jammu
"Vishwa Bharati Public Hr. Sec. School Akalpur Morh, Udheywalla, Jammu",730085,"Vishwa Bharati Public Hr. Sec. School Akalpur Morh, Udheywalla, Jammu",181205,191,2505885,-,0191-2505885,anuguzarwan@gmail.com,http://www.vbpsjammu.in,1992,Annapurna Koul,Senior Secondary,Vishwa Bharati Womens Welfare Institution,-,Jammu
