A K Memorial Dps Parsabad,3430620,"Station Road, Parsabad, Jainagar, Koderma, Jharkhand",825318,-,9955476698,-,9955476698,dpsparsabad@gmail.com,http://www.akmdps.com,2015,Mr. Md Firoj Khan,Secondary School,Jamuna Devi Memorial Trust,-,Koderma
A R S Public School,3430192,B S L Lh Bokaro Steel City Jharkhand,800018,6542,09204780407,-,-,biswajitpatra4869@rediffmail.com,-,2005,Biswajit Patra,Senior Secondary,A R S Memorial Educational Society,-,Bokaro
Adarsh D A V Public School,3430627,"Block Road, Chedra, Bishnugarh, Hazaribag,jharkhand   Pin- 825312",825312,-,9935909127,-,7250783437,narayan83032@gmail.com,http://www.adarshdav.com,2016,Mr. Digvijay Narayan,Secondary School,Aaderssh Education,-,Hazaribagh
A'la Anglaise School,3430683,"Deoria Bargawan, Patratu",829106,-,9431394928,-,-,alaanglaise@gmail.com,www.alaanglaise.co.in,-,Bijayant Kumar,Senior Secondary,Coalfield Educational Trust,-,Ramgarh
Adarsh +2 Uchh Vidyalaya,3430249,"Vill. Madhwatand, P.o. Makatpur, P.s. Jainagar, Koderma.",825301,6534,222453,401232,06534-222065,punit_ydv@rediffmail.com,-,1993,Punit Yadav,Senior Secondary,Jan Gyanoday,-,Koderma
Adarsh Shramik Uchch Vidyalaya,3430084,Golukdih Open Cart Project At- Golukdih P.o.jharia Distt.dhanbad Jharkhand,828111,326,2290009,-,-,asuvidyalaya@ymail.com,-,1979,Shio Kumar Singh,Secondary School,"Adarsh Shramik Uchcha Vidyalaya Managing Committee,golukdih.",-,Dhanbad
Aditya Prakash Jalan Saraswati Vidya Mandir,3430630,"At- Kudlum,p.o.- Balalong, P.s.- Nagridist-ranchi(jharkhand)pin- 834004",834004,-,9430348973,-,-,apjsvmkudlum@gmail.com,www.vidyavikassamiti.org,2015,Mr. Jitendra Tiwari,Secondary School,"Vidya Vikas Samiti, Jharakhnd",-,Ranchi
Adarsh Vidya Mandir,3430089,Bye Pass Road Chas Bus Stand Bokaro Jharkhand,827013,6542,265171,6542265559,265559,cghosh1973@gmail.com,-,1970,Chinmoy Ghosh,Senior Secondary,Marwari Panchayat Chas Bokaro,-,Bokaro
Agrasen Dav Pub. School,3430128,P.o Bharech Nagar Via Ramgarh Cantt Distt  Hazaribagh Jharkhand,829146,6553,256801,06553-256103,256623,mkm62.dav@gmail.com,www.agrasendav.in,1993,Manoj Kumar Mishra,Senior Secondary,Dav College Trust & Managing Soc.,-,Hazaribagh
Agrasen Saraswati Vidya Mandir,3430690,"P.o- Chirkunda, P.s- Chirkunda",828202,-,9334148083,-,-,asvm06@gmail.com,www.asvmckd.com,-,Ashok Kumar Verma,Secondary School,Shree Shree Shiv Jeev Thakur,-,Dhanbad
Anandalaya Public School,3430220,"Jagdishpur, Modhupur, Deogarh, Jharkhand",815353,6438,284210,9915070521,0183-2700808,aniruddh.mishra69@gmail.com,-,2003,Aniruddh Mishra,Secondary School,St.xaviers Education Trust,-,Deoghar
Angels High School,3430276,"Barkagaon Road, Block- Katkamdag,shankarpur,hazaribag,pin.-825301",825301,654,262518,-,6546223053,angelshighschool2008@gmail.com,http://www.angelshighschool.in,2008,Swati  Agrawal,Senior Secondary,Braj Kishore Educational Trust,-,Hazaribagh
Aiwc Academy Of Execellence,3430223,"Dihing Road, Old Baridih,dhalbhum, Jamshedpur, East Singhbhum, Jharkhand",831017,657,2213349,9915070521,0183-2700808,jasbeergill@rediffmail.com,-,2003,Jasbeer Kaur Gill,Senior Secondary,St.xaviers Education Trust,-,East Singhbhum
Anthem Public School,3430614,"Kesura More, Saroni Road, Rola, Hazaribagpin- 825303",825303,-,9162445799,-,-,praveen128@yahoo.com,http://www.apshzb.com,2010,Mrs. Usha Bharti,Senior Secondary,Anthem Education Trust,-,Hazaribagh
Aparna Public School,3430622,"Aparna Public School, Gosaidih, Govindpur Road, P.o.: K. G. Ashram, Dhanbad - 828109, Jharkhand",828109,-,03262227057,8609187400,-,aparnapublicschool@gmail.com,http://www.apsaparna.com,2016,Mr. Anupam Nayek,Senior Secondary,Aparna Sachin Education Institute,-,Dhanbad
Appreciable Public School,3430432,"At-katia,parsabad,po-parsabad",825318,-,09973240886,-,-,munshiyadav8@gmail.com,-,2010,Mr.baijnath Prasad Barnwal,Secondary School,S B Memorial Educational Trust,-,Koderma
Army Public School,3480004,Rameshwaram Lane Baraitu Road Ranchi Jharkhand,834009,651,06512273354,2360613,2541961,asr8208@rediffmail.com,-,1983,Mr.abhay Kumar Singh,Senior Secondary,Army Welfare Educataion Society,-,Ranchi
Army Public School,3480003,Ramgarh Cantt. Distt.hazari Bagh Jharkhand,829122,6553,222107,222526,222107,apsramgarhcantt@gmail.com,-,1991,Mr Pankaj Kumar Jain,Senior Secondary,Army Welfare Education Society,-,Hazaribagh
Ascot International School,3430607,Bharat Mata Chowk Harmu Roadranchi,834001,-,6200895639,-,6200895639,ascotschool.ranchi@gmail.com,http://www.ascotschool.org,2014,Mr. B. Kumar,Senior Secondary,Impact India Foundation,-,Ranchi
Atomic Energy Central School,3480005,Narwapahar Post Narwapahar Via Sundernagar Singhbhum Distt Hq Jamshedpur Jharkhand,832107,657,2741609,6572741750,2741609,aecsnrw@yahoo.co.in,-,1991,Mr.  Dileep Singh,Secondary School,Atomic Energy Education Society,-,East Singhbhum
Ashram Residential School,3420003,"At- Kuchai, Post-kuchai, Distt-saraikela-kharsawan, Jharkhand-833 216",-,-,-,-,-,-,-,-,-,Secondary School,-,-,Seraikella Kharsawan
Ashram Residential School,3420004,"At-parvat Vihar, Post-jamtara, Dist. Jamtara, Dist. Jamtara, Jharkhand- 815 351",-,-,-,-,-,-,-,-,-,Secondary School,-,-,Jamtara
Atomic Energy Central School,3480002,P O Jaduguda Mines Singhbhum Distt Jharkhand,832102,891,235,310,6546263332,uciljd@ucil_jd.bih.nic.in,http://www.aecs1jaduguda.nic.in,1965,Haroon Rashid Khan,Senior Secondary,Atomic Energy Education Socy,-,East Singhbhum
Atomic Energy Central School,3480006,"Turamdih, Via Sundernagar, East Singhbhum Distt.",832107,657,6571518,6572741609,-,aecstmd@yahoo.co.in,-,1948,S.k. Sarangi,Secondary School,Airfce Palam,-,East Singhbhum
Atomic Energy Central School-2,3430261,"Po Jaduguda Mines District East Singhbhum, Mosabani, Jharkhand",832102,657,06572730951,01824-221624,-,aecsjad2@yahoo.co.in,www.aecsjad2.ac.in,1973,Mr. R Muthukumarasamy,Secondary School,"Atomic Energy Education Society, Mumbai",-,East Singhbhum
Atomic Energy Central School-2,3480010,"Po Jaduguda Mines District East Singhbhum, Mosabani, Jharkhand",832102,657,2730951,9818430125,-,cstb@sanchernet.in,-,1987,Mr Babu Ram,Secondary School,Directate Of Education,-,East Singhbhum
B R International School,3430677,"Karma, Kodermaa",825409,-,9113345573,-,-,rksjmt2021@gmail.com,http://www.brisjhumritelaiya.in,-,Rakhi Kumari Sharma,Senior Secondary,B R Educational Trust,-,Koderma
B S S Pranav Children World,3430046,Rivers Meet Road P O Sonary West Jamshedpur Jharkhand,831011,657,2301760,0657-2281801,2301760,sumitadey24@yahoo.com,-,1978,Mrs. Kakali Guja,Senior Secondary,Bharat Sevashram Sangh,-,East Singhbhum
Bahadur Prasad Public School,3430610,"At- Barotand, Kherad, Argali,rajdhanwar, Giridih Jharkhand",825412,-,0655435205,-,-,bpmps2008@rediffmail.com,www.bppsrdn.org.in,2007,Mr. Mahesh Kumar,Secondary School,Bahadur Prasad Memorial Education Samiti,-,Giridih
Badri Narayan Shah Dav Pub Sch,3430102,Bulaki Road Near Railway Station Giridih Jharkhand,815201,6532,"222485, 222485",223371,-,bnsdavgiridih@hotmail.com,-,1988,Prabir Hazra,Senior Secondary,D A V College & Managing Committee,-,Giridih
Bal Vidya Mandir,3430032,Ara Colliery P.o. Sarubera (kuju) Hazaribagh Distt Jharkhand,829134,6545,253543,06542-253723,-,www.nageshwarthakur238@gmail.com,-,1979,Nageshwar Thakur,Secondary School,Welfare Commttee Of Ara Colliery,-,Hazaribagh
Baldev Public School,3430621,"Khijurtola, Buti, Sadar, Ranchi, Jharkhandpin- 835217",835217,-,8294209857,-,-,bpsranchi.kt@gmail.com,http://www.bpsranchi.in,2017,Mr. Mohan Lal Mahto,Senior Secondary,Ramkrishna Educational Charitable Trust,-,Ranchi
Balkia Vidya Mandir,3430142,Jharia Po Jharia Dhanbad Jharkhand,828111,326,2240372,2201711,7774203241,roy.ajanta1963@gmail.com,http://www.montft.com,1961,Ajanta Roy,Senior Secondary,Jharia Marwari Sammelan Trust,-,Dhanbad
Baldwin Farm Area High School,3430206,Kadma Jamshedpur East Singhbhum Jharkhand,825325,657,2310195,61031,-,baldwin.jsr@gmail.com,-,1990,Subhosree Sarkar,Senior Secondary,Baldwin Academy,-,East Singhbhum
Banshidhar Parasnath Dav Public School,3430329,"B. P. Dav Public School, Pharathia, Garhwa",822114,6561,9431136772,-,-,davpsgarhwa@gmail.com,-,2009,Ajay Kumar Chaubey,Senior Secondary,Dav College Managing Committee,-,Garhwa
Bhagmani Chandravansi Public School,3430307,"At: Nawadihkaka, Bishrampur,dist: Palamu, Jharkhand",822132,-,06584290069,-,-,info.bcps2010@gmail.com,http://www.bcpsbishrampur.org,2009,Mr.sanjay Kumar,Secondary School,Ramchandra Chandravansi Welfare Trust,-,Palamu
Bethel Mission School,3430379,"Ward No.-20, Kadwa Tola, Gangta, Godda",814133,-,06422-221040,-,-,bethel.mission@yahoo.com,-,2000,Mrs. Anna Marc,Senior Secondary,International Peace Foundation,-,Godda
Bharat Singh Public School,3430058,Po Bermo Distt Bokaro Jharkhand,829104,6549,"222387, 218",458,-,bharatsinghpublicschoolbermo@gmail.com,-,1981,Dr Mridul Rakesh Kumar Singh,Secondary School,Academy Quest,-,Bokaro
Birsa Munda D.A.V. Residential Public School,3430265,Po Bundu Dist Ranchi,835204,-,09430196887,-,-,principal.rawat64@gmail.com,-,2006,Dharmendra Rawat,Secondary School,"Dav College Managing Committee, New Delhi",-,Ranchi
Blue Bells English High School,3430300,"Turia Bera Bhilai Pahari, Mango, Jamshedpur",831012,657,6060200,-,-,principaljsr@gmail.com,-,1981,Subra Sarkar,Senior Secondary,Shanti Devi Jan Kalyan Samittee,-,East Singhbhum
Bnt St. Mary's School,3430247,Garhwa,822114,6561,222278,-,-,tiwaryamitabps@gmail.com,-,2001,Amit Kumar Tiwary,Senior Secondary,Baijnath Tiwari Memial Trust,-,Garhwa
Bokaro Ispat Sr Sec School,3430059,Sector Ii C Bokaro Steel City Jharkhand,827001,6542,286792,-,-,rabindrajha70@gmail.com,-,1974,Rabindra Jha,Senior Secondary,Bokaro Steel Plant Sail Unit,-,Bokaro
Berlin Public School,3430397,"Near Holiday Home, Kanke Road Ranchi 834008",834008,-,06516066626,-,-,berlinpschool@gmail.com,https://bpsranchi.co.in/,2014,Mr. Satendra Singh,Secondary School,Birsa Education Trust,-,Ranchi
Bokaro Ispat Sr Sec School,3430060,Sector Iii Bokaro Steel City Jharkhand,827003,6542,266399,9450021827,-,BSLBISSS3@GMAIL.COM,-,1966,Pramod Kumar,Senior Secondary,Bokaro Steel Plant Sail Unit,-,Bokaro
Bokaro Ispat Sr Sec School,3430088,Sector Ix E Bokara Steel City Jharkhand,827009,6542,296817,-,-,sps.kd.2094@gmail.com,-,1993,S P Singh,Senior Secondary,Bokarao Ispat Plant,-,Garhwa
Bokaro Ispat Sr. Sec. School,3430077,"Sector-viii/ B Bokaro Steel City, Jharkhand",827009,6542,06542-287788,-,06542-240227,bisss_8b@rediffmail.com,-,-,Mr. Tarun Kumar Ghosh,Senior Secondary,-,-,Bokaro
Bokaro Ispat Vidyalaya,3430080,Sector-xi D Bokaro Steel City Jharkhand,827009,6542,260262,8986872677,-,principalbiv11d@gmail.com,-,1992,Devendra Panda,Senior Secondary,Bokaro Steel Plant.,-,Bokaro
Bokaro Ispat Vidyalaya,3430066,Sector Viii D Bokaro Steel City Jharkhand,827009,6542,"287742, 7742",8986872646,-,shekhar296@gmail.com,-,1991,Chandra Shekhar Azad,Secondary School,Bokaro Steel Plant Sail Unit,-,Bokaro
Bokaro Ispat Vidyalaya,3430064,Sector I C Bokaro Steel City Jharkhand,827001,6542,"0, 82049",-,-,keya.moyna@gmail.com,-,1991,Sukanya Bandopadhyay,Secondary School,Bokaro Steel Plant Sail Unit,-,Bokaro
Bokaro Ispat Vidyalaya,3430063,Sector Ii D Bokaro  Steel City Jharkhand,827001,6542,220137,-,-,skpandey2b@gmail.com,-,1991,Shashi Kant Pandey,Secondary School,Bokaro Steel Plant Sail Unit,-,Bokaro
Bokaro Ispat Vidyalaya,3430067,Sector Vi A Bokaro Steel City Jharkhand,827006,6542,"266399, 82049",24640133,-,biswaldp12@gmail.com,-,1991,Durga Prasad Biswal,Secondary School,Bokaro Steel Plant Sail Unit,-,Bokaro
Bokaro Ispat Vidyalaya,3430065,Sector Ix D Bokaro Steel City Jharkhand,827009,6542,"287743, 6751",-,-,usdwivedybiv3a@gmail.com,-,1991,Uday Shankar Dwivedi,Secondary School,Bokaro Steel Plant Sail Unit,-,Bokaro
Bokaro Ispat Vidyalaya,3430079,Sector-viii C Bokaro Steel City Jharkhand,827009,6542,287788,-,-,krishnakumaribsbv@gmail.com,-,1992,Dr K Kumari,Secondary School,Bokaro Steel Plant,-,Bokaro
Bokaro Ispat Vidyalaya,3430062,Sector Iii A Bokaro Steel City Jharkhand,827003,6542,287788,-,-,biv3a.bsl.edu.in@gmail.com,-,1991,Prabha M Nair,Secondary School,Bokaro Steel Plant Sail Unit,-,Bokaro
Bokaro Ispat Vidyalaya,3430081,Sect-xii E Bokaro Steel City Jharkhand,827012,6542,81357,3864,-,biv12e@gmail.com,-,1992,Manoj Kumar Mishra,Secondary School,Bokaro Steel Plant,-,Bokaro
Bokaro Ispat Vidyalaya,3430082,Sector-ix-c Bokaro Steel City Jharkhand,827009,6542,240227,3864,-,dhirendrapsinha@gmail.com,-,1992,Dhirendra Prasad Sinha,Secondary School,Bokaro Steel Plant,-,Bokaro
Bokaro Ispat Vidyalaya,3430078,Sector-ii A P.o. Bokaro Steel City Jharkhand,827001,-,7814,-,0712-3271030,info@tccsngp.org,http://www.tccsngp.org,1992,Sh. Kashi Nath Goswami,Secondary School,Bokaro Steel Plant,-,Bokaro
Bokaro Public School,3430197,Sector 3-c Bokaro Steel City Distt Bokaro Jharkhand,827003,6452,"243195, 243195",9334725101,245033,shekhar.sudha.01@gmail.com,http://www.bokaropublicsc,1988,Sudha Shekhar,Senior Secondary,Sainik Shiksha Prasar Samiti,-,Bokaro
Bokaro Ispat Vidyalaya,3430083,Sector-iv A Bokaro Steel Plant Jharkhand,827004,6542,287788,-,-,jks04051959@gmail.com,-,1992,Jainendra Kumar Singh,Secondary School,Bokaro Steel Plant,-,Bokaro
Bokaro Ispat Vidyalaya,3430061,Sector Xii A Bokaro Steel City Jharkhand,827012,6542,7814,442823,-,anpal@md3.vsnl.net.in,-,1991,Mr M Sankara Narayanan,Secondary School,Bokaro Steel Plant Sail Unit,-,Bokaro
Greater Triveni Public School,3430218,"Bakshi Dipa Lohardaga, Jharkhand",835302,651,2234342,224652,0651 2530690,greatertrivenip.s@gmail.com,http://www.taurianworldschool.com,2008,Sunita Chittora,Senior Secondary,Baldwin Academy,-,Lohardaga
Govindram Kataruka School,3430241,"Arga Kathal Me Road, Dhipatoli, Pundag",834002,651,2205505,-,0651-2205505,GRKSCHOOL@GMAIL.COM,-,2004,Tapati Sarkar,Senior Secondary,Shri Gobindram Kataruka Charity Trust,-,Ranchi
Grizzly Vidyalaya,3430156,Post Talaiya Dem Distt Kodurma Jharkhand,825413,6534,235096,06534-235316,222065,principal@grizzlyvidyalaya.com,http://grizzlyvidyalaya.c,1958,Rajeev Kumar Singh,Senior Secondary,Grizly Charitable Trust,-,Koderma
Greenland Public School,3430160,Prem Nagar Hesag Po Hatia Ranchi Jharkhand,834003,651,"06516455443, 501422",-,6516455443,gpsranchi93@gmail.com,http://www.gpsranchi.co.in,-,Dr. Pallavi Singh,Senior Secondary,-,-,Ranchi
Guru Gobind Singh Public School,3430208,"Jodadih More, Chas Bokaro Steel City Chas, Distt Bokaro Jharkhand",827013,6542,"265655,7360057103",-,0651 2530690,ggpschas@rediffmail.com,http://www.taurianworldschool.com,2008,Mr./ms Uma Shankar Singh,Senior Secondary,Al Irshad Charitable Society Omassery,-,Bokaro
Guru Gobind Singh Public School,3430210,Dhanbad Jharkhand,826001,326,2301035,-,-,principalggpsdhn@gmail.com,-,1981,Umakant Baral,Senior Secondary,A S Dadhwal Ggsps,-,Dhanbad
Guru Gobind Singh Public School,3430328,Kamre Ratu Road Ranchi,835222,651,06516570428,-,-,ggsps13@gmail.com,http://www.ggspskamre.in,2014,Mrs. Rashmi Sinha,Senior Secondary,Guru Gobind Singh Educational Trust,-,Ranchi
Guru Govind Singh Public School,3430040,Sector V Bokaro Steel City Bokaro Jharkhand,827006,6542,9474881320,7209563315,-,CPSINGHPHY@GMAIL.COM,-,1980,Mr. C P Singh,Senior Secondary,Guru Gobind Singh Educationa Socy,-,Bokaro
Guru Nanak Hr. Sec School,3430005,Guru Nanak Pura Pepe Compound Ranchi Jharkhand,834001,651,"2330996, 311684",2481234,-,ml.midha@gmail.com,-,1968,Manohar Lal,Senior Secondary,Registered Society,-,Ranchi
Gurugram Public School,3430611,"Banahappa, Muffasil, Hazaribagh, Jharkhand",825313,-,9955367376,-,9955367376,gurugramhbag@gmail.com,http://www.ggpshzb.com,2016,Mr. K K Singh,Secondary School,Gram Vision Trust,-,Hazaribagh
Gyanodaya Public School,3430386,"Nh 100, Near Harihar Dham Mandir, Bagodar, Giridih, Jharkhand",825322,-,9934170370,-,-,gpsbgr2005@gmail.com,http://www.gpsbagodar.in,2015,Mrs. Nirupama,Senior Secondary,Gyanodaya Educational Ewam Welfare Society,-,Giridih
Holy Child Public School,3430359,"Itki Road, Behind I.t.i (bus Stand), Hehal, Ranchi, Jharkhand",834005,-,9835298879,-,-,schoolhcps@gmail.com,holychildpublicschool.in,1998,Mrs. Arti Rani Dayal,Secondary School,Rameshwar Parul Educational Trust,-,Ranchi
Holy Cross School,3430283,"Chandankiyari, Bokarop.o-chandankiyari ,pin-828124dist-bokaro, State-jharkhand",828124,6542,09279743663,-,-,simonkiran@gmail.com,-,2004,Kirthi Kiran,Senior Secondary,Holy Cross Institute,-,Bokaro
Holy Cross School,3430304,"Holy Cross Road, Opp. Ptc Ground Hazaribag",825301,654,272337,-,-,simonkiran@gmail.com,-,2006,Kirthi Kiran,Senior Secondary,Holy Cross Institite,-,Hazaribagh
Holy Cross School,3430012,Bokaro Steel City Bokaro Distt Jharkhand,827010,6542,253543,06542-253723,6542253007,srkamalapaulhc@gmail.com,www.holycrossbokaro.com,1974,Sr Kamala Paul Bihari,Senior Secondary,Holy Cross Society,-,Bokaro
Holy Cross School,3430055,Ghatotand West Bokaro Dt.hazaribagh Jharkhand,825314,6545,"260078, 262326",6545260326,6545260004,holycross_tisco@yahoo.co.in,-,1983,Sister Kamala Paul,Senior Secondary,H C Institute & Tisco,-,Hazaribagh
Holy Cross School,3430360,Holy Cross Schoolpachambapo Giridih District,815316,6532,226493,-,-,srjancyhc@gmail.com,http://www.holycrossgiridih.in,2008,Jancymol Mathew,Senior Secondary,Maheshmunda Holy Cross Sisters Society,-,Giridih
Heritage International School,3430205,Near Home Guard Training Centre Po Chianki Daltonganj Sadar Daltonganj Palamau Jharkhand,822133,6562,9308009619,6562290398,222210,janasamarjit@gmail.com,http://www.jpet.in,1998,Samarjit Jana,Senior Secondary,Jyoti Prakash Educational Trust,-,Palamu
Holy Cross School,3430603,Burdwan Compound Lalpurpo Lalpur Ranchi,834001,-,06512563182,-,-,hcschoolranchi@gmail.com,http://hcschoolranchi.org/,2010,Miss Benita Santhmayor,Secondary School,Ranchi Holy Cross Sisters Society,-,Ranchi
Holy Cross Vocational Training Institute,3430035,Hazari Bagh Jharkhand,825301,6546,224773,2658,-,shalet05@gmail.com,http://www.ssrvm.g,1980,Sister Stella Mary,Senior Secondary,Holy Cross Sisters Hazaribag,-,Hazaribagh
Holy Mothers Academy,3430170,Po Katrasgarh Distt Dhanbad Jharkhand,828114,326,"8539836602,8877588085",-,3262372478,hma1987@gmail.com,http://holymothersacademy.com/,-,Mrs. Vijaya Roy,Senior Secondary,-,-,Dhanbad
Honey Holy Trinity School,3430282,"At: Mohanpur,p.o: Pachamba,dist: Giridih.",815316,6532,06532226529,-,6532226529,honeyholytrinity.giridih@gmail.com,http://honeyholytrinity.org,1994,Mrs. Anita Sinha,Senior Secondary,Yad Ali Memorial Educational Trust,-,Giridih
Ilex Public School Barhi,3430388,"Main G T Road,panchmadhav,barhihazaribag,jharkhand",825405,-,9631909721,-,9708372953,ilexpublicschool2013@gmail.com,http://www.ilexpublicschoolbarhi.com,2015,Mr. Shailesh Kumar,Secondary School,Ilex Social Welfare Trust,-,Hazaribagh
Imperial School Of Learning,3430091,Bhuli Dhanbad Jharkhand,828104,326,6555519,-,0161-2224682,sksingh5410@gmail.com,-,1981,Shailendra Kumar Singh,Senior Secondary,Academic Quest,-,Dhanbad
Indian Heritage School,3430285,"Mitra Garden Rohini Road Jasidih,deoghar, Jharkhand",814142,6432,291961,-,-,indianheritageschooldeoghar@gmail.com,http://www.indianheritageschool.webs.com,2004,Moon Gupta,Senior Secondary,Shree Shambhu Memorial Educational Society,-,Deoghar
Indian School Of Learning,3430034,Sudamdih P O Sudamdih Project Dhanbad Distt Jharkhand,828126,326,2383141,2380706,25554363,isljks@rediffmail.com,-,1977,Jugal Kumar Sarkar,Senior Secondary,Acadmic Quest,-,Dhanbad
Indian School Of Learning Sr Sec Sch,3430009,Katras Morh P O Jharia Dhanbad Distt Jharkhand,828111,326,"2460532, 2460532",2205266,-,isljharia1@gmail.com,-,1977,Hemant Kumar Thakur,Senior Secondary,Society Academic Quest,-,Dhanbad
International Public School,3430167,Kanke Road Ranchi Jharkhand,834006,91,"9471169352, 2242244",3412281982,06540 2731,66363@cbseshiksha.in,-,1998,Manisha Tripathy,Senior Secondary,International Childrens Wel Trust,-,Ranchi
Iqra Public School,3430679,"Chechai, Karma",825409,-,7739561605,-,-,iqrapublicschool.koderma@gmail.com,https://www.iqraschoolkoderma.in,-,Md Maqsood Alam,Senior Secondary,Iqra Talimee Mission,-,Koderma
J . K . International School,3430373,"Agru , Ratu , Ranchi-835222 (jharkhand)",835222,-,06512241469,-,6512241469,jkinternationalschoolranchi@gmail.com,www.jkinternationalschool.co.in,2016,Dr. Jigisha Srivasdtava,Senior Secondary,J K International Public School And Education Centre,-,Ranchi
Jack And Jill School,3430301,"Korrah, Hazaribagh",825301,6546,224223,-,6546224223,surobhiroy00@gmail.com,-,2005,Surobhi Roy,Secondary School,Sushil Prativa Memorial Educational Trust,-,Hazaribagh
Jamshedpur Public School,3430051,Panchavati Road New Baridih Jamshedpur Jharkhand,831017,657,2285002,2225900,-,namiagar@gmail.com,-,1988,Namita Agarwal,Senior Secondary,All India Women's Conference,-,East Singhbhum
Jasidih Public School,3430284,"Near Pagal Baba Ashram, Rohini Road, Jasidih, Deoghar, Jharkhand",814142,6432,9204209631,-,-,MAIL@JASIDIHPUBLICSCHOOL.COM,-,2001,Bhartendu,Senior Secondary,Bal Kalyan Trust,-,Deoghar
Janet Academy,3430387,Vill Hesalong Po+ps Mccluskiegunj,829208,-,06531276394,-,-,manojguptajanet@gmail.com,http://www.janetacademy.com,2009,Mr. Ranjit Kumar Singh,Senior Secondary,Janet Education Society,-,Ranchi
Jawahar Navodaya Vidyalaya,3440011,P O Chatra Chatra Distt. Jharkhand,825401,-,7079294105,-,-,jnvchatra2@gmail.com,-,1993,Davesh Narayan,Senior Secondary,Navodaya Vidyalaya Samiti,-,Chatra
Jawahar Navodaya  Vidyalaya,3440012,Pauta Po Chandwar Via Korra Distt Hazaribagh Jharkhand,825301,6548,285805,290745,-,akishoreprasad@yahoo.com,-,1993,A K Prasad,Senior Secondary,Nvs,-,Hazaribagh
Jawahar Navodaya  Vidyalaya,3440013,Rikhiya Distt. Deoghar Jharkhand-814113,814113,643,290745,290745,-,dubey_1963@rediffmail.com,-,1993,S K Dubey,Senior Secondary,Navodaya Vidyalaya Samiti,-,Deoghar
Jawahar Navodaya Vidyalaya,3440022,"Tanbajore, Po-guhiyojorl,  Jamtara,jharkhand",815351,6433,09470591222,-,-,swastikakund812@gmail.com,-,1986,Swastika Kund,Senior Secondary,Navodaya Vidyalaya Samiti,-,Jamtara
Jawahar Navodaya Vidyalaya,3440010,At & Po Tenughat No.1 Distt Bokaro Jharkhand,829123,6549,230611,3110,-,udayprakashsingh1962@gmail.com,-,1984,Uday Prakash Singh,Senior Secondary,Navodaya Vidyalaya Samiti,-,Bokaro
Jawahar Navodaya Vidyalaya,3440004,"Village-sijulata P.o. B.kutung Via Tata Nagar Distt Seraikel,-kharsawan Jharkhand",831002,657,2745249,296058,-,sanjayjha1963@gmail.com,-,1987,Sanjay Kumar Jha,Senior Secondary,Navodaya Vidyalaya Samiti,-,Seraikella Kharsawan
Jawahar Navodaya Vidyalaya,3440008,Navodaya Gram At & Po Gandey Distt Giridih Jharkhand,815312,6532,239235,39235,-,sthiyagarajan_jnv@rediffmail.com,-,1988,S Thiyagarajan,Senior Secondary,Navodaya Vidyalaya Samiti,-,Giridih
Jawahar Navodaya Vidyalaya,3440018,Paltonga Post Daltonganj Distt Palamau Jharkhand,822101,6562,222456,34018,-,naeem.md@rediffmail.com,http://www.jnvwashim.gov.in,1993,Md Naeem,Secondary School,Navodaya Vidyalaya Samiti,-,Palamu
Jawahar Navodaya Vidyalaya,3440009,Near Sidho Kanho Stadium P O &distt Sahibganj Jharkhand,816109,643,222778,290745,-,jnvsahibganj@gmail.com,-,1987,M S Hussain,Senior Secondary,Navodaya Vidyalaya Samiti,-,Sahibganj
Jawahar Navodaya Vidyalaya,3440007,Jogna P.o. Senga Via Kuru Dt. Lohardaga Jharkhand,835304,6526,275571,290745,-,psbarajnvr@gmail.com,-,1987,Punam Sunita Bara,Senior Secondary,Navodaya Vidyalaya Samiti,-,Lohardaga
Jawahar Navodaya Vidyalaya,3440015,"Bali Kudia, Po Choota Parulia,  Distt East Singhbhum Jharkhand",832101,6594,252210,233639,-,dennison1803@gmail.com,-,1993,Y Dennison,Senior Secondary,Nvs,-,East Singhbhum
Jawahar Navodaya Vidyalaya,3440020,"West Singhbhum, Village Bistumpur, Post Suryabasa,via Jhikpani, Distt West Singhbhum Jharkhand",833215,6582,8863933542,-,-,jnvwestsinghbhum@gmail.com,-,1993,Awadhesh Kumar Mahto,Senior Secondary,Navodaya Vidyalaya Samiti,-,West Singhbhum
Jawahar Navodaya Vidyalaya,3440017,"Benagaria Via Nirsa, Dhanbad, Jharkhand",828205,91,9430351509,-,-,shashikrsinha1965@gmail.com,-,1993,Shashi Kumar Sinha,Senior Secondary,Navodaya Vidyalaya Samiti,-,Dhanbad
Jawahar Navodaya Vidyalaya,3440001,Masaria Dam  Ghaghra Distt Gumla Jharkhand,835208,6423,290636,3110,-,scpandajnv@gmail.com,-,1986,Subash Chandra Panda,Senior Secondary,Nvs,-,Gumla
Jawahar Navodaya Vidyalaya,3440002,B I T Mesra Ranchi Jharkhand,835215,651,2271836,427139,-,dkmodi42@rediffmail.com,-,1988,Dipak Kumar Modi,Senior Secondary,Navodaya Vidyalaya Samiti,-,Ranchi
Jawahar Navodaya Vidyalaya,3440016,Lokai Distt Koderma Jharkhand,825410,6534,292147,2358390,2358390,WWW.SATISHMASARIA@GMAIL.COM,-,1993,Satish Kumar,Senior Secondary,Navodaya Vidyalaya Samiti,-,Koderma
Jawahar Navodaya Vidyalaya,3440005,P O Latehar Distt Palamau Jharkhand,829206,6565,9470192100,-,-,bkm158@yahoo.com,-,1991,Binod Kumar Mandal,Senior Secondary,Navodaya Vidyalaya Samiti,-,Palamu
Jawahar Navodaya Vidyalaya,3440014,Annaraj Nawadih Distt Garwha Jharkhand,822114,6561,290531,40231,-,mr.cbpg@gmail.cpm,-,1992,Chandra Bhushan Prasad Gupta,Senior Secondary,Navodaya Vidyalaya Samiti,-,Garhwa
Jawahar Navodaya Vidyalaya,3440003,Hansdiha Dumka Jharkhand,814145,6431,248110,290745,-,jnvdumka2011@gmail.com,-,1986,Devendra Kumar,Senior Secondary,Navodaya Vidyalaya Samiti,-,Dumka
Jawahar Navodaya Vidyalaya,3440006,Lalmatia Dhankunda Po Bara Simra Distt Godda Jharkhand,814165,-,9798385047,48,-,dinesh_bdk1963@rediffmail.com,-,1987,Dinesh Kumar,Senior Secondary,Navodaya Vidyalaya Samiti,-,Godda
Jawahar Navodaya Vidyalaya,3440019,"At. Taliyapokhar,po Rolagram, Ps Maheshpur,  Distt Pakur, Jharkhand",816106,642,3291500,247134,-,sharmatn2@gmail.com,jnvpakur@gmail.com,2003,Tarkeshwar Nath Sharma,Senior Secondary,Navodaya Vidyalaya Samiti,-,Pakur
Jawahar Navodaya Vidyalaya,3440021,"At Bano Road Kolebira, P.o. Kolebira, Distt. Simdega, Jharkhand",835211,6527,9009784311,264450,-,BPGUPTA1964@GMAIL.COM,-,1992,Bhuwaneshwar Prasad Gupta,Senior Secondary,Navodaya Vidyalaya Samiti,-,Simdega
Jawahar Navodaya Vidyalaya Patratu,3440025,"Road No. 5, New Market, Po - Ptps, Dist - Ramgarh, State - Jharkhand, Pin - 829119",829119,-,1234567890,-,-,jnvramgarh@gmail.com,https://www.navodaya.gov.in/nvs/nvs-school/Ramgarh,2017,Mr. Binod Kumar Mandal,Secondary School,Navodaya Vidyalaya Samiti,-,Ramgarh
Jawahar Navodaya Vidyalaya-Ii,3440023,"Japla, Palamu Jharkhand",822116,6566,9470977146,947154919,-,mpandeyjnvr@gmail.com,-,1998,Mithilesh Pandey,Secondary School,Navodaya Vidyalaya Samiti,-,Palamu
"Jawahar Navodaya Vidyalaya, Khunti",3440026,Model School Campus Karra Road Birhu Po Birhu Ps Khunti Dist Khunti,835210,-,06122266085,-,-,jnvkhunti@gmail.com,https://www.navodaya.gov.in/nvs/nvs-school/Khunti/,2018,Dr. Anil Kumar,Secondary School,Navodaya Vidyalaya Samiti,-,Khunti
Jawahar Navodaya Vidyalya,3440024,"At Seelampur, Po Maheshpur Distt. Pakur Ii, Jharkhand",816107,3822,09471584837,9402382759,-,-,-,1990,Debraj Dwivedi,Secondary School,Navodaya Vidyalaya Samiti,-,Pakur
Dav Public School,3430172,Urimari Sayal Po Sayal Distt Hazaribagh Jharkhand,829125,91,9431990125,-,-,davps.urimari@yahoo.com,-,1994,Uttam Kumar Roy,Senior Secondary,Dav College Trust &mgmt Soc,-,Hazaribagh
Dav Public School,3430319,"Tenughat Dam Po - Tenughat, Dist.-bokaro",829123,654,230460,-,-,davps_tenughat@rediffmail.com,http://www.davtenughat.com,2003,Archana Mishra,Senior Secondary,Dav College Trust & Management Society,-,Bokaro
Dav Public School,3430246,"Rangamatia, Sindri Dhanbad",828122,326,2350333,2758565,0326-2350333,ashutoshmairh@gmail.com,-,1999,Ashutosh Kumar,Senior Secondary,Dav College Trust And Management Society,-,Dhanbad
Dav Public School,3430103,Gandhi Nagar Ccl Ranchi Jharkhand,834008,651,"0651-2231183, 203412",-,0494 - 2616615,davgandhinagar@gmail.com,http://www.davgandhinagar.com,-,Mr. Sunil Kumar Sinha,Senior Secondary,-,-,Ranchi
Dav Public School,3430135,Contractor Area Road No. 4 Bistupur Jamshedpur Jharkhand,831001,657,"2226745, 433309",-,-,principal@davbistupur.org,-,1995,Pragya Singh,Senior Secondary,"Dav College Trust Mang. Society, N.",-,East Singhbhum
Dav Public School,3430146,Po Dugda Distt Bokaro Jharkhand,828404,6549,244361,742312,0591-2411864,davdugda@gmail.com,-,2000,Anil Kumar Pandey,Senior Secondary,Dav College & Managing Soc Delhi,-,Bokaro
Dav Public School,3430152,Gokulpur Pakur Distt Pakur Jharkhand,816107,6435,223399,223643,-,dav_pakur@yahoo.com,-,1998,Vijay Kumar,Senior Secondary,Dav College Trust & Mgmt Society,-,Pakur
Dav Public School,3430330,"Near Sdo Office, G.t Road, Barhi",825405,6543,06543266587,-,6543266587,davbarhi2000@yahoo.com,http://www.davpsbarhi.com,2003,Mr. Ashok Kumar Singh,Senior Secondary,"Dav College Trust Management Society ,new Delhi",-,Hazaribagh
Dav Public School,3430056,Tisco P.o. Noamundi Distt Singhbhum (west) Jharkhand,833217,6596,233003,06596-233343,06596-2333,tkmishra20@gmail.com,-,1988,Tarun Kumar Mishra,Senior Secondary,"Dav Cmc, N.delhi",-,West Singhbhum
Dav Public School,3430178,At Tukypani Simdega Po Pondripuri Distt Simdega Jharkhand,835223,6525,"290076, 225562",6525225562,225562,anilmath.88@rediffmail.com,-,1995,Anil Kumar Sinha,Senior Secondary,Dav College Mgmt Committee,-,Simdega
"Dav Public School,Gidi-A",3430222,"P.o.-gidi-a, Ccl, Argada Area.distt-hazaribag(jh)",829108,91,7979921203,-,06553-272716,davpublicschoolgidia@rediffmail.com,www.davgidia.com,2003,Dr. Ramesh Kumar Singh,Senior Secondary,"Dav College Trust & Management Society,new Delhi",-,Hazaribagh
"Dav Public School, Topa",3430310,At/po-topa Colliery Distt. Ramgarhstate-jharkhand,825330,-,9939466061,-,-,davtopa2012@gmail.com,http://www.davtopa.com,1995,Mr. Abhaya Kumar Prakhar,Senior Secondary,Dav College Trust And Management Society,-,Ramgarh
"Dav Public School,Maheshpur",3430370,"Maheshpur Raj,maheshpur,dist-pakur,jharkhand, Pin-816106",816106,-,06423-228541,-,-,davmaheshpur@gmail.com,-,2006,Mr.sanjeev Kumar Mishra,Secondary School,Dayanand Anglo-vediccollege Trust &management Society,-,Pakur
Dav Public School,3430173,Manoharpur Ore Mine Tisco Sail At/po Chiria Singhbhum Jharkhand,333106,6593,290008,-,-,skj.dav@gmail.com,-,1993,Sanjay Kumar Jha,Secondary School,Dav College Trust & Mgmt Soc,-,West Singhbhum
Dayanand Adarsh Vidyalaya,3430371,"Dayanand Adarsh Vidyalaya, P.o - Koriya, P.s - Chandankiyari, Jharkhand",828134,-,06542-234012,-,-,Davkoriya1@gmail.com,-,2010,Mr. Satyendra Kumar Ojha,Senior Secondary,The Oxford Learning Campus,-,Bokaro
Dayanand Arya Vidya Public School,3430396,"Kandri More, Mandarranchi",835214,-,8757674340,-,-,davmandar01@gmail.com,-,2000,Mr. Justin Kujur,Senior Secondary,Dayanand Arya Vidya Educational Welfare Trust,-,Ranchi
Dayawati Modi Public School,3430214,"Umesh Nagar, Chandil Bhadubih P.o Seraikela Kheswan Chandil.",832401,6591,232536,-,-,mary_tom@rediffmail.com,-,1929,Marykutty Thomas,Senior Secondary,Daya Charitable Trust,-,Seraikella Kharsawan
Delhi Public School,3430044,Sect Iv Boko Steel City Distt Bokaro Jharkhand,827004,6542,"233544, 242287",06542-232222,243015,info@bpsbokaro.com,http://www.dpsbokaro.com,1987,Awanindra Singh Gangwar,Senior Secondary,Delhi Public School Society,-,Bokaro
Dbms Kadma High School,3430266,"Road No. 23,farm Area, Kadma",831005,657,2310239,9891581307,-,buglimeena@gmail.com,-,2003,Meena Bugli,Senior Secondary,Dakshina Bharata Mahila Samaj,-,East Singhbhum
Delhi Public School,3430184,"Turiabera, Post Bhilai Pahari, Mango Thana Mgm, Jamshedpur Jharkhand",831012,657,"2942873, 2362370",6572901451,2362371,dpsjsr.in@gmail.com,-,1992,Kirandeo Singh,Senior Secondary,Delhi Pub School Society And Viswa Gyan Punj Trust,-,East Singhbhum
Delhi Public School,3430317,"Near Tv Tower Barkagaon Road, Hazaribag,825301",825301,654,223470,-,-,dpshazaribag@gmail.com,http://www.dpshazaribag.com,2013,Renu Kumari Sinha,Senior Secondary,Green Valley Educational Trust,-,Hazaribagh
Delhi Public School Chakradharpur,3430617,"Chiranjee Block, Ward No- 20, Shyamlal Gupta Campus,  Chakradharpur",833102,-,7635066884,-,7635066884,dpsckp@gmail.com,http://www.dpschakradharpur.com,2017,Mr. Joy Deep Dutta,Secondary School,Swami Sansthan Educational Trust,-,West Singhbhum
Delhi Public School Greater Ranchi,3430378,"Neori Vikas, Mesra",835217,-,06512902835,-,-,principal@dpsgreaterranchi.com,http://www.dpsgreaterranchi.com,2016,Mr.ashutosh Kumar,Secondary School,Angika Development Society,-,Ranchi
Delhi Public School Gawan,3430685,"Near Thakurbari, Gawan",815313,-,9431612757,-,-,mdpsgawan@gmail.com,https://mdpsg.com,-,Shweta Sinha,Secondary School,Manonandan Educational Trust,-,Giridih
Delhi Public School Giridih,3430618,"Harsing Raidih, Tundi Road,giridih 815301",815301,-,06532222199,-,6532222199,info@dpsgiridih.com,http://www.dpsgiridih.com,2014,Mr. Naresh Singh Rajput,Senior Secondary,Guru Hargovind Singh Educational Trust,-,Giridih
Delhi Public School Tandwa,3430628,"Kosaha,chatra, Jharkhand",825321,-,9931199910,-,9931199910,dpstandwa17@gmail.com,http://www.dpstandwa.com,2016,Mr. Manik Chandra Mukherjee,Secondary School,Educational Trust,-,Chatra
"Delhi Public School, Chas",3430369,Chandankyari Road,827013,-,8986614061,-,-,info@dpschasbokaro.com,http://www.dpschasbokaro.com,2017,Mrs. Neelkamal Sinha,Senior Secondary,Durga Devi Shivnarayan Memorial Society,-,Bokaro
Delhi Public School,3430052,Karmik Bhawan Dhanbad (post Office Ism) Distt Dhanbad Jharkhand,826004,326,"2203259, 2203864",-,-,dhndps@gmail.com,-,1988,Dr. Sarita Sinha,Senior Secondary,D P C Society & B C C L,-,Dhanbad
Delhi Public School,3430053,S A I L Town Ship P O Dhurwa Ranchi Jharkhand,834004,651,2441176,-,-,rs1224@rediffmail.com,-,1989,Ram Singh,Senior Secondary,Delhi Public School Society,-,Ranchi
"Delhi Public School, Pakur",3430354,"Near New Police Line, Malipara, Pakur - 816107",816107,6435,223690,-,6435223690,bm9kolkata@gmail.com,http://www.dpspakur.org,2014,Bibhudatta   Mohanty,Senior Secondary,Shakuntala Foundation,-,Pakur
Devsangha National School,3430126,P.o. Devsangha Bompas Town B. Deoghar Jharkhand,814114,6432,292205,-,-,dsnsdeoghar@gmail.com,www.dsnsonline.edu.in,1996,Pankaj Kumar,Senior Secondary,Dev Sangha Pratisthan,-,Deoghar
Dhanbad City School,3430145,Bhuli Road Bye Pass B Polytechnic Dhanbad,828130,326,"9234302209, 205459",3262211621,-,tksinha_dcs@rediffmail.com,-,2001,T K Sinha,Senior Secondary,Agzha Memorial Trust,-,Dhanbad
Dhanbad Public School,3430086,Govindpur Road(near Bhuipore Mandir) P.o. K G Ashram Dhanbad Jharkhand,828109,326,9204794995,0326-2207287,2208777,principaldps1989@gmail.com,www.dpsdhanbad.blogspot.c,1989,Sharda Mahajan,Senior Secondary,Shiksha Vikas Trust,-,Dhanbad
"Dhanbad Public School,Hirak Br",3430242,"Po.o. Nagnagar,",826004,326,9234301915,-,0326-2208777,principal.kkmdps@gmail.com,-,2000,Purnima Sil,Senior Secondary,Shiksha Vikas Trust,-,Dhanbad
Divine Mission School,3430374,"Vill.-hitku,po-narwa Pahar,ps-sundernagar,dist-purbi Singhbhum,jharkhand",832107,-,06572276561,-,-,divinemissionschool1202@gmail.com,www.divinemissionschool.in,2013,Mrs. Rinku Kumari,Senior Secondary,Vikash Bharti,-,East Singhbhum
Divine Public School,3430325,"At+po-gangpacho,ps-barkatha,dist-hazaribagh",825323,6543,06543210092,-,-,dpsbarkatha@gmail.com,http://www.dpsbarkatha.com,2010,Mr.kamlesh Kumar,Senior Secondary,Divine Kalyan Kendra,-,Hazaribagh
Don Bosco,3430316,"Vill-ramkanali, P.o- Nirsha, City-dhanbad, Nirsha",828205,-,9204064582,-,0236-6550868,donboscoramkanali@gmail.com,-,1996,L Bhaskar Rao,Secondary School,Karam Singh Saini Memorrial Turst,-,Dhanbad
Doon Public School,3430115,Kusum Vihar Koyla Nagar Dhanbad Jharkhand,826005,326,"2230713, 207780",25099545,3812342572,doon_sunil@yahoo.co.in,-,2001,Binod Kumar Singh,Senior Secondary,Kusum Vihar Education Trust,-,Dhanbad
Doon Public School,3430684,"Vill- Satkira, Pawapur, Topchanchi",828402,-,8252204007,-,-,doonjharkhand@gmail.com,www.doonpublicschooldhanbad.com,-,Aparna Sinha,Secondary School,Krishna Murari Memorial Educational Trust,-,Dhanbad
Dr. Radhakrishnan School Of Learning,3430409,"Opp. Hp Petrol Pump,bonga, Bariyathhazaribagjharkhand",825402,-,06546224084,-,6546227084,drkslbonga@gmail.com,http://www.drkslhzb.com,2015,Mrs. A Kumari,Secondary School,Santripti Educational & Welfare Trust,-,Hazaribagh
Dwarika Memorial Foundation Academy,3430291,At-bishunpur  P.o-b Polytechnic Dist-dhanbad,828130,326,9234134797,-,-,dmfacademy@gmail.com,-,2004,Vandana Vihar,Senior Secondary,Aaryavart Utthan Samiti,-,Dhanbad
Divine Public School,3430615,"Beko, Bagoddar, Giridih,jharkhand  Pin- 825322",825322,-,7004062869,-,7004062869,divinepublicschoolbeko@gmail.com,http://www.dpsbeko.in,2016,Mr. Ganesh Kumar,Secondary School,Divine Educational Trust,-,Giridih
Eklavya Model Residential School,3420002,"At- Tisinduri, Post- Khutpani, Dist-west Singhbhum, Jharkhand- 833 204",-,-,-,-,-,-,-,-,-,Secondary School,-,-,West Singhbhum
Dr. Bhabha Public School,3430306,"At: Barjo, P.o: Rajdhanwar, Dist: Giridih",825412,6554,06554210020,-,-,bhabhapublicschool@gmail.com,www.dbps.in,2011,Mr. Ajay Kumar Choudhary,Senior Secondary,Dr. Bhabha Public High School Sansthan,-,Giridih
"Elite Public School,Pakur",3430601,"At - Chakbalrampur/devpur, Post +p.s. + Dist- Pakur ,jharkhand ,pin Code - 816107",816107,-,9955767598,-,-,elitepublicschoolpakur2010@gmail.com,www.epspakur.in,2010,Mrs. Moushami Mukherjee,Senior Secondary,Arvind Social Serice And Educational Trust,-,Pakur
Elite Public School,3430233,"Chianki, Medininagar",822101,6562,06562-223215,-,065622-223215,epsasharps@rediffmail.com,-,-,Mr. Shiv Shankar Prasad Sinha,Senior Secondary,-,-,Palamu
Esteem Public School,3430348,"At-chaliyama, Kesargaria, Ps- Rajnagar,jharkhand 833201",833201,1663,06582255162,-,6582255162,epscbsa@gmail.com,www.esteempublicschool.co.in,2012,Mrs. Jyotsna Jha,Senior Secondary,Khushnuma Educational Society,-,Seraikella Kharsawan
Fahima Academy,3430613,"Nayee Basti, Mandai, Sadar, Hazaribag, Jharkhandd",825301,-,8102123808,-,8102123808,fahima1993r@gmail.com,http://www.fahimaacademy.in,1993,Mrs. Farha Fatmi,Senior Secondary,Fahima Educational Society,-,Hazaribagh
G & H High School,3430039,"Jail Road East Distt Ranchi, Jharkhand",834001,651,2273120,24070,-,principalgnhranchi@gmail.com,-,1980,Sutapa Paul,Senior Secondary,Gojedicatpma; Society,-,Ranchi
G. M. Public School,3430398,At Chaita Near Azadnagar More Po- Gomoh Ps- Hariharpur Gomoh Dist- Dhanbad Jharkhand,828401,-,9955521910,-,-,gmpublicschool2019@gmail.com,WWW.GMPUBLICSCHOOL.CO.IN,2001,Mr. B K Mandal,Senior Secondary,G. M. Academic And Technical Education Development Trust,-,Dhanbad
G. N. Convent School,3430381,Purani Bazar,822114,-,06561210026,-,6561210026,gnconvent2015@gmail.com,http://www.gnconvent.com,2000,Mr.chandra Bhushan Sinha,Senior Secondary,S. K. Memorial Charitable Trust,-,Garhwa
Gaurav Awasiya Uchya Vidalay,3430344,"Banshiih,chas,",827013,6542,265211,-,06542-268455,bkscbhu@rediffmail.com,-,2008,Binay Kumar Singh Choudhary,Secondary School,Gourav Awasiya Prabandh Samiti,-,Bokaro
Gautam Buddha International School,3430194,Tatisilwai Ranchi Jharkhand,835103,651,2265465,-,-,sumansahi1432@gmail.com,-,1929,Seva Shahi,Secondary School,Kamla Nehru Vidya Mandir,-,Ranchi
Eklavya Model Residential School,3420001,"At- Kathijia, Post- Kathijia, Dist.- Dumka, Jharkhand- 814101",-,-,-,-,-,-,-,-,-,Secondary School,-,-,Dumka
Geeta Devi Dav Public School,3430162,Bhandar Kola Satar Road B Deoghar Jharkhand,814112,6432,292286,222534,-,pplramesh@rediffmail.com,-,1996,Ramesh Chandra Sharma,Senior Secondary,Dav College Trust & Mgmt Society,-,Deoghar
Gayatri Shiksha Niketan,3430196,At & Po Adityapur Jameshedpur Jharkhand,831013,657,2370086,-,5122460792,info@superinternationalschool.com,http://www.superinternationalschool.com,2010,Dr Neelam Singh,Senior Secondary,Gyso Educational & Welfare Trust,-,West Singhbhum
Ggcet St Xaviers International School,3430235,"Nawadih, Po-b.polytechnic, Dhanbad, Jharkhand",828130,326,9234686509,-,-,ggcet@rediffmail.com,www.xis.edu.in,2008,Mr. Ravi Prakash Tiwary,Senior Secondary,Ganesh And Gita Charitable And Educational Trust,-,Dhanbad
Good Dream Public School,3430678,"Chalkusha, Chalkusha",825109,-,9931038787,-,-,gdpsmaskedih09@gmail.com,http://www.gdpshzb.in,-,Rajesh Yadav,Senior Secondary,Good  Dream Educational And  Welfare Trust,-,Hazaribagh
Govind Vidyalaya,3430114,At Tamulia P.o. Mango Jamshedpur Jharkhand,831012,657,2943376,-,-,sunitasinha.gvt@gmail.com,-,1980,Sunita Sinha,Senior Secondary,Sri Guru Singh Sabha Tamulia,-,Seraikella Kharsawan
Firayalal Public School,3430209,5 Main Road Near Railway Bridge Ranchi Jharkhand,834001,651,2208260,2.66E+15,0141-2340556,fpsranchi@rediffmail.com,-,1996,Mr. Niraj Kumar Sinha,Senior Secondary,Ajay Munjal Memorial Trust,-,Ranchi
Bright Land School,3430294,"By Pass Road, Daltonganj",822101,656,2222862,-,-,rahul.mailaddress@gmail.com,-,2000,Rahul Kumar Singh,Senior Secondary,Smt. Somvati Kumari Memial Charitable Trust,-,Palamu
Bridgeford School,3430177,Po Hatia Ps Hatia Distt Ranchi Jharkhand,834003,651,"6999444, 290103",6512206856,2290055,schitlangia@yahoo.co.in,-,2001,Seema Chitlangia,Senior Secondary,Ganesh Prasad Jalan Mem Trust,-,Ranchi
Brl Dav Public School,3430097,Bhandaridah Distt Bokaro Jharkhand,829132,6549,239243,6549239245,239243,hazra_ss1996@rediffmail.com,-,1998,Shyam Sundar Hazra,Senior Secondary,D A V College & Managing Committee,-,Bokaro
Buds Garden School,3430311,"Daludih, Po+ps-rajganj, Baghmara, Dhanbad, Jharkhand",828113,326,8539993608,-,-,pramod.buds@gmail.com,-,2000,Pramod Kumar,Senior Secondary,Buds Garden Educational Society,-,Dhanbad
"Calcutta Public School,Ormanjhi",3430600,"Vill&p.o.-ormanjhi,on Nh-33 Ranchi-hazaribagh Road",835219,-,06512273060,-,-,cpsranchi15@gmail.com,WWW.CPSRANCHI.COM,2015,Mrs. Priambda Jha,Secondary School,Jha Educational Trust,-,Ranchi
Cambrian Public School,3430087,Kanke Road Ranchi Jharkhand,834008,651,"6571482, 2342899",2233712,225730,neetap316@gmail.com,http://www.smemsrbg.com,1993,Neeta Pandey,Senior Secondary,Moti Raj Devi Trust,-,Ranchi
Cambridge School,3430200,Tatisilwai Ranchi Jharkhand,835103,651,"2265608, 2265608",-,-,principal@cambridgeschoolranchi.com,-,1996,Tapas Kumar Nath,Senior Secondary,Kamla Nehru Vidya Mandir,-,Ranchi
Cambrian Public School,3430290,"Radio Station Road,kathitandpo-ratu",835222,651,7677878910,-,0651-2521034,cpskathitand@gmail.com,http://www.cpskathitand.com,-,Mrs. Annakutty,Senior Secondary,Moti Raj Seva Trust,-,Ranchi
Campion Basic Academy,3430336,At & Post - Ichak,825402,6548,285273,229148,-,gsb_cba@rediffmail.com,-,2005,Ganesh Shankar Bidyarthi,Senior Secondary,Manav Vikas,-,Hazaribagh
Carmel School Kargali,3430326,"Carmel School Kargalipo - Bermo, Dist - Bokaro, Jharkhand",829104,6549,06549220596,-,-,carmelschoolkargali@rediffmail.com,-,-,Miss Anjali Cherian,Secondary School,-,-,Bokaro
Central Academy,3430036,Bariatu Road Ranchi Jharkhand,834009,651,8340476509,2.23E+16,-,jaiswalrenuka01@gmail.com,www.mgmschoolitarsi.com,1966,Renuka Jaiswal,Senior Secondary,Worls Buddha Foundation,-,Ranchi
Central Public School,3430213,"Main Road, Aditypur, Dostt. Seraikela-kharsawan, Distt West Singhbhum, Jharkhand",831013,657,2372803,2421525,0821-4287207,shivshankarjsr2012@gmail.com,http://www.bgscentralschool.org,2002,Shiv Shankar Dey,Senior Secondary,Sri.adichunchanagiri Shikshana Trust,-,West Singhbhum
Chinmaya Vidyalaya,3430013,Sect V Bokaro Steel City Bokaro Jharkhand,827006,6542,"269609, 7314",6.54E+14,-,principalcvbokaro@gmail.com,www.chinmayabokaro.co.in,1977,Ashok Singh,Senior Secondary,"Central Chinmaya Mission Trust,bby",-,Bokaro
Chasnalla Academy,3430026,P O Chasnalla Dhanbad Distt Jharkhand,828135,326,62385171,2382649,-,ajit.kumar.principal@gmail.com,-,1973,Ajit Kumar,Senior Secondary,Chasnalla Jitpur Sch Executive Com,-,Dhanbad
"Chinmaya Vidyalaya, Southpark",3430243,"South Park, Bistupur,east Singhbhum",831001,657,8235073061,-,-,cv.southpark@gmail.com,www.cvsouthpark.org,2001,Mrs. Mikki Singh,Senior Secondary,Chinmaya Mission Jamshedpur,-,East Singhbhum
Corona Universal School,3430605,"At-manatu, Po-katamkuli, Ps-kanke, Dist-ranchi",835222,-,9471182961,-,9905335615,cusranchi@gmail.com,http://www.cusranchi.com,2016,Mrs. Vibha Srivastava,Secondary School,Corona Universal Education Trust,-,Ranchi
Crescent International School,3430385,"Bario (knowledge Village) ,govindpur,dhanbad",828109,-,03263247750,-,-,cisbariodhanbad@gmail.com,http://crescentinternational.in/,2014,Dr. Tapas Chatterjee,Senior Secondary,Sheikh Abdul Jalil Foundation,-,Dhanbad
Crescent Public School,3430189,Sect Vi Bokaro Steel City Jharkhand,827006,6542,268696,256886,268696,anil.crescent@yahoo.com,-,1970,Anil Kumar Gupta,Senior Secondary,Gyandeep Shikshan Sansthan,-,Bokaro
D A V Centenary Public School,3430072,Bhawanathpur Township Distt. Garhwa Jharkhand,822129,6563,233637,220,54561,drrksingh314@gmail,-,1957,Ramesh Kumar Singh,Senior Secondary,Galaxian International School Society,-,Garhwa
D A V Centenary Public School,3430068,Baniahir Lodna Area P.o. Bhaga Distt. Dhanbad Jharkhand,828301,326,"2361439, 0326",-,-,subratomodak@gmail.com,-,1986,Subrata Modak,Senior Secondary,D A V College & Managing Committee,-,Dhanbad
D A V Co-Operative Sr Sec School,3430008,Khalari Ranchi Distt Jharkhand,829205,6531,7979945993,246447,-,bproy.64@gmail.com,-,1974,Sh. Bani Prasad Roy,Senior Secondary,Dav College Managing Committee,-,Ranchi
D A V Kapil Dev Public School,3430099,New Ag Colony Kadru Ranchi Jharkhand,834002,651,"655330, 2340834",1795222537,2221772,davkadru_402@yahoo.co.in,http://www.alpinenalagarh,1991,Ram Binod Sharma,Senior Secondary,D A V College & Managing Committee,-,Ranchi
D A V Model School,3430028,C F R I P.o. F R I Dhanbad Distt Jharkhand,828108,326,2381158,9.13E+11,2381158,nnsrivastavadnb@yahoo.com,-,1978,N N Srivastava,Senior Secondary,Dav College Managing Commitee Nd,-,Dhanbad
D A V Public School,3430029,Central Colony Dhori P O Phusro Bazar Bokaro Distt Jharkhand,829144,6549,220249,220528,220249,dav_dhori@yahoo.com,www.davdhori.com,1982,Satyendra Kumar,Senior Secondary,Coal India Limited,-,Bokaro
D A V Public School,3430094,P O Sawang Colliery Distt. Bokaro Jharkhand,829128,6544,"261228, 6228",6469,-,dav.sawang@gmail.com,-,1989,Achyuta Nand Routaray,Senior Secondary,Dav College Managing Commitee,-,Bokaro
D A V Public School,3430010,Sector Iv Bokaro Steel City Dist. Bokaro Jharkhand,827004,6542,"9431141358, 272084",-,6542233505,davbokaro@yahoo.co.in,http://www.dav4bokaro.org,-,Mr. Arun Kumar,Senior Secondary,-,-,Bokaro
D A V Public School,3430280,"Gaya Road, Babhne",825401,6541,254578,-,06541-225478,syedejazahmed66@gmail.com,http://www.puritydavchatra.in,2008,Syed Ejaz Ahmed,Secondary School,Dav College Trust & Management Society,-,Chatra
D A V Public School,3430019,Kusunda Colliery Area 6 P O Kusunda Dhanbad Distt Jharkhand,828116,326,2330025,2330025,6546233350,pplkusunda@gmail.com,http://www.namanvidya.com,1982,Uday Shankar Pandey,Senior Secondary,Dav Cmc Chitra Gupta Road N Delhi,-,Dhanbad
D A V Public School,3430003,Alkusa Colliery P O Kusunda Dhanbad Jharkhand,828116,326,"2332617, 73285",2330278,2332617,sanjayksinha.6216@gmail.com,-,1982,Sanjay Kumar Sinha,Senior Secondary,Dav College Managing Committe N Del,-,Dhanbad
D A V Public School,3430108,Barora (bccl) Po Nawagarh Dt Dhanbad Jharkhand,828306,326,2393652,61031,-,skdav1967@gmail.com,-,1989,Sunil Kumar,Senior Secondary,D A V College & Managing Committee,-,Dhanbad
D A V Public School,3430202,Patratu Thermal Power Station Patratu Distt Hazaribagh Jharkhand,829119,91,7781968215,-,7781968215,davptps@gmail.com,http://www.davptpspatratu.org,1997,Mr. Shiv Ratna Prasad,Senior Secondary,Dav College Trust And Management Society,-,Hazaribagh
D A V Public School,3430031,Rajrappa Project P O Hazaribagh Distt Jharkhand,829210,-,"9234300963, 32078",-,-,davrrp@gmail.com,-,1982,Himanshu Kumar Jha,Senior Secondary,D A V College Trust & Managing Soc.,-,Hazaribagh
D A V Public School,3430131,Mahuda P O Mahuda Distt Dhanbad Jharkhand,828305,91,9234364809,286989,-,ashokamitgolu@gmai.com,-,1993,Ashok Kumar Singh,Secondary School,Dav College Mang. Commtt.n.d.,-,Dhanbad
D A V Public School,3430127,P O 71 Canary Hill Road Hazaribagh Jharkhand,825301,6546,260345,6546267345,261345,akumar267345@gmail.com,-,1992,Ashok Kumar,Senior Secondary,D A V College Trust& Management,-,Hazaribagh
D A V Public School,3430030,Ara Kuju Area P O Sarubera Hazaribagh Distt Jharkhand,829134,6545,267170,6545267065,267170,davarakuju@gmail.com,-,1982,Rajesh Kumar Roy,Senior Secondary,D A V College Trust & Managing Soc.,-,Hazaribagh
D A V Public School,3430095,E C L Rajmahal Area Urjanagar Po Mahagama Distt. Godda  Jharkhand,814154,6437,228327,228328,-,davurjanagar@gmail.com,-,1994,B P Yadav,Senior Secondary,D A V College & Managing Committee,-,Godda
D A V Public School,3430041,Moonidih Project P O Moonidih Dhanbad Jharkhand,828129,326,2273337,-,-,plmoonidih@gmail.com,-,1984,Mahendra Prasad Singh,Senior Secondary,Dav College Managing Committee,-,Dhanbad
D A V Public School,3430076,Kathara C C L P O Kathara Distt Bokaro Jharkhand,829116,6549,235346,"06549(235588), 09931155304",-,davkatharamk@gmail.com,-,1989,Dr Manoj Kumar,Senior Secondary,D A V College Managing Committee Nd,-,Bokaro
D A V Public School,3430049,Acc Jhinkpani Distt Singhbhum Jharkhand,833215,658,235254,224183,-,rksinha68patna@gmail.com,-,1987,R  K  Sinha,Senior Secondary,Dav College Managing Committee Delh,-,West Singhbhum
D A V Public School,3430113,Tapin North (r R W) P.o. Tapin Distt. Hazaribagh Jharkhand,825326,6546,231001,-,-,DAVPSTAPIN_NORTH@YAHOO.COM,-,1990,Dr Rani Jaiswal,Senior Secondary,D A V College & Managing Committee,-,Hazaribagh
D A V Public School,3430018,Sector-iii Dhurwa Ranchi Jharkhand,834004,651,6560335,709177,-,davdhurwa4@gmail.com,-,1974,Bindeshwar Choudhary,Senior Secondary,Arya Samaj Dhurwa Ranchi,-,Ranchi
D A V Public School,3430130,Ecl Chitra Po Chitra Via Jamtara Distt Distt. B Deoghar Jharkhand,815351,6438,64294,614290,-,reajsingh89@gmail.com,-,2000,Ajay Kumar Singh,Senior Secondary,Dav College Mang. Commtt.n.d.,-,Jamtara
D A V Public School,3430069,"N T S Barkakana Distt. Ramgarh, Jharkhand",829103,91,8092196603,170,4228324,urmilasingh.dav@gmail.com,-,1980,Urmila Singh,Senior Secondary,D A V College & Managing Committee,-,Ramgarh
D A V Public School,3430071,Itki Road Po Hehal Ranchi Jharkhand,834005,651,"6900480, 510993",6512513253,2526254,davhehalranchi@yahoo.com,-,2006,Tara Pada Pati,Senior Secondary,Abhinav Education Society,-,Ranchi
D A V Public School,3430139,N I T Campus Adityapur Distt. Seraikella Kharsawan Jharkhand,831014,657,"2372782, 2380933",9431131118,-,opmishra709@gmail.com,http://www.davnitjsr.org,1990,Om Prakash Mishra,Senior Secondary,"Dav College Mang. Committee, N. D.",-,Seraikella Kharsawan
D A V Public School,3430117,Bariatu Road Ranchi Jharkhand,834009,651,2541191,7783866244,2541191,vksranchi123@gmail.com,http://www.davbariatu.com,1988,Vijay Kumar Singh,Senior Secondary,D A V College Managing Committee New Delhi,-,Ranchi
D.A.V. Nageshwar Public School,3430264,"Vill.- Chandaghasi, P.o.- Tetari, Hatia, P.s.- Jaggarnathpur, Ranchi-03.",834003,651,6455442,-,-,nilam.anant@gmail.com,-,2006,Nilam Singh,Senior Secondary,Greenland Vikas Samittee,-,Ranchi
D A V Public School Central Coal Fields Ltd Giridh Po Beniadih Dist Giridih Jharkhand 815311,3430074,Central Coal Fields Ltd. Giridih P.o. Baniadih Distt. Giridih Jharkhand,815311,6532,"06532222307, 2462",-,222307,davcclgrd@gmail.com,www.davcclgiridih.org,1988,Mr. Bhaiya Abhinav Kumar,Senior Secondary,Dayanand Anglo Vedic College Trust And Management Society,-,Giridih
"D.A.V. Public School, Gumla",3430219,"Neemtoli(behind Police Line), Lohardaga Road, Distt Gumla, Jharkhand",835207,6524,9472785092,-,6524223320,davgumla@gmail.com,-,1996,Dilip Kumar Mahato,Senior Secondary,"D.a.v. College Trust And Management Society, New Delhi-55",-,Gumla
D A V Public School,3430120,Rmd(sail) Po Gua Distt Singhbhum Jharkhand,833213,6596,263163,-,-,n.pasayat.dav@gmail.com,-,1992,Nageswar Pasayat,Senior Secondary,Dav College Managing Committee,-,West Singhbhum
"D.A.V. Public School,Sec-Vi",3430244,"D.a.v. Public School Sec-vi, Bokaro Steel City - 827 006 (jharkhand)",827006,6542,068894,-,06542 276894,neelkamalsinha@gmail.com,-,1993,Neelkamal Sinha,Senior Secondary,"Dav College Managing Comittee,new Delhi",-,Bokaro
"D.M.Public School,Parsia,Putki,Dhanbad",3430626,"Jawahar Nagar Officers Colony,matkuria",828116,-,9973579595,-,-,dmpublicschoolparsia@gmail.com,http://www.dmpsparsia.com,2020,Mr. Uday Shankar Pandey,Secondary School,Dhiren Mahato Memorial Trust,-,Dhanbad
Dav Alok Public School,3430183,"Argora Naya Sarai Raod, Pundag Teh Ratu Ranchi Distt Ranchi Jharkhand",834004,651,"09835524491, 2243263",-,-,hr.davalok@gmail.com,http://davalok.org.in,2000,Dr. Ashok Kumar,Senior Secondary,D Saha D.a.v. Charitable Trust Of India,-,Ranchi
"Dav International School , Mesra,Ranchi",3430289,"Po Neori Vikas,near Bit, Mesra",835217,-,651-2544550,-,-,davjh069@gmail.com,-,2005,Mrs.manju Roy Bhattacharya,Secondary School,"Dav College  Trust And Management Society, New Delhi",-,Ranchi
Dav Moti Public School,3430411,"At- Hethnagar, Post- Mundro, P.s- Bagodar, Dist.- Giridih, State- Jharkhand",825320,-,06557233010,-,6557233010,davmpsschoolmoondro@gmail.com,www.davmps.org,2007,Mr. Arun Kumar Dey,Secondary School,Mv Foundation,-,Giridih
Dav Nandraj Public School,3430154,Booty Road Village Gari Undvi Ps Sadar Distt Ranchi Jharkhand,800018,651,2545489,9650114883,-,gkaur1961@gmail.com,-,1981,Shailender Kaur,Senior Secondary,Arya Gyan Prachar Samiti,-,Ranchi
Dav Public School,3430106,Tenughat Thermal Power Station P.o.lalpania Distt.bokaro Jharkhand,829149,654,4225453,06544-225453,225453,jhaarun001@gmail.com,-,1990,Arun Kumar Jha,Senior Secondary,D A V College & Managing Committee,-,Bokaro
Dav Public School,3430148,Koyla Nagar Dhanbad Jharkhand,826005,326,2230715,261234,-,kcsdav@gmail.com,-,2000,Mr R. K Singh,Senior Secondary,"Dav College Trust & Mgmt Soc, Nd",-,Dhanbad
Dav Public School,3430185,Sur Vihar Colony Piparwar Area Ccl Po Bachra Distt Chatra Jharkhand,829201,6531,"260376, 260580",06531-260580,260376,davrajeevranjan@gmail.com,www davbachra.org,2007,Rajeev Ranjan Jha,Senior Secondary,Dav College Trust And Mgmt Society,-,Chatra
Dav Public School,3430105,Kedla Ccl P O Kedla Distt Ramgarhjharkhand,825325,6545,7292971121,-,-,davkedla@gmail.com,http://www.davkedla.in,1990,Mr. Nakul Prasad Yadav,Senior Secondary,"Dav College Trust And Management Scociety, New Delhi",-,Ramgarh
