A M C School,830145,18th Km National Park Road Bangalore Karnataka,560083,80,"27828657, 26638994",28562544,-,sunitajhamb1@gmail.com,-,2004,Sunita Jhamb,Secondary School,Paramhansa Foundation,-,Bengaluru
515 Army Base Wkshop High School,880016,"515 Army Base Wkshop High School, Cambridge Road Cross, Halasuru",560008,-,08025307559,-,8025307559,515abwhighschool@gmail.com,http://www.515armyschool.g,1994,T. Arasan,Secondary School,Awes,-,Bengaluru
A.V. Shetty Memorial Primary School,830315,"Ardi Albady, Kundapura Taluk, Udupi District Karnataka",576212,8284,"08259-285269, 08259-285369",9.78E+19,-,avsmardi@gmail.com,-,2003,Mrs. Yashodha Rao,Secondary School,A.v. Shetty Memorial Education Trust,-,Udupi
Adarsha Central School Byadgi,830725,"Rattihalli Road, Vidya Nagara, Byadgi",581106,8375,228088,-,-,pramod.malekar@gmail.com,-,2014,Pramod  S  Malekar,Secondary School,Adarsha Education Society,-,Haveri
A.V.S. Global School,831153,"Ghante Kanive, Nh-206, Mc Halli(p), Tarikere",577228,-,9663435276,-,-,avsglobalschool201@gmail.com,www.avsglobalschool.org,2020,Dr. Rocky Mathayi Antony,Secondary School,Avs Education Trust,-,Chikkamagaluru
Achievers Academy,830619,"No:49,srirampura Village,bommasandra-jigani Link Road,anekal Taluk,bangalore 562105.",562105,-,08027839266,-,8027839266,ashwini1916@yahoo.com,http://achievers-academy.in,2011,Misskavitha.s.hiremath,Secondary School,Krishnaraju Educational Trust,-,Bengaluru
Act-Nutan Vidyalaya International School,831061,"S.no 7/1, Nv Ground, Brahmapur, Gulbarga",585103,-,08472-223248,-,-,principal_actis@nutanvidyalaya.org,http://www.nutanvidyalaya.org,2018,Mr. Naveen Kumar S,Secondary School,Nutan Vidyalaya Society,-,Gulbarga
Aecs Magnolia Maaruti Public School,830230,"909/36, Arekere, Bannerghatta Road,",560076,80,26485622,240486,8026484411,magnoliamaaruti@gmail.com,http://www.yahoo.com,2004,Seema Goel,Senior Secondary,Amrith Educational And Cultural Society,-,Bengaluru
Air Fce School,880006,Jalahalli East Bangale Karnataka,560013,80,8277755008,-,-,afsjal@rediffmail.com,afsjal.g,1953,Mrs. Vasugi Gopal,Senior Secondary,Iaf Educationa And Cultural Society,-,Bengaluru
Agragami Vidya Kendra,830199,"C/a Site No.15/1a A Sector 13th Main Road, 80 Feet Road, Yelahanka New Town, Distt Bangalore, Karnataka",560064,80,41686714,241465,8023622346,neenuthanki@yahoo.in,http://www.avsmati.org,1999,Neenu S Thanki,Senior Secondary,Jc Kala Educational And Cultural Trust,-,Bengaluru
Air Fce School,880005,Post J C Nagar Hebbal  Bangale Karnataka,560006,80,23411061,9008511773,-,afshebbal@gmail.com,www.afshebbal.co.in,-,Mrs Renu Singh,Senior Secondary,-,-,Bengaluru
Air Fce School,880008,Air Fce Station Bidar Karnataka,585401,8482,26281,28187,06433-223037,sddavps_jamtara@rediffmail.com,-,1975,Mrs E Richard,Secondary School,Air Fce Management,-,Bidar
Air Fce School,880010,A.f.s  Yelahanka Bangale Karnataka,560063,80,28478067,9343818181,28478067,afschoolyel_06386@gmail.com,airfceschoolyel.g,1975,Mrs. Madhura M Phatak,Secondary School,Air Fce Management,-,Bengaluru
Air Fce School,880009,Murugeshpalayam Camp Vimanpura Post Bangale Karnataka,560017,80,5272332,9986653140,06433-223037,afsaste@yahoo.co.in,-,1984,Mrs. Chumki Nath,Senior Secondary,Air Fce Management,-,Bengaluru
Air Force School,830042,A.f.s  Yelahanka Bangalore Karnataka,560063,-,08029725481,-,-,afschoolyel06386@gmail.com,www.airforceschoolyel.net,1971,Mrs. Sv Vijayalakshmi,Senior Secondary,Iafe&cs,-,Bengaluru
Airaa Academy,831113,"Airaa Academybanshankari 6th Stage, Hemmigepura Main Road, Kengeri Hobli, Vidyapeeta Post,",560060,-,6362399616,-,-,airaacbse@gmail.com,www.airaa.com,2018,Mrs. Geetha. K.n,Secondary School,Airaa Academy Educational Trust,-,Bengaluru
Aishwarya International Public School,830521,"B.m.road, Near T.b.circle, H.k.v.nagar, Maddur, Mandya-dist.",571428,8232,213499,2415899,-,vindbops@gmail.com,-,2010,Machimanda S Vindya,Secondary School,Aishwarya Educational And Charitable Trust,-,Mandya
Ajay Akshara Public School,831097,Kushtagi,583277,-,9880463574,-,9880463574,bestech8888@gmail.com,http://www.aaps.com,2014,Mr.m. Umakanth Goud,Middle Class,Sri Ajay Educational Trust,-,Koppal
Akash International Residential  Public School,830419,"Baichapura Devanahalli Town Prasannahalli Road, Bangale Rural- 562110, Prasannahalli Road, Bangale Rural District.",562110,91,9480355444,25004,8027680100,manjujuly1979@gmail.com,http://www.akashinternationalschool.com,2010,Manjula H V,Senior Secondary,Akash Education And Development Trust,-,Bengaluru
Akshara International Public School,830639,"Kowdle, Koppa Hobli,maddur Taluk Mandya Karnataka",571425,8232,08232270664,-,8232270664,aksharaipskowdle@gmail.com,http://www.aksharaips.com,-,Mr. Suresh Babu C K,Secondary School,-,-,Mandya
Akshara School,830664,"Akshara Nagara,chennamumbpura,opp Jnnce, Savalanga Road, Shivamogga - 577 204",577204,818,298098,-,08182 298058,Vinitanavale@gmail.com,http://www.aksharainstitutions.com,2014,Vineetha N R,Secondary School,Saint Hathiram Memorial Education Trust ( R ),-,Shivamogga
Al Basheer International School- Madrasa,830912,"Sy No 40/4,40/6,sakalavara Village,anekal Taluk,jigani Hobli",560083,-,80 27837127,-,-,sajjadabis@gmail.com,http://www.albasheer.org,2012,Mr.abdul Wahid,Secondary School,Discover Islam Education Trust,-,Bengaluru
Al-Furqan Islamic English Medium School,830359,Post Mithabailputthige,574226,8258,8197366667,-,-,nazrana@rocketmail.com,http://www.alfurqan.org,2005,Nazrana,Secondary School,Al-furqan Educational Trust,-,Mangalore
Alpine Public School,830299,"Off Kanakpura Road, Behind Metro. Opp Of Delhi Public School, Bangalore",560062,91,7815010800,-,8022128357,principal@alpinepublicschool.com,http://www.alpinepublicschool.com,2005,Jayalakshmi Shastry,Senior Secondary,Alpine Educational Foundation,-,Bengaluru
Amara Jyothi Public School,830149,Basavanapura Main Road Deva Sandra K R Puram Bangalore Karnataka,560036,80,64501555,25655044,-,principal@amarajyoti.edu.in,-,1983,Paily T S,Senior Secondary,Amara Jyothi Education Trust,-,Bengaluru
Alvas Central School,830919,"Puthige, Moodbidri,dakshina Kannada Dist-574227",574227,-,08258237201,-,8258236731,samparka@alvas.org,http://www.alvascentralschool.com,1995,Mrs. Uma Rufus,Secondary School,Alvas Education Foundation,-,South Kannada
Amit Patil Central School,831005,"Sy.no.82/2 Near Kiadb Office Kapnoor Industrial Estate, Ist Phase, Humnabad Road, Gulbarga",585104,-,08472269269,-,-,principal.apcs@gmail.com,www.amitpatilcentralschool.in,2016,Mrs. Sushma S H,Secondary School,Chandrakant Basawaraj Patil Public And Charitable Trust(r) Kalaburagi,-,Gulbarga
Amrita Vidalayam,830086,"No 114  7th Corss  Bogadi Ii Stage, Distt Mysore, Karnataka",570006,821,2341711,05278-222707,545985,virajamrita@gmail.com,http://www.jbnss.org,1998,Virajamrita Chaitanya,Secondary School,Mata Amritanandamayi Math,-,Mysuru
Amratha Bharathi Vidyakendra,830476,"Mithilanagara, Karkala Road, Hebri",576112,825,251011,-,8253251011,koppamanu@gmail.com,-,2006,Mohan K,Secondary School,Amrathabharathi Trust,-,Udupi
Amrita Vidyalayam,830260,"#136, Mata Amritanandamayi Road, Jnanabharathi Ii Stage,(behind Bangalore University) Ullala Upanagara Post",560056,80,64558737,-,-,av_banglore@rediffmail.com,-,2002,Sathi Unnikrishnan,Senior Secondary,Mata Amritanadamayi Math,-,Bengaluru
Amrita Vidyalayam,830250,"71/1, Near Bhavani Nagar, Mandoli Road, Belgaum, Karnataka",590008,831,2443153,-,-,principal.belgaum@vidyalayam.amrita.edu,-,2002,Sushma S Charantimath,Secondary School,Mata Amritanadamayi Math,-,Bengaluru
Amrita Vidyalayam,830169,#1179/7 Nijalingappa Layout Davangere Karnataka,577004,8192,226001,-,-,ammasanjali@gmail.com,-,2001,Anjali,Secondary School,Mata Amritanandamayti Matri,-,Davanagere
Amrita Vidyalayam,830146,Sulthrn Bathery Road Boloor Mangalore Katnataka,577102,824,2452772,-,-,principal.mangalore@amritavidyalayam.org,-,1998,Mangalamrta Chaitanya,Senior Secondary,Mata Anand Mayi Math,-,Mangalore
Amrita Vidyalayam,830173,"Chinchewada, Sadashivgad, North Kannada",581352,838,266598,7552550036,-,principal.karwar@vidyalayam.amrita.edu,-,2006,Bri Amalamrita Chaitanya,Secondary School,Mahilasevasamaja,-,North Kannada
Ambika Vidyalaya,831094,"Bappalige, Puttur, D.k.,574201.",574201,-,08251233488,-,8251233488,ambikaschool2016@gmail.com,http://www.ambikavidyalaya.com,2014,Mrs. M.sujani,Secondary School,Nattoja Foundation Trust (r),-,Mangalore
Anand Shiksha Kendra,830105,Kaikondanahalli Belandur Gate Carmelram Post Sarjapur Road Bangalore Karnataka,560035,80,41688547,41688546,-,neel_1962@rediffmail.com,-,1983,Neelima Teotia,Secondary School,Shri Anand Pur Trust,-,Bengaluru
Anandathirtha Vidyalaya,830768,"Anandathirtha Vidyalaya, Kurkal Village,udupi.p.o Kunjarugiri.",574105,-,9482358995,-,9482358995,principal@anandathirthavidyalaya.com,http://www.Anandathirthavidyalaya.com,1980,Mrs.geetha S Kotian,Secondary School,Pajaka Prathistana Trust,-,Udupi
Angadi International School,830690,"Opp. Aitm Campus, Savagaon Road, Belagavi.",590009,831,0831-2438113,2266007,0831-2438197,aisbgm@gmail.com,http://www.aisbgm.org,2008,Mrs.asha V. Rajput,Secondary School,Suresh Angadi Education Foundation,-,Belagavi
Annapurneshwari English Medium School,831137,"Near Laxmi Cross N M Road Pattankuditq:chikodi, Dist: Belgavi, State:karnataka, Pincode:591238",591238,-,08338275194,-,8338275194,annapurneshwari.school@gmail.com,http://annapurneshwarischool.com,2016,Mr. Vinay Aravind Kondebettu,Middle Class,"Gnyan Pragati Shikshan Sansthe, Indira Nagar Chikodi",-,Belagavi
Anmol Public School,830222,"Shiramagondanahalli, Davangere, Karnataka",577005,8192,264655,-,-,anmolschool@rediffmail.com,-,2003,Satyanarayana Reddy S,Secondary School,"Karnataka Lingayat Education Society,belgaum",-,Davanagere
Ankur Primary School,830446,"Halethaluk Napoklu, South Kodagu-571214",571214,827,263634,-,-,ketoliraratna9@gmail.com,-,2001,Rekha Biddaiah A B,Secondary School,Ankur Education Trust,-,Kodagu
"Appa Public Scool,Gulbarga",830397,"Sharana Nagar, Gulbarga",585103,8472,08472 230255,-,-,principal_appapublicschool@yahoo.com,http://www.appacbseglb.org/,2010,Mr.shankargouda Hosamani,Senior Secondary,Sharnbasveshwar Vidya Vardhak Sangh,-,Gulbarga
Aradhana Higher Primary School,830633,"Kodi Camp, Tarikere, Chikamagalur District, Karnataka",577228,8261,223466,-,8261223466,celinetho@yahoo.com,http://aradhanaschool.in,2003,Sr Celine,Secondary School,The Precious Blood Educational Society,-,Chikkamagaluru
Army Public School,880012,Near Mekhri Circle J C Nagar P.o. Bangale Karnataka,560006,80,08023433341,-,22970132,info@apsprtc.edu.in,http://www.apsprtc.edu.in,2012,Mrs. Mousumi Dutta,Senior Secondary,Army Welfare Education Society,-,Bengaluru
Army Public School,880004,Abdul Hamid Barracks K Kamaraj Road Bangale Karnataka,560042,80,"5591999, 5361238",5.31E+17,-,apsbangale@gmail.com,-,1981,Mrs. Sajitha Satish,Senior Secondary,Army Welfare Education Society Delhi,-,Bengaluru
Army Public School Asc Centre And College,880017,A.s.c Centre South Agaram Post Bangale Karnataka,560007,80,08025550677,-,-,apsasc@gmail.com,www.apsas.edu.in,2012,Dr. Upasana Yadav,Senior Secondary,Army Welfare Education Society,-,Bengaluru
Arunodaya Primary School,831152,"Nekkundi,dommasandra,muthsandra Post, Via Varthur, Sarjapura Hobli, Anekal Taluk, Bangalore 560087,",560087,-,08023395560,-,8023395560,apsvarthur@gmail.com,http://www.arunodayaedu.org,2005,Mr. Anup Kumar.b.l,Secondary School,Nanda Gokula Charitable Trust,-,Bangalore Rural
Arvind International Residential School,830964,"Girigowdanapalya Gate, Maddur Road,kunigal - 572130",572130,-,08132-210000,-,-,principalais2016@gmail.com,-,2011,Mr. Darshan,Secondary School,Smt. Gangamma Educational And Charitable Trust,-,Tumkur
Arvind International School,831133,"No.14,kalika Nagar, Opp. Sowmyakali Temple, Andrahalli Main Road,psi Post, Bangalore-560058",560058,-,08028361704,-,-,arvindinterblr@gmail.com,http://www.arvindinternational.org,2010,Mr. Suresh A M,Secondary School,Smt.gangamma Education & Charitable Trust,-,Bengaluru
Aryan English Medium School,830338,"Sy No. 34/a Kotonoor (d), Idga Maidan, Naganhalli Cross,ring Road, Gulbarga",585102,8472,08472-270225,-,-,aryanschoolgulbarga@gmail.com,http://www.aryancbseschool.in,2000,Mrs. Kishwar Sultana,Senior Secondary,Shankar Singh Memorial Trust,-,Gulbarga
Ashok International Public School,830291,"Vasanthappa Main Road, Kammagondahalli, Bangalore - 560 015.",560015,80,23450848,01285-235803,080-23450848,aips@ashok.ac.in,http://ashok.ac.in,2007,Mrs. Rama Santhi Cherukuri,Secondary School,Sri K B C Trust,-,Bengaluru
Asia Pacific World School,830821,"#39/2, Serenity Layout, Kaikondrahalli, Varthur Hobli, Sarjapur Main Road,",560035,-,080 65973261,-,-,director@apwschool.com,http://www.apwschool.com,1985,Mrs.latha Murthy,Senior Secondary,Krupanidhi Educational Trust,-,Bangalore Urban
Assisi Central School,830577,Bagambila Kotekar Village Derlakatte Post 575018,575018,824,0824-2202069,-,-,assisischoolderlakatte@gmail.com,-,-,Miss Juliana Pais,Senior Secondary,-,-,South Kannada
Assisi School,830659,"Assisi Road, Sacred Hearts Road, T.c.palya Main Road,",560036,80,28474109,-,-,srsherlitosf@gmail.com,-,2010,Sherly V J,Secondary School,Franciscan Sisters Of Assisi Educational And Charitable Society,-,Bengaluru
Atomic Energy Central School,830032,Kaiga Project Township Kaiga P.o  Via -karwar Uttar Kannada Dist. Karnataka,581400,8382,54868,5.49E+14,24358560,aecskai@gmail.com,www.aecskaiga.in,1988,K. Ramachandran,Senior Secondary,Atomic Energy Education Society,-,North Kannada
Atomic Energy Central School,830045,Rmp Yelwal Colony Hunsur Road Yelwal Post Mysore Karnataka,571130,821,2402257,2469630,2402257,aecsmysore@yahoo.co.in,-,1998,Mr. V. Srinivasa Rao,Senior Secondary,"Atomic Energy Education Society, Mumbai",-,Mysuru
Atomic Energy Central School,880011,Rmp Yelwal Colony Hunsur Road Yelwal Post Mysore Karnataka,571130,821,2402257,2469630,2402257,aecsmysore@yahoo.co.in,-,1998,Mr. V. Srinivasa Rao,Senior Secondary,"Atomic Energy Education Society, Mumbai",-,Mysore
Atreya Vidyaniketan,830389,"No. 75/9 & 10, 15th Main Road, 11th Cross, Ward No. 13, J.c.nagar (kurubarahalli) Bangale - 560086",560086,80,23190295,530681/9902251956,8023190295,principal@atreyavidyaniketan.org,http://www.atreyavidyaniketan.g,2008,Shilpa S,Secondary School,Chaitanya Educational Trust,-,Bengaluru
Atomic Energy Central School,880007,Kaiga Project Township Kaiga P.O  Via -Karwar Uttar Kannada Dist. Karnataka,581400,8382,54868,54857,24358560,npckaiga@blr.vsnl.net.in,www.aecskaiga.in,1988,F M Basheer Ahmed,Senior Secondary,Atomic Energy Education Society,-,North Kannada
Auden School,830806,"No.6, 7th Block, B.s.k. 3rd Stage, Bangalore -560085",560085,-,08026722888,-,8023723955,padmanavaneetha@gmail.com,http://www.audenschool.org,2008,Mrs.dr.padmavathi B,Secondary School,Auden Institute Of Education,-,Bengaluru
De Paul Public School,830380,"30/1 Sathagalli Extension,",570019,821,2450280,-,-,jitheshmulackal@gmail.com,-,2005,Jithesh M E,Secondary School,Depaul Education Trust,-,Mysuru
De Preethi Public School,830732,Thimmasandra Mg Road Chintamani-563125,563125,8154,250927,-,250927,depreethipublicschool15@gmail.com,www.preethipublicschool.com,2011,Mr. Asif Ulla Khan,Secondary School,Sri Sai Educational Trust,-,Kolar
Deeksha Heritage School,830872,"Vidyanagar, Tipturtumkur Districtkarnataka.",572202,-,08134250116,-,8134250116,dhstiptur@gmail.com,http://www.deekshaheritageschool.org,2012,Mrs. Geetha R S,Secondary School,Sri Vidyashankara Educational & Charitable Trust,-,Tumkur
Deeksha High School,830595,"Sahasradeepika Road, Off Bannerghatta Road",560083,80,27837111,-,-,principal.deekshahigh@gmail.com,http://www.deekshahigh.org,2008,Shanthi S Prasad,Secondary School,Sahasradeepika International For Education,-,Bengaluru
Deens Academy,830966,"Sy No 48/2, Kathriguppe Village, Neriga, Anekal Taluk, Sarjapura Road, Bangalore 562125",562125,-,7338452405,-,-,shanthi@deensacademy.com,www.deensacademy.com,2017,Mrs. Hemlata Pande,Secondary School,Deens Educational Trust,-,Bengaluru
Deepalaya School,830599,"Santhpur Post, Aurad Bidar",585421,-,08485-287638,-,0824 -2262106,schooldeepalaya@gmail.com,http://deeapalayacbseschool.com,2010,Miss Reshma Sunitha Pinto,Secondary School,Queen Of  Apostles Education Trust,-,Bidar
Deffodils Foundation For Learning,830870,"No.6 Cubbon View Apartment, Vittal Mallaya Road,bangaluru-560001",560001,-,8032087733,-,-,daffodilsfoundation1@gmail.com,http://www.daffodils.school.com,2016,Mrs. Sujatha Girish,Secondary School,Daffodils English School Association,-,Bengaluru
Delhi Central School,830766,Hunasikatti Road,581115,-,9916301665,-,-,thogata.shalu@gmail.com,-,2012,Shalini Togataveer,Secondary School,Togataveer Sanjeev Educational And Welfare Society (r),-,Haveri
Delhi International School,831022,"Gurupura, Holehonnur Road,shivamogga, Karnataka 577203",577203,-,9448220170,-,-,jagadeeshgowda11@gmail.com,delhiinternationalshimoga.com,2017,Mrs. Anitha Suresh,Secondary School,B&b Memorial Educational Trust(r),-,Shivamogga
Delhi Public School,830087,11 Km Kanka Pura Road Bikaspura Road Konnanakunte Bangalore Karnataka,560062,80,"9845458162, 6668583",6668581,545985,principal@south.dpsbangalore.edu.in,http://www.jbnss.g,1998,Mrs. Anitha Bijesh,Senior Secondary,K K Educational & Chari Trust,-,Bengaluru
Delhi Public School,830092,35/1a Satanur Village Jalahobli Bangalore North Taluk Bangalore Karnataka,562149,80,29724861,3335557,22970132,MANJUARIF@GMAIL.COM,-,1984,Manju Balasubramanym,Senior Secondary,K K Educational And Chartable Trust,-,Bengaluru
Delhi Public School,830584,"Survey No 123/124,mallasandra Village,hoskote Taluk,bangalore-560 067",560067,91,7847082697,-,-,kamava.bopana3@gmail.com,http://www.dpswhitefield.com,2011,Kamava Bopana,Senior Secondary,Praxy Fernandes Memorial Trust,-,Bengaluru
Delhi Public School Bangalore East,830284,"43/1b & 45, Sulikunte Village, Dommasandra Post, Sarjapur Road, Bangalore, Karnataka",562125,80,65701661,6637959,8026572787,MANILA.PRINCIPAL@EAST.DPSBLR.COM,http://www.dpsbangalore.net,2006,Manila Carvalho,Senior Secondary,K.k.educational And Charitable Trust,-,Bengaluru
Delhi Public School Mrpl Mangalore,830056,M R P L Colony P.o Bala Via Katipalle Mangalore Karnataka,574149,824,2884780,8242884799,824277478,pschandrashekhara@gmail.com,dpsmrplmangalore.com,1994,P S Chandrashekhara,Senior Secondary,Ritanand Bolved Edn Foundation,-,Mangalore
Delhi Public School Mysore,830551,"Sy.no.119/1, Bhugathgalli Village, Mysore-bannur Road, Varuna Hobli,",570011,821,2471002,-,8212471004,principal@dpsmysore.com,http://www.dpsmysore.co.in,2000,Namrata  Sharma,Senior Secondary,K.k.educational And Charitable Trust,-,Mysuru
"Delhi Public School,Electronic City,Bengaluru",830652,"Sy No. 33,",560068,-,9632190257,-,80265702787,hm@dpsecity.com,http://www.dpsecity.in,2014,Mrs. Anupama Ramachandra,Senior Secondary,K.k. Educational And Charitable Trust,-,Bengaluru
Dev-In National School,830520,"Sy No. 3/1, Kodigehalli Main Road, Sahakaranagar (kothihosahalli Village), Bangalore 560092",560092,80,65651001,-,8023535678,dns.principal@gmail.com,http://www.cauverygroup.org,1993,Sheila Jupiter,Secondary School,Cauvery Social And Education Trust,-,Bengaluru
Demonstration School,830019,Regional Institute Of Education Manasagangothri Mysore Karnataka,570006,821,2512570,412651,22970132,kalpanavp@rediffmail.com,-,1964,Kalpana Venugopal,Senior Secondary,"Ncert, N.delhi",-,Mysuru
Deva Matha Central School,830076,H R B R Banaswadi Bangalore Karnataka,560043,80,25458180,8025485879,25451045,principalbs@devamathacentralschool.org,-,1988,Geetha Somanathan,Senior Secondary,Deva Mathe Educational Society,-,Bengaluru
Deva Matha Central School Vidyaranyapura,830282,"No 2,defence Layout, Vidyaranyapura, Bengaluru -560097",560097,80,08023643752,-,080 25451045,vp@devamathacentralschool.org,www.dmcs.edu.in,-,Mrs. R Balasundari,Senior Secondary,-,-,Bengaluru
Dhanapal P.Khemalapure Central School Bellad Bagewadi Tq Hukkeri(Revenue Village Jaganur Tq Chikodi),830658,"Bharatesh Gurukul, Station Road,bellad Bagewadi",591305,8333,9164315974,-,08333-267274,dpkcentralschool@gmail.com,http://www.dpkcentralschool.in,2015,Mr. Santosh K Adagal,Secondary School,Shri Bharatesh Vidya Mandal,-,Belagavi
Dharwad International School,830829,"Survey No 77/2,singanahalli,garag Hobli",580011,977,08362484014,5125519,-,info@dharwadinternationalschool.com,http://dharwadinternationalschool.com/index.html,2010,Mrs.aachal L Kongawad,Secondary School,"Dharwad Educational,social And Cultural Trust",-,Dharwad
Diana Public School,830286,"No. 68, Chokkanahalli, Hegde Nagar Main Road, Jakkur Post, Yelahanka Hobli, Bangalore - 560064.",560064,471,08028444469,4552909,8028444467,diana@yahoo.com,http://www.dps.org,2008,Shyamala,Secondary School,Diana Education Trust,-,Bengaluru
Diya Academy Of Learning,830420,"70/1 & 71, Kodigehalli Main Road, K.r.puram, Bangalore -36",560036,80,65656782,28562544,-,PRINCIPAL@DIYASCHOOL.COM,http://www.diyaschool.com,1995,Mousumi Chakraborty,Secondary School,August Foundation,-,Bengaluru
Divine Providence School,831192,"Chandapura-dommasandra Road, Huskur P. O",560099,-,7892886434,-,-,dpsbangalorepsdp@gmail.com,http://www.divineprovidenceschoolbangalore.in,-,Sebastian V A,Secondary School,Ish Kripa Trust,-,Bangalore Urban
Dolphin's Public School,830226,"Near Poojamma Temple, Nallimaradahalli Road, Sidighatta, Kolar Distt.",562105,8158,255699,-,-,principaldolphinsdl@gmail.com,-,1990,M H Nagesh,Secondary School,Chinmaya Seva Samiti Trust(r),-,Kolar
Dms Mandals Jyoti Central School,831035,"Glr/sy. No. 251/858, Old Post Office Road, Camp, Belagavi - 590001",590001,-,08312970313,-,-,jyoticentralschool@rediffmail.com,www.jyoticentralschool.org,2012,Mr. Jinendra S Mutagi,Secondary School,Dakshin Maharashtra Shikshan Mandal,-,Belagavi
Don Bosco English Medium School Shirva Udupi,830838,Don Bosco English Medium School Shirva Udupi 576114,576114,44,08202553320,-,8202553320,shirvadonboscoschool@gmail.com,www.donboscoschoolshirva.com,1983,Miss Myrtle L F Lewis,Senior Secondary,Catholic Board Of Education Of The Diocese Of Mangalore,-,Udupi
Don Bosco School,830630,"Trasi, Gujjadi Post,  Hosadu, Kundapura Taluk, Udupi Dt.karnataka ? 576247",576247,8254,9900870830,-,-,dbtrasi@gmail.com,www.donboscotrasi.com,2011,Mr. Maxim Dsouza,Senior Secondary,Don Bosco Integrated Rural Development Society,-,Udupi
Dr Sidhant Danigond Central School,830800,"Terdal, Jamkhandi Taluk, Balakot, Karnataka-587315",587315,8353,9620220895,-,-,ratnasudev@gmail.com,-,2003,Nagaratna Vasudev Joshi,Secondary School,Sidramappa Danigond Memorial Trust,-,Bagalkot
Dr. N. Shankara Adyanthaya Memorial English Medium High School Nitte,830210,"Nitte Post,karkala Postudupi District",574110,8258,281100,6637959,08258- 281465,radhaprabhu66@gmail.com,http://www.nitte.ac.in,1989,Radha Prabhu,Secondary School,Nitte Education Trust,-,Udupi
Dr.M.Ramanna Shetty Memorial English Medium High School,830206,"Tapovana,thokur,via Haleangadi,thokur Post, South Kannada",574146,824,2296252,6637959,-,shreelatha02@gmail.com,http://www.nitte.ac.in,1995,Shreelatha Rao,Secondary School,Nitte Education Trust(r),-,South Kannada
"Dr.N.A.Magadum Central Public School, Ankali.",830403,"At Post Ankali, Tal Chikodi, Dist Belgaum, Karnataka-591213",591213,8338,254291,-,08338-254333,nsnvdgl360@gmail.com,-,2005,Nilakhant S Nidagunde,Secondary School,Shree Gomatesh Education Society,-,Belagavi
Dream World School,830108,Kappagal Road Bellary Karnataka,577227,839,2257065,257183,-,abhi1289.1974@rediffmail.com,-,1999,K Anil Kumar,Secondary School,Vag India Trust,-,Ballari
Duddupudi Institute Of Learning,830718,Pwd Campvalaballary Road,584128,8535,08535220044,-,-,principal830718@gmail.com,http://www.duddupudi.com,-,Mrs. D Sandhya Rani,Secondary School,-,-,Raichur
East West Academy,831063,No. 3 63th & 64th Cross 5th Block Rajajinagar Bangalore-560010,560010,-,08023157577,-,8023404446,eastwestacademy@gmail.com,http://www.ewaschool.in,2017,Mrs. Deepanjali Naik,Secondary School,Shanthi Vidya Mandira Education Society,-,Bengaluru
East West International  School,830824,"No. 18, Khb Colony, Hunsur Raod, Hootagalli, Mysore -570018.",570018,-,08212403525,-,8212403525,ewismysore@gmail.com,http://ewismysore.com,2014,Mrs.roopa,Secondary School,Surya Educational Trust,-,Mysuru
Edify School Bengaluru,830500,"226/227, Somanahalli, Kanakapura Main Road",560082,1679,7022895987,8197552439,-,principal@edifyschoolbengaluru.com,http://www.edifyschoolbengaluru.com,2011,Neelam Sharma,Senior Secondary,Vasavi Vidyaniketan Trust,-,Bengaluru
Edify School Chikkabanavara,831139,"# 59, Andanappa Layout, Thammanahalli Village, Chikkabanavara",560090,-,9900025000,-,-,eschikkabanavara@gmail.com,www.edifyschoolchikkabanavara.com,2018,Mrs. Sujita G Nayak,Senior Secondary,Future Foundation,-,Bangalore Urban
Edify School Electronic City,830987,"388/o,naganayakanahalli 6th Main, 17th Cross, Sector C, Suryanagar Phase2,anekal Chandapura Main Road, Bengaluru -562106",562106,-,9900077182,-,-,principal@edifyschoolecity.com,www.edifyschoolecity.com,2017,Mrs. Namrata Sharma,Secondary School,Kamala Muniyappa Educational Trust,-,Bengaluru
Edu Asia International School,830580,Sy.no: 937/b Bolamandoddi Road.,584103,-,08532240453,-,-,rahuleduasia@gmail.com,-,2011,Mrs.bhavana M Dialani,Secondary School,Gayatri Educational Society,-,Raichur
Edu Asia International Residential Karur Public School,830609,"Beside Nh-4, Near Makanur Cross, Karur, Chalegere (p), Ranebennur (tq), Haveri (dist), Karnataka,",581115,8192,224264,-,-,shibu.varghese45@gmail.com,http://www.eduasiaschools.com,1987,Shibu Varghese,Secondary School,Navodaya Vidya Samste,-,Haveri
"Ekya School,Btm Layout",830997,"#3643,3rd Main,2nd Cross,n S Palya Main Road,btm Layout 2nd Stagebengaluru",560076,-,08025426988,-,-,president@cmr.ac.in,www.ekyaschools/btm/,2016,Dr. Tristha Ramamurthy,Senior Secondary,Cmr Jnanadhara Trust,-,Bengaluru
Ekya School,830514,"Itplno. 2851, Friends Layout,itpl Bypass Road, Doddanekkundi Extension",560037,80,65971312,-,080-25424433,drsabitha@ekyaschools.com,http://www.ekyaschools.com,2011,Dr K C Sabitha Ramamurthy,Senior Secondary,Cmr Jnanadhara Trust,-,Bengaluru
Ellen School,830437,"T.b Extension,nagamangla-571432mandya Distkarnataka State",571432,80,08234-286417,807626801,-,ellenschool_ngm@yahoo.co.in,www.stcshkr.org,1992,Lalitha N S,Secondary School,Ellen Education Society(r),-,Mandya
Emerald International School,831021,"Venkatapura, Bairegowdanahalli, Sondekoppa Road,nelamangala,bengaluru 562123.",562123,-,08025352959,-,8025352959,emaraldisn@gmail.com,http://www.emeraldinternationalschool.in,2015,Mrs. B C Rajeshwari,Senior Secondary,Sgg Educational Trust,-,Bangalore Urban
Endeavour Academy,830980,"No.41,bukkasagara Villagebannerghatta Postanekal Talukbangalore - 560105",560105,-,08029795002,-,8029795002,endeavouracademy2018@gmail.com,http://www.endeavouracademy.com,2018,Mrs. Swarnalaksmi M,Secondary School,Sri Vidyavaridhi Educational & Charitable Trust,-,Bengaluru
Euro School,830623,"Bangalore North Campus 27/2, Srinivasapura Village, Yelahanka Hobli, North Division 4, Bangalore",562149,-,08065700142,-,-,euroschoolnorthcampus1@gmail.com,http://www.euroschoolindia.com,2012,Mrs. Shanti Rao,Senior Secondary,Radhey Shyam Educational Trust,-,Bengaluru
Eshwar Vidyalaya,830544,"Survey No.32/2, Choranahalli Village, Varuna Hobli,",570010,91,8762788533,-,-,principal@eshwaredu.com,http://eshwaredu.com,2008,Asha  D,Secondary School,Eshwar Educational Trust,-,Mysuru
Euro School,830561,"#15, Chimney Hills, Hessarghatta Main Road",560090,80,65000604,-,-,geeta.subramaniam@es06.euroschoolindia.com,http://www.euroschoolindia.com,2011,Geeta Subramaniam,Senior Secondary,Chimney Hills Education Society,-,Bengaluru
Euro School,830621,"Whitefield, 36/183, Behind Kps Yard, Hoodi, Mahadevpura Post, Dist Bangalore",560048,80,9916750000,-,--,euroschoolwhitefield@yahoo.com,http://www.es05.euroschoolindia.com,2010,Mrs. Ritu Metha,Senior Secondary,Euroschool Foundation,-,Bengaluru
Excel Public School,830385,"1-c, Hootagalli Industrial Area, Belwadi Post",570018,821,3981800,-,8214282208,matheweps@excelindia.com,http://www.excelpublicschool.com,2009,Mathew K G,Senior Secondary,Excel Education And E-learning Trust,-,Mysuru
Excellent Public School,830387,"Behind Apmc, At. Post Lokapur, Taluk Mudhol",587122,8350,9620088356,8848920235,-,principal.excellentpublicschool@yahoo.in,-,2009,Shyju K R Nair,Secondary School,Daneshwari Shikshana Samsthe,-,Bagalkot
Florence Academy,830628,"Huskur Main Road,electronic City Post, Anekal Taluk, Bangalore 560100.",560100,80,27848203,-,8027848203,mahesh_k01@yahoo.com,http://www.florence.com,2013,Mahesh K,Secondary School,Shrinidhi Educational Trust.,-,Bengaluru
First Steps School,830911,"59, Agrahara Village, B.b.m.p. Ward No:05 ,",560064,-,9972576001,-,-,shirazkirmani@gmail.com,http://www.firststepsnursery.in,1985,Mrs. Juliana Prince,Secondary School,Leela Trust,-,Bengaluru
Florence Public School,830122,J P Nagar Kanka Pura Road Bangalore Karnataka,560078,80,26345959,26644686,22970132,jss.bsk@gmail.com,-,1987,Mrs Lalitha,Secondary School,Benaka Educational Society,-,Bangalore
Freedom International School,830183,"Ca - 33, Sector Iv, Ksr Layout Bangalore",560102,80,25729825,9.88E+17,-,jayanti.prabhakar@gmail.com,http://www.freedom-international.in,2001,Jayanti Prabhakar,Senior Secondary,St Thomas Foundation,-,Bengaluru
G M Vidyanikethan Public School,830189,"Haradi,brahmavara, Udupi District.",576213,820,2590399,82305,080-23501619,brahma_chari@rediffmail.com,http://www.vps.com,2005,Brahma Chari K N,Secondary School,G.m Educatioin Trust,-,Udupi
G R International Public School,831002,"109/1 Dodderi, Chikkanahalli Post, Tavarekere Hobli, Bangalore South, Bangalore-562130",562130,-,08028438891,-,-,gripsbengaluru@gmail.com,gripsblr.com,2013,Mrs. Kasturi S Biradar,Secondary School,Chikkanna Puttamma Educational Trust (r),-,Bangalore Rural
Frank Public School,830331,"Ca No. 10, 17th Cross, 33rd Main Road, 6th Phase J.p.nagar, Bangalore-560078",560078,80,41752226,-,080-26644686,fes.institutions@gmail.com,http://www.frankpublicschool.org,1980,M V Nagaraj,Secondary School,Naveen Vidya Mandir Trust,-,Bengaluru
Brilliant National School,830612,"#129/1, Baiyappanahalli Main Road, Behind Narayana Matta, Bidarahalli Hobali, Bangalore -49",560049,80,09845019858,-,-,tanu27jaanu@gmail.com,-,2007,Thanuja Sp,Secondary School,Ganga Education & Charitable Trust (r),-,Bengaluru
Brilliant Primary School,830646,"Brilliant Primary School,s.b.b.sl, Kollagutti Hill, Nidasoshi Road, Ankale.",591313,-,8762157303,-,8333272075,akdesaischool@gmail.com,-,2014,Mrs. Devyani Desai,Secondary School,Shri Appasaheb Kashagouda Desai Education Society & Social Welfare,-,Belagavi
Brilliant Public School,831060,"Near Vakrani Camp, Siruguppa Road, Bellary Taluk",583101,-,08392266834,-,-,brilliant.bellary@gmail.com,www.brilliantpublicschool.info,2003,Mrs. Rekha J H,Secondary School,Manasa Gangotri Vidya Samsthe R,-,Ballari
Brooklyn National Public School,830896,"27 / 2, 33rd Cross, 2nd Main, Jayanagar, 7th Block, Bangalore",560070,-,9880411363,-,-,brooklandscl@gmail.com,http://www.brooklynnationalpublicschools.com,2015,Mrs. Alka Mehrotra,Secondary School,Jayanagar Education Society,-,Bengaluru
Brooklyn National Public School,830929,"Near Vasanthpura, City Engineering College Campus, Kanakapura Main Road, Doddakallasandra",560062,-,07625090074,-,-,npskanakapura@gmail.com,http://www.brooklynnationalpublicschools.com/,2016,Dr. Rajni Bakshi,Secondary School,Jayanagar Education Society,-,Bengaluru
Brs Global School,830346,"No.15/3, Kasavanahalli Village , Sarjapura Main Road ,carmellaram Post,bangalore-560035",560035,80,080-42172280,9.90E+19,080-42172280,brsglobal@gmail.com,http://www.brseducation.in,2007,N.shakila,Senior Secondary,Brs Educational And Charitable Trust,-,Bengaluru
Brunda National Public School,830904,"Survey No 84/9&10, Singadevanahalli, Dammur   Post Kurugodu Taluk Ballari Dist",583116,-,6363113345,-,-,bnps2019april@gmail.com,www.brundanationalpublicschool.com,2019,Mrs. Annie Moses,Secondary School,Vivekananda Yuvaka Sangha Dammur,-,Ballari
Bvm Global School  Bengaluru,830891,"#40/2 & 41/2 , Hullahalli Village, Sakalvara Post, Begur Kopa Road, Jigani Hobli, Anekal Taluk Bengaluru-560083",560083,-,9632066018,-,-,enquiry_bengaluru@bvmglobal.org,http://nandiwoods.bvmglobal.org,2011,Mr. R Rajendran,Senior Secondary,Bvm Global Education Trust,-,Bangalore Urban
C.Muniswamy Public School,830849,"Kumbarahalli Village, Tamaka Post, Kolar Taluk, Kolar District",563101,-,9986039033,-,9986039033,cmuniswamy2013@gmail.com,http://www.cmps.net.in,2010,Mr. M G Suresh,Secondary School,C.muniswamy Ias Charitable Foundation,-,Kolar
Cambridge Cbse Academy,830746,"18/1,18/2,shivanahalli,opp.surabhi Layout,yelahanka, Bangalore.",560064,-,"08028460147, 28463235",-,-,khannigar@rocketmail.com,-,1972,Mrs.nigar Sultana,Secondary School,Cambridge Education Society,-,Bengaluru
Cambridge International Public Sch,830141,No Ca 2/2 Vinobanagar Ii Stage Shimoga Karnataka,577204,8182,249657,28562544,-,norbertschool@hotmail.com,-,2004,Mr Krishnamurthy,Middle Class,Shri Guru Basaveshwra Education Tr,-,Shivamogga
Cambridge Public School,830143,"Rajarajeshwari Nagar Mahadeswara Ngr 2nd Stage, Channapatna Rural Distt Bangalore Karnataka",571501,80,"27256456, 27253179",-,-,CAMBRIDGEPS.SCHOOL@GMAIL.COM,-,1999,Margaret Augustine,Secondary School,Vishwabharati Educational Trust,-,Bengaluru
Cambridge Public School,830519,"Haveri Distt, Karnataka",581115,8373,290999,-,-,cps.rnr@gmail.com,http://cambridgepublicschool.rnr.com,1978,Khamar Sultana,Secondary School,Managing Committee,-,Haveri
Cambridge School,830188,"Neermarga Road Paldane, Manglore, Karnataka",575028,824,6451184,362919,-,dias7775@yahoo.com,-,1993,Perpetua  Bela  Dias,Secondary School,K V S,-,Mangalore
Canara School(Cbse Curriculum),830373,Ammebal Subba Rao Pai  Roadkodialbailmangalore,575003,824,2495214,-,"(0824)2493210,(0824) 2496760",principalcanaracbse@yahoo.in,www.chsassociation.in,2009,Joy J Rai,Secondary School,Canara High School Association,-,Mangalore
Candour 5 Education Academy,830813,"No.57pattanagere Main Road, R V Post, Near R V Engineering College, Mysore Raod, Bangalore - 560 059.",560059,-,08028604499,-,8032990032,kingsconvent@gmail.com,http://www.candour5educationacademy.in,2016,Mr.r. Muniswamy,Secondary School,Sri Chowdeshwari Education Society,-,Bengaluru
C.T.E Societys International Public School,830422,"C.t.e Societys International Public School, Co R.d. High School Campus, N.m. Road Chikodi",591201,8338,275573,-,8338272122,ctecbse@gmail.com,http://www.ctescbse.org,2006,Manuja P Deshpande,Secondary School,Chikodi Taluka Educationa Society,-,Belagavi
Capital Public School,830700,"#140/3,b.narayanapura Extention, Dooravani Nagar Post, Bangalore",560016,1634,08032957232,5.47E+14,-,capitalpublic@yahoo.com,-,2010,Febila Jeyanthi Jesuraj,Secondary School,Sri Venkateshwara Educational Trust(r),-,Bengaluru
Cantonment Board Eng Midium School,880019,"Bc No-41, Khanpur Road Near Fish Market Camp Belgaum, Tap Dist Belgaum, Karnataka",590001,831,2424402,-,-,anupamaaganachari.@gmail.com,-,-,Anupama Atmaram Ganachari,Secondary School,-,-,Belagavi
Capitol Public School,830201,"No 1, 9th Cross, Rbi Layout, Phase Vii, J P Nagar, Bangalore, Karnataka.",560078,80,26851095,9845502048,080-26851104,cpsprincipal@yahoo.com,http://www.capitolpublicschool.org,2007,Y Padmasri,Senior Secondary,Capitol Social & Educational Association,-,Bengaluru
Capitol Public School,830859,"27, Chokkanahalli Hegdenagar, Chokkanahalli Main Road, Jakkur Post, Yelahanka.",560064,-,08032565545,-,-,cpsprincipal@yahoo.com,www.capitolpublicschool.ac.in,2015,Mrs. Sheela Benagel,Secondary School,Capitol Social Educational And Cultural Association,-,Bengaluru
Capitol Public School,830890,"2899,pampapathi Main Road, Saraswathipuram,",570009,-,08214000681,-,4000681,cpsprincipal@yahoo.com,http://www.capitolpublicschool.in,2015,Mrs. Y.padmasri,Secondary School,The Capitol Educational Trust,-,Mysuru
Capitol Public School,831000,"#18/1, 9th Cross, Rbi Layout, Jp Nagar 7th Phase, Bengaluru - 560078",560078,-,08026850566,-,-,cpsprincipal@yahoo.com,www.capitolpublicschool.ac.in,2014,Mrs. Rashmi Kulkarni,Secondary School,Capitol Social Educational And Cultural Association,-,Bengaluru
Capstone High,830670,"# 164, Nh-4 Kolar Highway, Opp. Mvj Medical College, Hosakote,",562114,80,9686679950,-,080- 41239367,admin@capstonehigh.com,www.capstonehigh.com,2014,Dr. Ratna Ghose,Senior Secondary,S A Samad Educational Trust,-,Bengaluru
Carmel School,830579,Near Range Forest Office Moodbidri Dist.,574227,8258,238842,-,-,shanthidsa@gmail.com,http://www.carmelmdb.org,2013,Jecintha Shanthi Desa,Secondary School,The Apostolic Carmel Educational Society,-,Mangalore
Cftri School,830764,"Cftri School, Cftri Campus, Yadavagiri, Mysuru",570020,-,0821-515381,-,-,cftrischool@yahoo.co.in,http://www.cftrischool.edu.in,1964,Mrs.saraswathi Bai B,Secondary School,Cftri Education Society,-,Mysuru
Chandrakant Patil Eng Med School,830059,Gulbarga Karnataka,585105,8472,"247946, 47772",08472-247789,847247946,principal.cpems@gmail.com,-,1970,V N Mannapur,Secondary School,Manav Vikas Charitable Munch(reg.),-,Gulbarga
Chinmaya English Primary School,830281,"Mayuri Estate, Nagashetty Koppa, Distt Dharwad",580023,836,2353351,28562544,-,arushivnaik@gmail.com,http://www.chinmayamission.org,1990,Arundhati Naik,Secondary School,Chinmaya Seva Samiti Trust(r),-,Dharwad
Chetan Public School,831020,"Akshay Nagar, Hubbali",580030,-,08362330898,-,-,chetanschool2016@gmail.com,www.chetanpublicschhubballi.com,2016,Dr. Jerushah R Nadugaddi,Secondary School,Dyavappanavar - Valasang Educational And Academic Trust,-,Dharwad
Chandrakant Patil Public School,831135,"Tilak Nagar, Kusnoor Road Kalaburagi",585105,-,08472245934,-,-,principalcpps@gmail.com,www.chandrakantpatilpublicschool.in,2010,Mrs. Kumadini Math,Secondary School,Chandrakant Basawaraj Patil Public And Charitable Trust(r) Kalaburagi,-,Gulbarga
Carmel School,830592,"Opposite Head Post Office, Rosario Church Road, Bolar, Mangalore",575001,824,2424429,-,-,julietbarboza21@gmail.com,http://www.carmelschoolmangalore.org,1964,Juliet Dulcine Barboza,Secondary School,Apostolic Carmel Educational Society,-,Mangalore
Chinmaya Vidyalaya,830262,"Uramara Kasalagere,kothathi Hobli,mandya Taluk,mandya District.",571402,8232,291234,-,-,veenaganesh2010@gmail.com,-,2008,Veena Birje V,Secondary School,Karnataka Chinmaya Seva Trust,-,Mandya
Chinmaya Vidyalaya Banashankari,830808,"Ca 1 6th Phase, 9th Block, Banashankari, Bengaluru-560060",560060,-,08022728604,-,8022728604,chinmaya_banashankari@yahoo.in,-,2011,Mrs.yamuna Suryaprakash,Secondary School,Chinmaya Mission,-,Bengaluru
Chistiya International School,830947,"Gunjur Village, Varthur Hobli, Bangalore East Taluk, Bangalore-560087",560087,-,9591326611,-,9902362968,gsnavaneeth@gmail.com,http://chistiyaintrnationalschool.org,2017,Mrs. Premalatha Vijayakumar,Secondary School,Nalina Satheesha Education And Charitable Trust,-,Bengaluru
Chitrakoota School,830553,"#37/6, Nagadevanahalli, Kengeri Hobli, Bangalore",560056,80,28484660,-,-,chaitanya1056@gmail.com,-,2012,Deeksha Bhaskar,Secondary School,Soujanya Patel Trust,-,Bengaluru
Christ Public School,830218,"Christ Public School, Beml Layout, Bogadi P.o., Mysore, 570026(pin Code), Karnataka, India",570026,821,2598202,466071,8212455521,principalcbsechrist@gmail.com,-,2005,Arun Kumar S,Secondary School,St. Thomas Education Society,-,Mysuru
Christ Academy (Cbse) School,830676,"Hullahalli, Begur - Koppa Road, Sakkalwara Post",560083,91,9148626442,-,9448204411,office.cbse@christacademy.in,www.cbse.christacademy.in,2015,Mr. Fr Lijo B Paul,Senior Secondary,Devamatha Educational Foundation,-,Bengaluru
Christ School,830297,"Dental College Road,vidyanagar,hassan",573201,8172,245225,28562544,08172 245225,christprincipal10@gmail.com,-,2003,Freison K Thomas,Secondary School,"St.thomas Education Society,mysore",-,Hassan
Christ School,830287,"Christ Church Alevoor Road, Manipal, Udupi, Karnataka",576104,820,2575566,28562544,824224711,christschool2002@gmail.com,http://www.cbemangalore.com,1999,Eliza Vaz,Secondary School,Catholic Board Of Education,-,Udupi
Christa Jyothi School,830840,"Kellur (v), H.n. Pura Roadkasaba Hoblikarnataka ,hassan , 573130",573130,-,9880037145,-,-,sibichenpaul1968@gmail.com,http://www.cjsarkalgud.com,1996,-,Secondary School,St. Thomas Education Society,-,Hassan
Chrysalis High,830640,"15/1b, A Sector, Lbs Nagar, Yelahanka New Town",560064,80,40964204,-,-,principal.yelahanka@chrysalishigh.com,http://www.chrysalishigh.com,2013,Radhika Lobo,Secondary School,Yellahanka Foundation Trust,-,Bengaluru
Chrysalis High,830665,"#125, Kumbena Agrahara, Behind Hp Petrol Pump, Whitefield Kadugodi Road, Bangalore - 560067",560067,91,09535233050,-,-,principal.kadugodi@chrysalishigh.com,http://www.chrysalishigh.com,2014,Mrs.lalitha Ganapathy,Senior Secondary,Kadugodi Foundation Trust,-,Bengaluru
Chrysalis High,830909,"No. 37, Gollahalli, Kalkere, Opposite Amc College, Bannerghatta Road",560083,-,9742680093,-,-,principal.bgroad@chrysalishigh.com,http://www.chrysalishigh.com/,2015,Mrs. Selina Jean J,Secondary School,Bannerghatta Foundation Trust,-,Bengaluru
Christ School,830878,"Thadavapura Post, Nanjanagud Taluk,mysore District,571302",571302,-,08221223131,-,8221223131,schoolchrist1@yahoo.com,http://www.christschoolthandavapura.org,1992,Mr. Sebastin P J,Secondary School,"St.thomas Education Society ,mysuru",-,Mysuru
Chrysalis High,830931,"No. 52/1, Horamavu Agara Village, Old Floor Mill Road, K R Puram Hobli",560043,-,9108276773,-,-,principal.horamavu@chrysalishigh.com,http://www.chrysalishigh.com,2016,Mrs. Renuka Balaji Nallamar,Senior Secondary,Varthur Foundation Trust,-,Bangalore Urban
Citizen's Public School,830096,Ooty Road Khb Road Behind Ratna Talkies Nanjangud Mysore Distt Karnataka,571301,8221,228880,341480,-,mythilibs2012@gmail.com,-,1988,Mythili Lakshman,Secondary School,Citizen Education Society,-,Mysuru
Cks English School,830317,B M Road,573201,8172,232732,2758565,8172234025,kaaveepu@gmail.com,-,1999,Mrs. C.valmiki,Secondary School,Boovanahally Channakeshava Swamy  Vidya Samshte(r) Hassan,-,Hassan
Cmr National Public School,830051,2079  2nd Main Road Banaswadi Layout Bangalore Karnataka,560084,80,"25440693, 5440854",25459595,-,president@cmr.ac.in,-,1982,Sabitha Ramamurthy,Senior Secondary,Sindhi Bankers Shroffsseva Samiti,-,Bengaluru
Cordial School,830695,"Raghavendra Extension, Madhugiri-572132.",572132,7744,08137316331,9.33E+19,8317283766,manuarac@gmail.com,http://www.cordialschool.org,2000,Mr.vinod Kumar Y,Secondary School,Maruthi Education & Charitable Trust,-,Tumkur
Creaa Academy For Learning,830755,"K K Towers, Sy. No. 34/3, Site No. 4, Channasandra, Uttarahalli-kengeri Main Road, Subramanyapura Post",560061,80,28612275,-,-,usha23031976@gmail.com,http://www.aefcreaa.org,2010,Usha R,Secondary School,Arjun Educational Foundation,-,Bengaluru
Crescent International School,830868,"Ilm City, Chandranagar, Kalattur Post, Kaup",574106,-,2576656,-,-,crescentinternational13@gmail.com,-,2013,Mrs. Smitha,Secondary School,Faizul Islam Academy Of General Education,-,Udupi
D.A.V. Public School,830029,A C C Colony Wadi P.o Gulbarga Distt. Karnataka,585225,8476,202314,62684,22970132,pra_bethi@yahoo.com,-,1986,B Prabhakar,Senior Secondary,Dav College Managing Committee,-,Gulbarga
Daffodils School Of Education,830088,Beyond Jumnal Railway Gate Bagalkot Road Bijapur Karnataka,586106,8352,276159,276159,9448219478,JAMESKUNATHU@MSN.COM,-,1999,James Joseph,Senior Secondary,Shree Radhe Krishna Edn & Ch Trust,-,Bijapur
D.Devaraj Urs Central School Doranahalli,831064,At Post Doranahalli Tq: Shahapur Dt: Yadgir State : Karnataka - 585223,585223,-,08479,-,8479,info.dduschools@gmail.com,-,2011,Mr. Shivanand,Secondary School,D.devaraj Urs Shikshana Seva Samshte Saidapur,-,Yadgir
Dav Orient Gyan Mandir,831149,"Diggaon Post, Chittapur Taluk, Kalaburagi Dist. 585 211",585211,-,07026106669,-,-,dav.chittapur@gmail.com,www.davorient.in,2018,Mr. Pandurang Kulkarni,Secondary School,Dayanand Anglo Vedic College Trust And Management Society,-,Kalaburagi
Dayananda Arya Vidya Public School,830243,"25 D, 3rd Stage, Vishwashwar Nagar, Mysore",570008,821,2488429,044-24531454,-,shobhakram@gmail.com,-,1972,Shobha K R,Secondary School,Akshar Educational Trust,-,Mysuru
Dcmc High School,830780,"Dcmc High School,old Mandagadde Road,n.r.purachickmagalore Dist",577134,8266,220084,-,-,dcmchs84@gmail.com,http://dcmchs.com,1990,Padma Ramesh,Secondary School,Vokkaligara Sangha,-,Chikkamagaluru
Cs International School,831148,"Sy No.18, Bilwaradahalli, Gottigere Post, Bannerghatta Road, Jigani Hobli, Anekal Taluk,",560083,-,9980638937,-,-,csinternationalschoolbng@gmail.com,http://www.csinternationalschool.in,2017,Mrs. Sujatha Parthasarathy,Secondary School,Chaitrashree Foundation Educational And Charitable Trust,-,Bangalore Rural
Dayananda Aryavidya Public School,830217,"Sy. 58 & 67 Kanthaianapalya, Pipe Line Road, Kaggalipura, Uttarahalli Hobli, Off Kanakapura Road, Bangalore South Taluk, Bangalore. 560062",560061,80,26666701,2555929,080-26761057,rashmisavur@yahoo.co.in,http://davps.org,2003,Rashmi S Savur,Secondary School,Om Shanti Dhama Charitable Trust,-,Bengaluru
"De Paul Academy, Ron",830976,"De Paul Academy Ron, Bhasalapur, Hubli Road, Ron.",582209,712,8197840876,-,-,djlloydr@gmail.com,http://www.depaulacademyron.com/,2010,Mr. Joji K C,Secondary School,"De Paul Academy Trust, Ron",-,Gadag
Avin International School,830960,"No.38/2, Sulikere Village, Kemgeri Hobli,bangalore 560060",560060,-,08022718027,-,8022718027,avinschool4738@gmail.com,http://www.avininternationalschool.com,2013,Mrs. Sowmya Narasimhappa,Secondary School,Indira Hanumaiah Charitable And Educational Trust,-,Bengaluru
B B Hanji International School,830867,Yamakanmardi,591246,-,9449040555,-,9449040555,dr.hanji@rediffmail.com,http://www.hanji.com,2013,Mr.vijay Hanji,Secondary School,Yamkanmardi Vidya Vardhak Sangh - Yamkanmardi,-,Belagavi
Auro Mirra International School,830752,No. 110 Gangadhar Chetty Road  Halasuru,560008,80,25580888,-,-,yamini@auroschoolsulsoor.org,http://www.auroschoolsulsoor.org,2012,Yamini E S,Secondary School,Sri Aurobindo Society,-,Bengaluru
B E L School,830033,M E S Road  Jalahalli Bangalore Karnataka,560013,80,22195682,8381074,-,raghupathymadhavarao@yahoo.co.in,-,1988,Raghupathy M,Secondary School,Bharath Electronics,-,Bengaluru
B B U L Jain Vidyalaya,830012,84  K.r. Road Shankarapuram Bangalore Karnataka,560004,80,"41554379, 6522936",26764887,-,principal.jv@gmail.com,-,1984,Mrs B. R Sharadamba,Secondary School,Shree Mahaveer Jain Shikshan Sangh,-,Bengaluru
B G S Central School,830477,Karehalli Shimoga,577301,8282,240014,-,8282291177,amudamuniraj@gmail.com,-,2006,Amuda Muniraj C,Secondary School,Sri Adichunchanagiri Shikshana Trust,-,Shivamogga
B G S Education Centre,830098,Gandhi Nagar Kavoor Mangalore Karnataka,575015,824,2484749,2332088,211869,prameelakondana@yahoo.com,http://www.shannenschool.com,2001,Prameela,Secondary School,Sri Adichunchanagri Shiksha Trust,-,Mangalore
"B.L.D.E.Associations Public School, Jamkhandi",830781,Near Polo Ground Bldea College Campus Jamkhandi,587301,835,3222003,-,08353 220183,madhurijadhav5572@gmail.com,-,2009,Madhuri Jadhav,Secondary School,B.l.d.e.association Bijapur,-,Bagalkot
B.N.Khot International Public School,831026,N.h. 218 Near Indian Oil Petrol Pump,587116,-,70223060990,-,-,bnkips2016@gmail.com,www.bnkips.com,2016,Mrs. Savithri D Kakkeri,Secondary School,Shri Banashankaridevi Vidya Sansthe,-,Bagalkot
B.M.N. Public School,830227,"Makali.alur Road, Bangalore North",562123,80,65355600,-,-,vanithalokesh@yahoo.co.in,-,2003,Vanithalokesh Sk,Secondary School,B.m.nagappa Charitable And Educational Trust,-,Bengaluru
B.N.R. Memorial School,830914,"4th Cross, Survey No 32, Shanthi Extention, Ramamurthy Nagar, Bangalore",560016,-,08025666088,27295241,-,bnrmemorialschool@gmail.com,-,2004,Mrs.m.shilpa Srinivasan,Secondary School,Bnr Memorial Society(r),-,Bengaluru
B.R.V. Public School,830367,"No. 06, M S Linge Gowda Layout, Prashanthinagar, Vasanthapura Main Road, 10th Cross, Isro Layout, Bangalore-560 061.",560061,80,26665374,-,26665374,sureshkumartn2510@gmail.com,http://www.brv.org,2007,T N Suresh Kumar,Secondary School,Shakuntala Educational & Charitable Trust,-,Bengaluru
B.S. Central School,830330,"Plot No.1, Pinjar Colony, Old Bidarakundi Road,muddebihal - 586 212 , Bijapura Dist.",586212,835,221299,-,08356-224199,pinjartrust@gmail.com,http://www.bscentralschool.org,2006,Ruth Raju,Secondary School,Pinjar Seva Trust,-,Bijapur
Baburao Maruti Wakode International School,830948,"Gabradi Layout, Opposite Vaishno Devi Temple, Near Chincholi Cross, Ring Road, Shaikroza",585104,-,9449772551,-,-,bmwis.principal@gmail.com,http://www.bmwis.in,2018,Mrs. Vidyulata Santosh Sutar,Secondary School,Baburao Maruti Wakode Charitable And Memorial Trust,-,Gulbarga
B S V Public School,830439,"No.152/129/1380 A.k. Colony, B M Road, Ijoor",562159,80,27273557,9008880755,-,geetha.j1114@gmail.com,http://www.bsvinstitution.org,2005,Geetha J,Secondary School,Bharatiya Samskriti Vidyapith Trust,-,Bengaluru
Badarikashrama Vidyashala,830830,"Madihalli Po,turuvekere Tq., Tumkur Dt. 572227",572227,-,08139-287013,-,-,badarik1986@gmail.com,http://www.badarikashrama.org,1988,Mr.srinivas M.,Secondary School,Badarikashrama Trust (r),-,Tumkur
Baden Powell School (R) Mysore,830093,Sri Jayachamarajendra Scours & Guides Bhawan Behind D C Office Mysore Karnataka,570005,821,"2420160,8212422220, 420160",2.33E+16,-,principal@bppschool.ac.in,-,1992,Mr.radhakrishnan,Secondary School,Baden Powell Education Society,-,Mysuru
Balavikas International School,831127,"No. 45/2, Gidadakonenahalli, 8th Block,vishweshwaraiah Layout , Near Deepa Complex , Nagarabhavi, Bangalore-560091",560091,-,08029773863,-,-,info.balavikasinternational@gmail.com,www.balavikas-edu.in,2015,Mrs.  Dr.asha Niteen Gandhwale,Secondary School,Shiva Smitha Trust,-,Bengaluru
Balodyana English School,830027,Jaya Nagar Mysore Karnataka,570014,821,567513,482107,080-26494156,josephscentral@hotmail.com,http://www.ssrvm.g,1978,Mrs. H.k Jyothi,Secondary School,Balodyana Association,-,Mysuru
Bangalore International Academy,831018,"No. 265/3, Samethanahalli, Iocl Road, Opp. Soukya International Holistic Health Centre, Whitefield Road, Bangalore -560067",560067,-,08029715310,-,-,director@bia.school,http://bangaloreinternationalacademy.co.in,2018,Mrs. Dr. N R Shashikala,Senior Secondary,Jayashree Education Trust,-,Bangalore Rural
Banajawad English Medium Pre-Primary And Primary School,831132,"Miraj Road, Near Seed Farm, Athani591304",591304,-,9986205655,-,-,lnbanajawad@gmail.com,www.banajawadenglishmediumschool.com,2019,Mr. Ramesh Miraje,Secondary School,"Shri.n.l.banajawad Memorial And Charity Trust, Athani",-,Belagavi
Bal Bharati Public School,830907,Bal Bharati Public Schoolntpc Limited P.o Basavan Bagewaditaluk Distt Vijaypurakarnataka,586121,-,8790183952,-,-,ashusrijan05@gmail.com,www.bbpskudgi.org,2018,Mrs. Ashu Wadhwa,Secondary School,Child Education Society,-,Bijapur
Baddi Central School,831025,At Post Dhramatti Tq Mudalgi,591312,-,08334251605,-,8334251605,centralbaddi@gmail.com,http://baddi.com,2015,Mr. Samod Mohan,Secondary School,Baddi Pratishthana,-,Belagavi
Balaji National Public School,830788,"Venkataiahnapalya,bychapur Post.opp To Sericulture Quarters, Thaggikuppe Post",562120,-,08027100346,-,8027100346,bedkv.vg@gmail.com,http://www.bnps.com,2009,Mrs.mabel S Y,Secondary School,Balaji Educational Trust,-,Bengaluru
Bala Vinayaka Vidyaniketan,830582,Sambhapur Road,582101,8372,297226,9480343610,-,principal.bvv@gmail.com,http://www.balavinayaka.com,2008,V M Adnur,Secondary School,Bala Vinayaka Vidyaniketan Educational Society (r),-,Gadag
Bala Bharathi Kendriya Vidyalaya,830892,"Bala Bharathi Kendriya Vidyalaya Plot No.214/a1/a2,talur Road Bellary District,shridhargadda,karnataka 583103",583103,-,9449261160,-,-,jyothishrikant@gmail.com,http://www.balabharathikv.org,2015,Mrs. Jyothi S.mendigeri,Secondary School,Jana Kalyana Kendra,-,Ballari
Bangalore International Kids High,830982,"No. 20/a, New Saptagiri Layout, Uttarahalli Main Road, Subrahmanyapura",560061,-,08026395555,-,-,contact@kidshigh.co.in,http://www.kidshigh.co.in,2001,Mrs. Suprabha Nandakumar,Secondary School,Paramahamsa Education Society (r),-,Bengaluru
Bangalore Scottish School,830354,"24-39, Shreyas Colony, J P Nagar 7th Phase, Kothanoor",560078,80,26850823,7272228928,-,anoos9945@gmail.com,-,2002,Anurupa Anil,Secondary School,Avv Education Trust,-,Bengaluru
Bapuji Higher Primary English School,830175,"P J  Extn., Davangere",577002,819,08192220639,-,8192220639,bhpems@rediff.com,bhpems.edu.in,-,Mr. Satyanarayana Reddy S,Secondary School,-,-,Davanagere
Bapuji International School,830383,"Badagandi, Biligi Taluk, Bagalkot District.",587116,8425,200064,-,08425-276065,principal@srpef.com,http://www.srpef.com,2010,Lilian A Shawn,Secondary School,S.r Patil Education Foundation,-,Bagalkot
Bala Yesu,830300,Vidyanagar,584103,8532,240090,28562544,08532-240350,vaninagan@yahoo.com,http://www.infantjesusschool.com,1991,Y Vanisree,Secondary School,Bellary Diocese Board Of Education,-,Raichur
Bantwal Raghurama Mukunda Prabhu Centenary Public School,830269,"Vidyagiri, Bantwal - 574 211, South Kannada, Karnataka",574211,8255,233973,-,-,ramaacshankar@gmail.com,-,2007,Ramaa Shankar C,Secondary School,Sri Venkataramana Swamy Vidyavardhaka Sangha ( Regd ),-,South Kannada
Baqhers Public School,830923,Ring Road Kalaburagi,585105,-,9886786931,-,9886786931,baqherschool20@gmail.com,http://www.baqherspublicschool.in,2015,Mrs. Malini Mattamari,Secondary School,Baqhers Education & Charitable Trust,-,Kalaburagi
Barakah International School,830901,"Adyar , Mangaluru,575007",575007,-,08242276155,-,8242276155,accounts@bismangalore.com,http://www.bismangalore.com,2014,Mr. Atheef S,Senior Secondary,Al-barakah Public Charitable Trust,-,Dakshina Kannada
Basaveshwara International Public School,830079,"Bagalkot, Karnataka-587101",587101,8354,233940,-,-,chadarallisuresh@yahoo.com,-,1985,C B Suresh Hedge,Senior Secondary,Sh B V V Sangh Bagalkot,-,Bagalkot
Bearys Sea Side Public School,830744,Bearys Sea Side Public School,576217,825,4234286,-,-,bssps@bearyseducation.org,-,1995,Firdose,Secondary School,Haji K Mohidin Beary Education Trust,-,Udupi
Basaveshwara Primary School,830645,"Naregal, Rona Taluk, Gadag Disrict, Karnataka.",582119,1745,08381293332,-,8381293332,sacnaregal@gmail.com,http://basaveshwaraprimaryschool.org,2013,Mr.govindraj P,Secondary School,Shri Annadana Vijaya Vidya Prasarak Samiti,-,Gadag
Bea Higher Primary School,830951,"Sri S Nijalingappa Layout, Davanagere",577004,-,08192220877,-,-,beahssnlayout@gmail.com,-,2017,Mrs. Sumangala,Secondary School,Bapuji Educational Association (reg),-,Davanagere
Bellary Rudrappa Kannada Primary School,830687,"Motebennur, Distt. Haveri, Karnataka-581106",581106,8375,226400,-,-,breschoolmnr@gmail.com,http://breschool.com,2011,Pragathi K Taware,Secondary School,Ballary Education Trust,-,Haveri
Beml Public School,830071,Shishya Beml Township New Thippasandra Bangalore Karnataka,560075,80,"25247242, 5243205",-,-,alwaysmine70@gmail.com,http://shishyaschool.com,1998,Tejashwini Sankeshwar,Senior Secondary,Sri Krishana Edn. Trust,-,Bengaluru
Bensons International Academy,830910,"Benakanhalli, Sangaon Road Belgaum",590008,-,6364215113,-,-,acc.bensons@gmail.com,http://www.mybensons.in,2014,Mr. Steven Peters,Secondary School,Bensons Education Trust,-,Belagavi
Bgs International Residential School,830058,Nithyananda Nagara Branch K Gollahalli Post Bangalore South Karnataka,560060,80,"28437582, 8437582",9886500211,28437657,geethabasavaraj@hotmail.com,www.bgsirs.net,1986,Geetha Basavaraj,Senior Secondary,Kloster St Trudpert Society,-,Bengaluru
Bgs Central School,830325,"Nh17 Mirjan, Kumta, North Kannada",581440,8386,269538,28562544,08153-260205,shashikumar100@hotmail.com,http://www.aecsgroup.in,2004,Sahshikumar K C,Secondary School,Sri Bharathiya Vidyarthi Nilaya Educational Society,-,North Kannada
Bethany School,831075,"Kinnikambla,dakshina Kannada",574151,-,08242258656,-,-,bethanyschoolkinnikambla@outlook.com,http://www.bethanyschoolkinnikambla.com,2015,Miss Sr Anitha Tressy Bs,Secondary School,Bethany Education Society,-,Dakshina Kannada
Bensons International Academy,830458,"#133, Nagarthalli, Rayanakere Post, Jayapura Hobli, Mysore",570008,-,0821 2302266,-,0821 2303638,rasavi2005@yahoo.com,-,2007,Mrs.asha.m.n,Secondary School,Christian Missionary Fellowship Of India,-,Mysuru
Bgs National Public School,830209,"Ramalingeshwara Cave Temple, Hulimavu, Bannerghatta Road, Distt Bangalore, Karnataka",560076,80,26484933,-,080-26484355,sreekalagkumar9@gmail.com,http://www.bgsnps.com,2006,Sreekala G Kumar,Senior Secondary,Adi Chunchunagiri Shikshana Trust,-,Bengaluru
Bgs Public School,830254,#67 Uttharahalli Road Bgs Health & Education City Kengeri,560060,80,28611916,0484 6520135,080-28604944,principalbgsps@gmail.com,http://www.bgspskengeri.com,2006,Aparna Deepak,Senior Secondary,Sacst,-,Bengaluru
Bharat Vidyasamsthe Primary School,831007,"#27, Bharat Education Society, 4th Block, Jayanagar, Bengaluru-560011",560011,-,08026643883,-,8022447067,info@besinstitutions.edu.in,www.besps.besinstitutions.edu.in,1992,Mr. K G Prahlada,Secondary School,Bharath Education Scoeity,-,Bengaluru
Bharatesh Central School,830756,"262/b, Opposite Suvarna Vidhan Soudha, Halaga",590020,4651,08312533192,-,-,bharateshcentralschool@gmail.com,http://www.betcs.in,2013,Mrs. Rajashree U. Arlimatti,Secondary School,Bharatesh Education Trust,-,Belagavi
Bharatiya Vidya Bhavan - Bbmp Public School,830893,"#21, Ward No. 97, 5th Main Road, Kranti Kavi Sarvagnya Road, Srirampuram, Bengaluru - 560 021",560021,261,08023132055,-,-,bhavanbbmp@gmail.com,http://www.bhavanbbmppublicschool.com,2007,Mrs. S Pushpalatha,Secondary School,Bharatiya Vidya Bhavan,-,Bengaluru
Bharatiya Vidya Bhavan Dr.D.Krishnamurthy & Smt. D.Shakuntalamma Memorial School,830362,Vidyanagarashimoga 577203,577201,8182,241241,-,08182 242241,induadhrijaa1978@gmail.com,-,2009,Indu G V,Secondary School,Bharatiya Vidya Bhavan,-,Shivamogga
Bhavan-Bangalore Press School,830590,"No. 89, Mysore Road, Chamarajpet",560018,80,26705069,-,080-26704053,manjula.ananthram@gmail.com,http://www.bbpschool.org,2009,Manjula A,Secondary School,Bhavan-bangalore Press Educational Trust,-,Bengaluru
Bheema Universal Central School,830442,"Bheema Universal Central School,sindagi, Bijapur District.",586128,-,9620319410,-,-,bheemauniversalcentralschool@gmail.com,-,2010,Shahimol S P,Secondary School,Shree Bheema Universal Grameen Abhivruddi Hagu Vividoddeshagala Sangha,-,Bijapur
Bhartiya Vidya Bhawan Kodagu Vidyalaya,830150,Post Box No 43 Siddapura Road Madikeri Kodagu District Karnataka,571201,8272,"225920, 224629",9424260389,08272-221538,srivan1967@rediffmail.com,-,1982,E Seenivasan,Senior Secondary,Kodagu Vidya Sangha,-,Kodagu
Bhubana Jyothi Residential School,830178,"Abhivandan, Shirthady Post Manglore Taluk, Karnataka",574236,8258,263789,-,-,principalbjrs@gmail.com,-,2008,R  Prashanth Dsouza,Senior Secondary,Saraswati Devi Educational & Social Trust,-,Mangalore
Bkg Global School,830975,"Ballari Road, Krishna Nagar, Sandur, Ballari District",583119,712,08395252139,-,8395260471,principal@bkgglobalschool.com,http://www.bkgglobalschool.com,2017,Miss Meenakshi Das,Senior Secondary,Bkg Foundation,-,Ballari
Blooms International School,830983,Karkur Crossbagepalli Talukchikkaballapur District,561207,-,9980054114,-,-,bloomsacademyschool@gmail.com,http://www.bloomsschoolb.com,2013,Mr. Gopalakrishna Hebbar,Secondary School,Sri Chaithanya Educational Trust,-,Chikkaballapur
Brainy Stars International School,831130,"S Bingipura, Anekal Taluk, Bangalore South Dist-560105",560105,-,08029577783,-,-,principal@bsinternationalschool.com,www.bsinternationalschool.com,2018,Mr. Jagadeesh R P,Senior Secondary,Brainy Stars Foundation,-,Bengaluru
Bright Land English Medium School,830900,Bright Land School Raibag Rural Bekkeri Road Raibag.,591317,-,083312253008,-,83312253008,brightlandschool07@gmail.com,http://brightlandschoolraibag.co.in,2014,Mrs. Anjali Sanjay Magadum,Secondary School,"Shri Ramu Maruti Kulgude Education Foundation, Raibag",-,Belagavi
Bright Public School,830313,"P.b.no. 8422 St. Thomas Town Post Kacharakanahalli Hennur Main Raod, South Kannada, Karnataka",560084,80,25480545,-,-,regina.muliyil@gmail.com,-,-,Regina Muliyil,Secondary School,-,-,South Kannada
