A E S Public School,930948,"Bsnl Road,erumapetty,thrissur District,kerala State",680584,4885,265617,9928355026,-,vssumasathyan@gmail.com,http://www.aespublicschool.org,2003,Suma Vs,Secondary School,Abswar Educational Society,-,Thrissur
A J Central Senior Secondary School,930273,Kazhakootam Thiruvanthapuram Kerala,695582,471,2418441,337880,2437812,principalleo@gmail.com,http://www.kunilschool.co,1997,Jayanthi S,Senior Secondary,Abdul Razzaa Mem Trust,-,Thiruvananthapuram
A J I English School,930305,"Parakatta P O Uppala Kasaragod Distt,  Kerala",671322,4998,243434,0824-2213144,2437812,principal@ajisses.in,www.ajisses.in,1994,Veena Kumari,Senior Secondary,A J I Sangham Trust,-,Kasaragod
A.E.T. English Medium School,930867,Amayur P.o. Pattambi Palakkad Kerala,679310,466,2311662,2569300,-,sajithaet@gmail.com,-,1998,Sajith Kumar  A,Secondary School,Az'har Education Trust,-,Palakkad
A.G. Public School,930998,"Swamimukku,     Pulipparra P.o. Kadakkal 691536",691536,474,04742425440,-,-,agpublicschool@gmail.com,www.agpublicschool.com,2003,Mrs. Marykutty Jose,Secondary School,General Council Of The Assemblies Of God Of India,-,Kollam
Abdul Salam Rafi Residential School,930171,"Netayam, Kanchani, Thiruvananthapuram Kerala",695013,471,2362890,2803171,-,arrpublicprincipal@yahoo.co.in,-,1996,Satheesh Babu S,Senior Secondary,Muslim Association Edn Trust,-,Thiruvananthapuram
Adam Public School,930404,Angamaly Alwaye Ernakulam Kerala,683572,484,2454522,2453522,-,seenajkalarikkal@gmail.com,-,1995,Seena J Kalarikkal,Secondary School,St Gregorious Edu & Cul Chari Trust,-,Ernakulam
Adarsha Vidya Bhavan,930117,"North Paravur Ernakulam Distt, Kerala",683513,484,2445033,-,-,preethicr242@gmail.com,-,1993,Preethi C R,Senior Secondary,Adarsh Vidya Bhavan Trust,-,Ernakulam
Ace Public School,930838,Cherani P.omanjeri,676123,483,2100805,531690,-,bindusunil2013@gmail.com,-,2006,Bindu P,Senior Secondary,Ace Charitable Trust,-,Malappuram
A P R M Central School,930089,Kizhukkumbagam Chithara Po Kollam Dist Kerala,691559,474,"2429482, 429382",4742429282,4742429382,aprmcentralschoolchithara@gmail.com,http://www.aprmedu.org,1984,Surumy Y,Senior Secondary,A.p.r.m. Ednl. Cultural Trust,-,Kollam
Adi Sankara Vidya Peedam,930964,Nallepilly (po) Palakkad- 678553,678553,4923,283583,-,04923 - 283383,principalasvp@gmail.com,http://www.narayanalayam.org,2004,Madhubala,Secondary School,Sanmaya Charitable Trust,-,Palakkad
Adwaita Mission Public School,931279,Puthukode(p O)ramanattukara(via)malappuram,673633,483,04832833800,-,-,adwaithaputhukode@gmail.com,www.adwaitaputhukode.in,2005,Mrs. Kavitha M O,Secondary School,Adwaita Mission Educational And Charitable Trust,-,Malappuram
Adiyodi Vakeel Smaraka Tagore Vidyapeetam,931208,"Nangarathe Peetika,temple Gate (p O)thalassery Kannur",670102,490,2359111,-,-,valsalanpvtml@gmail.com,-,1992,Valsalan P V,Secondary School,"Adiyodi Vakeel Smaraka Educational Trust,thalassery",-,Kannur
Aes Central School,930475,Alloor Po Kanmanam Thekkumuri Malappuram Kerala,676551,494,2579936,-,-,royalelamala@gmail.om,-,1989,Ak Roy,Senior Secondary,Alloor Educational Society,-,Malappuram
Ahalia Public School,930850,"Kozhipara P.o,p.b No- 123,palakkad.",678557,91,9496004570,-,0492-3235900,principal.aps@ahalia.edu.in,http://www.afeh.org,2007,Jaya Narayanan,Senior Secondary,Ahalia International Foundation,-,Palakkad
Ais English Medium School,930515,Arakkuparamba Po Perintalmanna Malappuram Distt Kerala,679322,4933,251500,252135,-,robinsonshibi@gmail.com,-,1996,Robinson  C  J,Secondary School,Anvarul Islam Sangham,-,Malappuram
Aishwaraya Public School,930557,Kalakkode Poothakulam Po Kollam Distt Kerala,691302,474,2061049,-,-,apskalakkode@yahoo.com,-,2002,V Anil Kumar,Senior Secondary,Kuncharavila Edu Trust,-,Kollam
Airport School,930062,Calicut Airport Post Malappuram Dist Kerala,670013,483,2712640,0460-2227470,-,principal@airportschool.ac.in,-,1985,Sreekala B,Senior Secondary,Army Welfare Education Society,-,Malappuram
Akm Public School,930862,Ruby Nagar P.omorkulangarachanganacherry.,686103,481,2402161,2973743,0481-2402161,rejeenamg9@gmail.com,http://sabscongregation.org,1976,Rajeena M G,Senior Secondary,Akm Pubilc School And Charitable Trust,-,Kottayam
Al Ameen Central School,930686,Puliyour Vanchi South Edakkulangara Po Karunagappally Kollam Distt Kerala,690562,476,2626879,-,-,ponnuashok19@gmail.com,-,2001,Ponnamma Ashok,Senior Secondary,Am Ameen Scientific Reserach And Educational Trust,-,Kollam
Al Ameen Central School,930481,Peringode Po Koottanad Palakkad Distt Kerala,679535,466,2370596,543373,-,principalalameenktd@gmail.com,-,1995,Suseela Kuriakose,Senior Secondary,Kottanand Educational Society,-,Palakkad
Al Ameen International Public School,930498,Edathala Aluva Ernakulam Distt Kerala,683564,484,"2837948, 2530154",4952897,-,sumi.subin8@gmail.com,-,2001,Sumina H,Senior Secondary,Al Ameen Educational Trust,-,Ernakulam
Al Ameen Public School,930663,Sreemoolanagaram Eranakulam Distt Kerala,683580,484,"2600033, 2600125",2001,-,kavithasantony@gmail.com,-,2002,Kavitha Alexandar,Senior Secondary,Al Ameen Educational Trust,-,Ernakulam
Al Ameen Public School,930478,"Chandiro Alappuzha Distt., Kerala",688547,478,2871351,-,-,yetheesasha@gmail.com,-,1993,Asha Yethees,Senior Secondary,Al Ameen Educational Trust,-,Alappuzha
Al Ameen Public School,930509,Pathanapuram Po Kollam Distt Kerala,689695,475,2351206,717499,-,alameenpubschptm@yahoo.co.in,-,1992,Seema S Nair,Senior Secondary,Al Aman Educational And Chari Trust,-,Kollam
Al Azhar Public School,930685,Perumpillichira Po Thodupuzha Idukki Distt Kerala,685605,486,2221282,7529252750,751253001,naushadkassim@gmail.com,-,2003,Naushad Kassim,Senior Secondary,Noorul Islam Trust,-,Idduki
Al Ansar English Medium Public School,930392,Mundamparamba Puliyacode Po Distt Malappuram Kerala,673641,483,2754020,07672-275318,275303,vpmkallay@gmail.com,-,1991,Mansoor Vp,Secondary School,Al Ansar Muslim Welfare Board,-,Malappuram
Al Badar Central School,931179,"Melattur P O, Malappuram Dist,kerala, India, 679326.",679326,493,277420,-,-,tittomjoseph@gmail.com,-,1998,Titto M Joseph,Secondary School,Dharuthaeleemil Islami Governing Body(melattur Islamic Academy),-,Malappuram
Al Farooque Eng Med School,930437,Pandikkad Malappuram  Kerala,676521,483,2785088,725177,-,pkd.kareem@gmail.com,-,1997,Kareem Nayaruveettil,Secondary School,Khidamathul Islamsamgam,-,Malappuram
Al Falah English School,930466,Falah Nagar Po Kaipuram Naduvattam Palakkad Distt Kerala,679308,466,2218101,332375,-,nairgsurendran@gmail.com,-,2003,N G Surendran,Senior Secondary,Al Falah Charitable Trust,-,Palakkad
Al Fouz Jamia English School,931149,Vengoorvengoor (po)pattikkad (via),679325,493,3211036,-,-,alfouzjamia@gmail.com,-,1997,Manoj Ck,Secondary School,Samastha Kerala Jam-iyyathul Ulama Arabic College Committee,-,Malappuram
Al Haramain English School,930752,Kunderparamba Road Edakkad Po Puthiyangadi Kozhikode Distt Kerala,673005,495,2390111,622883,-,safiasalim@yahoo.co.in,-,1995,T M Safia,Senior Secondary,Calicut Charitable Trust,-,Kozhikode
Al Hind Public School,931162,"Pengattussery, Erumathala P.o,aluva,ernakulam Dist.-683 112",683112,484,2836111,-,-,reseena24@gmail.com,-,2005,Reseena Kadengal,Secondary School,Pengattussery Jama-ath Educational And Charitable Trust.,-,Ernakulam
Al Huda Central School,930257,Malayil Malappuram Kerala,676553,494,2615405,0460 2204166,-,ealikutty@gmail.com,www.alhudacentralschool.com,1994,Ali Kutty E,Secondary School,Al-huda Ednl. Society,-,Malappuram
Al Huda English School,930546,Neerkunnam T D M C Po Alappuzha Distt Kerala,688005,477,2283391,30334,-,noushadkayamkulam@gmail.com,-,1995,Noushad A,Senior Secondary,Ideal Welfare Trust,-,Alappuzha
Al Ihsan Eng School,930387,Vengara Ok Muri Po Distt Malappuram Kerala,676515,494,2456596,0494-2453006,2455470,principalalihsanvga@gmail.com,-,1992,Abuthahir,Secondary School,Al Ihsan Charitable Society,-,Malappuram
Al Islah English School,930500,Kechery Eranellur Po Thrissur Kerala,680503,488,5243110,-,-,supriyarajan5@gmail.com,-,1994,Supriya Subramanian,Secondary School,Vadanapilly Orphange Committee,-,Thrissur
Al Irshad Central School,930839,"Thechiyadneeleswaram .p.o, Omassery (via), Kozhikode Distt.",673603,495,2281700,-,NIL,drsebastianjacob@gmail.com,-,1999,Dr Sebastian Jacob,Secondary School,Al Irshad Charitable Society Omassery,-,Kozhikode
Al Manar Public School,930129,Erattupetta Kottayam Dist. Kerala,686121,482,2273024,620784,05612-2322,sadikk.ssharafudeen@gmail.com,-,1994,Sadikk A,Senior Secondary,Laxmi Devi Edn Society,-,Kottayam
Al Maquar Eng Medium School,930325,Nadukani Po Pallivayal Talipramba Kannur Kerala,670121,460,2227851,9992361005,-,ashrafkeechery@gmail.com,-,1996,Ashraf P,Secondary School,Al Maquarrussunniyyal Islamiya,-,Kannur
Al Noor Model School,931276,"Elayavoor,varam (po)",670594,497,2723444,-,-,sujeshvps@gmail.com,-,2006,Sujesh Np,Secondary School,Anjuma Educational Trust,-,Kannur
"Al-Amal Public School, Nellikkuzhi",930960,Al - Amal Public Schoolnellikkuzhi. P. Okothamangalam Ernakulam Distkerala,686691,485,2828529,-,-,kmmuhammedali@gmail.com,-,2001,Muhammed Ali K M,Secondary School,Al-amal Educational And Charitable Trust ( 82/iv/2001)nellikkuzhi,-,Ernakulam
Al-Ameen Central School,930640,Kakkazhom Po Alapuzha Distt Kerala,688005,477,04772279881,-,2644614,alameenkkm@rediffmail.com,www.alameencentralschool.in,1994,Mrs. Rasia.m,Secondary School,Al-ameen Educational Society,-,Alappuzha
Al-Ameen English School (Run By Mankada Anadha Sala Sangam),930814,"Mankada Post,malappuram District,kerala-67324",679324,493,3237809,-,4933237817,siyadpallipetta@gmail.com,http://www.masmankada.org,1997,Siyad P P,Senior Secondary,Mankada Anadha Sala Sangam,-,Malappuram
Al-Ameen Public School,930029,"Edappally Cochin, Distt Ernakulam Kerala",682024,484,"2801034, 347931",342017,-,lakshmileela60@gmail.com,-,1979,L Lakshmi Haridas,Senior Secondary,Al-ameen Eductional Trust,-,Ernakulam
Al-Aqsa Public School,931110,"Kathikode, Koolimuttam P.o. Thrissur(distt.)",680691,480,2846995,-,-,salamtomuthu@gmail.com,-,2005,Musthafa P K,Secondary School,Kathikode Charitable Trust,-,Thrissur
Al-Azhar Central School,930609,Mala Thrissur Distt Kerala,680782,480,2897505,286416,7512569300,prasadpudaya@gmail.com,-,2003,Prasad P,Senior Secondary,Al-azhar Muslim Edu & Chari Society,-,Thrissur
Al-Ejaba Central School,931275,Ejaba Campusneerkunnama M C. P.oalappuzha,688005,477,2283655,-,-,alejabacentralschool@outlook.com,-,2006,Shameera V S,Secondary School,Masjidul Ejaba Muslim Jama-ath,-,Alappuzha
Al-Azhar English Medium School,930106,Post Manakkody Thrissur Kerala,680017,487,2311679,1343250214,0510-2444691,kjthressiamma@gmail.com,-,1993,K J Thressiamma,Senior Secondary,N M Salafee Trust,-,Thrissur
Al-Falah Amm English School,930983,"Kakkidippuramalankode P.o.,malappuram Dt.,kerala - 679 585",679585,494,2650620,-,-,apakmr@gmail.com,-,2004,Ashraf Ap,Secondary School,Al-falah Amm Educational Trust,-,Malappuram
Al-Falah English School,931292,Veliyancode P.o.,679579,494,2677270,-,0494-2677270,gafoornalakath@gmail.com,-,1990,Abdul Gafoor Nalakath,Secondary School,Islamic Service Trust,-,Malappuram
Al-Falah Public School,931236,"Panipra Po, Kothamangalam, Krnakulam Kerala",686692,484,2252095,-,-,shibikm008@yahoo.com,-,2003,Shibi K M,Secondary School,Goodwill Charitable Trust,-,Ernakulam
Al-Farook Residential School,930137,Farook College P.o.kozhikode,673632,495,"04952443025, 440822",-,-,mail@alfarookschool.com,http://www.alfarookschool.in,1991,Mr. Hafish K H,Senior Secondary,Al-farook Residential Senior Secondary School Trust,-,Kozhikode
Al-Farooque School,930222,Padapparamba Po Pang Malappuram Kerala,679338,493,"3242081, 342119",-,6712503478,principalalfarooque@gmail.com,-,1993,Sagi P John,Secondary School,Al-farook Charitable Association,-,Malappuram
"Al-Hidayath English Medium School, Kondotty",931115,"Thurakkal Po,kondotty  ,malappuram Dt,673638 Pin, Kerala",673638,483,2715390,-,-,rasheedaodakkal@gmail.com,-,1994,Rasheeda O,Secondary School,Al Hidayath Educational Trust-kondotty,-,Malappuram
Al-Ihsan Central School,930810,"Al-ihsan Islamic Complex,niranam North P.o.thiruvalla,pathanamthitta Districtkerala",689621,469,04692747312,-,4692747312,alihsancs@yahoo.com,www.alihsancentralschool.com,2003,Mrs. Chandramathi Amma V,Secondary School,Al Ihsan Islamic Education And Charitable Society,-,Pathanamthitta
Al-Irshad English School,930440,Po Killimangalam Thrissur Kerala,680591,488,251932,875515,824224711,najumarasheedwky@gmail.com,http://www.cbemangale.com,1994,Nejuma Pa,Senior Secondary,Mahatma Educational And Chari Trust,-,Thrissur
Alangad Jama-Ath Public School,930441,Karumalloor Po Ernakulam Kerala,683511,484,"2670591, 570760",4844069589,2672853,pblcschl@yahoo.co.in,http://www.aljamath.com,1996,C P Jayasree,Senior Secondary,Alangad Jama Ath Edu And Cha Trust,-,Ernakulam
Alan Feldman Public School,930160,Kazhakuttam Trivandrum Kerala,695582,471,2617793,0471-2417804,2417804,rhymemak@yahoo.com,http://www.afpschool.com,1994,Ben P,Senior Secondary,A.f. Ednl Trust,-,Thiruvananthapuram
Albab Central School,930673,Kattor Po Mukandapuram Thrissur Distt Kerala,680702,480,"2875306, 2875118",9847336331,-,albabcentralschool@rediffmail.com,-,2004,Jaeaharlal P M,Senior Secondary,Albab Charitable And Edu Trust,-,Thrissur
Bhavan's Vidya Mandir,930016,"Elamakkara Cochin, Distt Ernakulam, Kerala",682026,484,"2408514, 537621",0484-2400027,-,girijats123@gmail.com,-,1977,Girija Ts,Senior Secondary,Bharatiya Vidya Bhavan Trust,-,Ernakulam
Bhavan's Vidya Mandir,930445,Chithali Koyalmannam Palakkad Distt Kerala,678702,492,2252252,9886500211,28437657,dharans@hotmail.com,www.bgsirs.net,1999,Subadra  Muralidharan,Senior Secondary,Bhartiya Vidya Bhawan Mumbai,-,Palakkad
Bhavan's Vidyashram,930465,"Bhavan's Road, Chelembra Malappuram Distt Kerala",673634,483,2890532,9526493883,4712326025,ppl.vidyashram@gmail.com,-,1994,Saji K T,Senior Secondary,Bhartiya Vidya  Bhawan,-,Malappuram
Bhavans Adarsh Vidyalaya,930061,Kakkanad Kochi Ernakulam Dist. Kerala,682030,484,"2422528, 426682",9846707678,-,kuttath.suresh@yahoo.com,-,1989,K Suresh,Senior Secondary,Bharatiya Vidya Bhawan,-,Ernakulam
Bhavans Munshi Vidyashram,930851,Bhavans Munshi Vidyashram Old Guest House Road Thiruvamkulam Thirupunathura Cochin,682305,484,2774247,260410,0484-2367599,rajasree99@gmail.com,-,2001,Mini K,Senior Secondary,Bharatiya Vidya Bhavan,-,Ernakulam
Bhavans Varuna Vidyalaya,930140,"Npol  Trikkakara B.m.c Post Cochin, Distt Ernakulam Kerala",682021,484,"2422566, 426683",537263,484246431,bhavansvaruna@yahoo.co.in,-,1992,Remadevi K P,Senior Secondary,B V B Trust,-,Ernakulam
Bhavans Vidya Mandir,930090,"Kunnara P.o. Eroor West Tripunithura, Distt Ernakulam, Kerala",682306,484,"4842777763, 784948",0484-363890,-,nirmalavenkat20@gmail.com,-,1989,Nirmala Venkateshwaran,Senior Secondary,Bhartiya Vidya Bhavan,-,Ernakulam
Bhavans Vidya Mandir,930021,"Giri Nagar Cochin, Distt Ernakulam, Kerala",682020,484,"2319081, 310702",301932,-,girijats123@gmail.com,www.bhavansgirinagar.ac.in,1980,Girija T S,Senior Secondary,Bharatiya Vidya Bhavan,-,Ernakulam
Bhavans Vidya Mandir,930853,"Kolaikkad,mannapra,palakkad District",678685,492,2266020,2264819,4922266090,supriyasumesh111@gmail.com,www.bhavansmannapra.in,2000,Supriya N,Senior Secondary,Bharatiya Vidya Bhavan,-,Palakkad
Bhavans Vidya Mandir,930967,"Ring Road, Pathanamthitta",689645,468,2272300,-,4682323806,bhavanspta@hotmail.com,http://www.bhavanspta.org,2007,Mrs. Sujatha Varghese,Senior Secondary,"Bharatiya Vidya Bhavan, Mumbai",-,Pathanamthitta
Bhavans Vidyalaya Ottapalam,931285,"Bhavans Vidyalayaottapalamveetamparavarode Poottapalam, Palakkad Distkerala - 679102",679102,466,04662000814,-,-,principalbvotp@gmail.com,www.bhavansottapalam.org,-,Mrs. Vyjayanthimala.v,Secondary School,-,-,Palakkad
Bhavans Vivekananda Vidya Mandir,930626,"Manvila,  Pangappara Thiruvanthapuram Kerala",695581,471,2594559,-,2594331,bhavansvvm@gmail.com,http://www.bhavansmanvilaschool.com,-,Mrs. Radhaviswakumar,Senior Secondary,-,-,Thiruvananthapuram
Bishop Moore Vidyapith,930541,Kalavanacodam Cherthala Alappuzha Distt Kerala,686586,478,2592202,4.78E+12,2595469,johnbose.mglth@gamil.com,-,2001,John Bose,Senior Secondary,Central Travancore Diocesan Trust,-,Alappuzha
Bishop Kuriala Cheery Public School,930708,Chamapakulam Alapuzha Distt Kerala,688505,477,04772736258,-,-,bkpsckm@gmail.com,www.bkpublicschool.org,1999,Mrs. Sr.aleyamma  Thomas,Secondary School,Chanthals Educational And Charitable Trust,-,Alappuzha
Bishop Pereira Memorial School,930300,Karamoodu Thonnakkal Thiruvananthapuram Kerala,695317,471,2648810,618810,-,lalitha588@gmail.com,-,1979,Lalitha K,Senior Secondary,Percivell Charitable Trust,-,Thiruvananthapuram
Blooming Buds Bethania English School,930307,"Marathamcode, Vellithuruthy, Kunnamkulam, Thrissur Distt., Kerala",680604,488,5227657,222369,-,principal.bbbethania@gmail.com,http://www.bbbethania.org,1990,Remabai V K,Senior Secondary,Bethany Ashram Society,-,Thrissur
Blossom International Residential School,931166,"Panipra.p.o, Kothamangalam,ernakulam.dt,kerala",686692,485,2851520,-,-,abiwafy@gmail.com,-,2004,Abi  T A,Secondary School,Blossom Educational Trust,-,Ernakulam
Blossom Secondary School,931046,Pulikalvaliyaparamba Eranadu Thalukmalappuram Dtkerala,673637,483,2712230,-,-,blossomschoolvp@gmail.com,-,2002,Vijeesh V,Secondary School,Blossom Educational & Charitable Trust,-,Malappuram
Blossom Public School,931183,"Polpakara, P.o. Edapal, Dist. Malappuram.",679576,494,2680350,-,-,ramdasputhukulangara@gmail.com,http://www.blossompublicschool.org,2005,Balakrishnan Ramdas,Secondary School,Blossom Educational Trust,-,Malappuram
Blue Mount Public School,930598,Thonnakkal Thiruvananthapuram Kerala,695317,471,2618251,-,-,bluemount76@yahoo.com,http://www.bluemountpublicschool.org,-,Mrs. Jayalekshmi J,Senior Secondary,-,-,Thiruvananthapuram
Bpm Model School,930428,Peretill Moongodu Po Distt Thiruvananthapuram Kerala,695144,470,"2688013, 681202",-,-,sasinair7@gmail.com,-,1997,Rajashree M S,Senior Secondary,Bhaskara Pillai Mem Chari Trust,-,Thiruvananthapuram
Brahmasree Nithyananda Gurukula Vidyalayam,931051,"Nettani, Keezharoor P.o, Neyyanttinkara. Trivandrum Dist",695130,471,2275575,-,-,ngvidyalayam@gmail.com,-,2006,Pushpalatha J C,Secondary School,Brahmasree Nithyananda Swamy Religious And Charitable Trust,-,Thiruvananthapuram
Bright Centralschool,931301,"Malamelparampu, Kaniyapuram Po",695301,-,"04712751786, 04712168786",-,-,brightcentralschool@gmail.com,http://www.brightcentralschool.com/,2004,Mr.biju S Pillai,Senior Secondary,Tm Haji Mohammed Abdul Khader Lebba Educational Charitable Trust,-,Thiruvananthapuram
Bright Public School,930585,Kunnackal Po Vallakom Muvattupuzha Ernakulam Distt Kerala,682314,485,9072817713,9446517713,-,lakshmishine95@gmail.com,-,2003,Mrs.lakshmi Shine,Senior Secondary,Bright Educational And Charitable Trust,-,Ernakulam
Brook International School,930717,Rajagiri Sasthamcotta Kollam Distt Kerala,690521,476,"2831999, 2083601",2315440,-,thalothil@gmail.com,-,2005,Sheeji,Senior Secondary,Viva Trust,-,Kollam
Btc Public School,930840,Puthencruz. P.o.ernakulam. (dist),682308,484,0484-2730057,-,-,baselians@gmail.com,http://www.btcpublicschool.com,-,Miss Sr. Saino,Secondary School,-,-,Ernakulam
Bsmm Nirmala English Medium School,931158,"Thanneermukkom P O Cherthala, Alappuzha",688527,478,2583815,-,-,bsmmprincipal@gmail.com,-,1992,Sreeja C R,Secondary School,Nirmala Educational And Charitable Trust.reg.no.232/iv/2007,-,Alappuzha
Btm English School,931288,Btm English Schoolnaduvil (po)kannur Districtkerala,670582,4931,04602250279,-,-,btmschool6@gmail.com,-,2003,Mr.rajan  K. V.,Secondary School,Naduvil Juma-ath-palli & Madrasa Committee,-,Kannur
Buddha Education Centre,930571,Muthukulam North Cheppad Po Alappuzha Distt Kerala,690507,479,2470468,2473276,-,principalbuddhaeducationcentre@gmail.com,-,2002,Rajeevan  R,Secondary School,T K Divakaran Memo Charitable Educational Trust,-,Alappuzha
Bukhari English School,930260,Sa-ada Nagar Kondotty P.o Malappuram Kerala,673638,483,2710292,712349,-,munnaskp@gmail.com,-,1991,Munnas Kp,Secondary School,Kondotty Islamic Service Trust,-,Malappuram
C H Mohammed Koya Memorial School,930634,Hill Top Seorambail Kumbla Kasargod Distt Kerala,671321,4998,245693,044-26361110,56832365489,kcbhatch@gmail.com,http://www.abc.com,1998,K V Bhat,Senior Secondary,C H Mohammad Koya Memo Islamic Cul Edu & Chari Trust,-,Kasaragod
C K M N S S Senior Secondary School,930039,"R B Road, Chalakudy P.o Thrissur Distt. Kerala",680307,480,"2701690, 846053",0480-2704516,2706053,info@ckmnss.com,http://www.ckmnss.com,1980,Mrs. Sheela Varghese,Senior Secondary,Chalakudy N S S Edu Cultural Socy,-,Thrissur
C Syed Mohammed Haji Memorial Central School,930102,Edessery P.o Thalikulam Thrissur Kerala,680569,487,2600007,343893,-,dineshvadassery@yahoo.com,-,1987,M Dinesh Babu,Senior Secondary,Islamic Preaclimy Charitalo Trust,-,Thrissur
Canadian Central School,930900,"Karakkunnam,puthuppady P.o,muvattupuzha",686673,485,2815491,-,-,babithasnellickal@gmail.com,http://www.canadianccs.com,2000,Babitha S Nellickal,Secondary School,Santhi Educational And Ecumenical Trust,-,Ernakulam
C.S.I.W.F Central School,930806,"Medical College Campus, Karakonam, Thiruvananthapuram",695504,471,2250237,26469071,0471 - 2316439,Prasana2015@gmail.com,-,2000,Prasanna Rani C K,Secondary School,Medical Mission Of The South Kerala Diocese Of The Church Of South India Of The South India United Church,-,Thiruvananthapuram
Campion School,930119,"Changampuzha Cross Road Edapally  Cochin, Distt Ernakulam, Kerala",682024,484,"2347613, 349090",349090,484246431,campionprincipal@gmail.com,-,1989,Annamma  Titus,Senior Secondary,Campion Ednl. Society,-,Ernakulam
Cardinal Padiyara Public School,930507,Manimala Po Distt Kottayam Kerala,686543,482,8247374,-,-,annslyo@yahoo.in,http://www.takshilaschools.in/,2000,Anna Varghese,Senior Secondary,Cardinal Padiyara Educational Trust,-,Kottayam
Carmal Central School,931014,"Payyanamon P.opathanamthitta (dist.)kerala State, Pin:689692",689692,468,2243055,-,-,vgeorgevp@gmail.com,-,2004,George Varughese,Secondary School,Malankara Catholic Educational Society,-,Pathanamthitta
Carmalgiri Central School,931367,Carmalgiri Central School11th Milebharatheepuram Popin 691312,691312,-,04752202893,-,-,carmalgiricentralschool@gmail.com,www.cgcs.edu.in,2001,Mrs. Shali Xavier,Middle Class,Malankara Catholic Educational Society,-,Kollam
Carmel Central School,930346,Valappad Distt Thrissur Kerala,680567,487,2398102,2391182,2398102,srlissyirimpan@yahoo.com,-,1995,Dr Sr Lissy John Irimpan,Senior Secondary,Carmel Educational & Chari Trust,-,Thrissur
Carmel Cmi Public School,930914,"Carmel Hills,      Puliyanmala,          Idukki",685515,4868,270106,-,04868 270728,robinskj2@gmail.com,http://www.carmelcmischool.org,2000,Fr Robins Jacob,Senior Secondary,Carmel Vidyapeet Educational And Charitable Trust,-,Idukki
Carmel Convent English Medium School,930206,"Thadiyoor Kolabhagam Po Palakunnu, Distt Pathanamthitta, Kerala",689545,469,04692654028,-,-,carmelcemstdyr@gmail.com,http://www.carmelschoolthadiyoor.com,-,Miss Sr Binitha Philip,Senior Secondary,-,-,Pathanamthitta
Carmel Public School,930193,"Vazhakulam Muvattupuzha, Distt Ernakulam Kerala",686670,485,2261233,530408,-,sijancmi@gmail.com,-,1996,Sijan Paul,Senior Secondary,Carmela Rani Edn. Trust,-,Ernakulam
Carmel English Medium School,931132,"Thakazhy P O Kuttanadu, Alappuzha",688562,477,2274448,-,-,srsusymariacmc@gmail.com,-,1992,Susamma  Antony,Secondary School,Holly Queens Providence Charitable Society,-,Alappuzha
Carmel Public School,930664,"Carmel Public School Pala,pala P O,kottayam,kerala Pin-686575",686575,482,04822213511,-,2774335,carmelpublicschoolpala@gmail.com,http://www.carmelpublicschoolpala.com,-,Mrs. Sheela Paul,Senior Secondary,-,-,Kottayam
Carmel Rani Public School,931047,Varanikkad Chettuthode P.o.kottayam Dist Kerala - 686508,686508,482,8235888,-,-,srsalymathew22@gmail.com,-,2003,Saly Mathew,Secondary School,Jaya Matha Educational And Charitable Trust,-,Kottayam
Carmel Residential School,930563,Kadalavila Mellikkunnam Po Kotarakkara Kollam Distt Kerala,691605,474,2453829,26522,-,mitamailbox@gmail.com,-,2000,Smitha Subhash,Senior Secondary,Special Care International,-,Kollam
Carmel School,931351,Madappally P.o.vakkelpady Jn Changanacherry.686546kottayam,686546,-,04812472316,-,-,carmelschool15@gmail.com,www.carmelmadappally.in,1993,Miss Sr. Rosa P.d.,Secondary School,"Carmel Convent Society,calicut",-,Kottayam
Carmel School,930385,Kallipadam Po Shornur Distt Palakkad Kerala,679122,466,2220002,563305,-,manjaly_varghese@rediff.com,www.carmelcmischoolshornur.org,1986,Fr Dr.philips P R,Senior Secondary,Little Flower Education Society,-,Palakkad
Carmel School,930904,Peyad Vilapplil Grama Panchayat Thiruvnanthapuram,695573,471,04712287025,-,4712326025,carmelschool42440@gmail.com,www.carmelschool.net,2005,Miss Sr.lissi  A P,Senior Secondary,Carmel Educational And Charitable Trust,-,Thiruvananthapuram
Carmelagiri Public School,930286,Koradakad Mattupputty- Po Munar Idukki Distt Kerala,686616,486,"5230173, 30173",4865230339,-,matheckan@gmail.com,http://ww.carmelagiri.com,1995,Fr Shine Matheckal,Senior Secondary,Carmel Edu. Trust,-,Idduki
Carmelgiri English Medium School,930401,Thalanji Pookottumanna Distt Malappuram Kerala,679334,4931,"04931230595, 230595",-,-,carmelgiri2004@rediffmail.com,http://www.carmelgirischoolthalanji.com,-,Miss Sister Lucy Thomas,Senior Secondary,-,-,Malappuram
Chaithanya Vidyalaya,931357,"Rishikshethra, Paichal, Kudlu Post, Kasaragod -671124",671124,-,04994233040,-,-,chaithanyakasaragod@gmail.com,WWW.chaithanyavidyalaya.org,2006,Mr. Shyama K,Secondary School,Chaithanya Trust,-,Kasaragod
Chavara Darshan Cmi Public School,930613,Koonammavu Ernakulam Distt Kerala,683518,484,2511162,2513095,3010903,poulose7063@gmail.com,-,2004,Fr Poulose Kidangen Cmi,Senior Secondary,Chavara Darshan Cmi Pub Sch Trust,-,Ernakulam
Chavara Public School,930264,Pala P.o. Kottayam Distt  Kerala,686575,482,"2216191, 200315",-,2133223940,mkareethara@gmail.com,-,1994,Fr Mathew Kareethara Cmi,Senior Secondary,Chavara Edn. & Char. Trust,-,Kottayam
Cherupushpa Bethany School,930132,Pb No.1 Chunnakkara Po Alappuzha Distt Kerala,690534,479,"9539152041, 356081",9946810644,-,www.cherupushpabethany.edu.in,-,1979,Fr. Varughese Puthenveetil Mathew,Senior Secondary,Bethani Social Society,-,Alappuzha
Cherupushpa Central School,930872,"Ayoor P.o, Punalur,kollam",691533,475,0475-2294122,-,-,cherupushpaschool@gmail.com,http://www.cherupushpaschool.in,-,Mr. Rev.fr.vincent . K . C,Secondary School,-,-,Kollam
Cherupushpam English Medium School,930977,"Umayanalloor, Distt Kollam - 691589 Kerala",691589,474,2535010,-,4742535010,cherupushpamklm@gmail.com,www.cherupushpamems.com,2007,Vijaya Joseph,Secondary School,Mary Matha Education Society,-,Kollam
Chinmaya Vidyalaya  Badiadka,931154,Chinmaya Dham Pajila P.o Perdala,671551,-,04998286130,-,4998286130,cvbadiadka@gmail.com,http://www.chinmayabdk.g,1989,Mr.vijayan B.k,Middle Class,Chinmaya Education & Cultural Trust (kannur) Kasaragod Unit.,-,Kasaragod
Chelakkara Central School,930928,"Thonoorkara,thrissur - 680610.",680610,551,04884-251493,5512507030,04884-253956,ccschool@Yahoo.com.in,http://www.geocities.com/ccschoolb,1995,Vilasini Amma,Secondary School,"Sidha Vidhya Kendramtrust,",-,Thrissur
Army Public School,980005,Burnacherry Post Cannane Kerala,670013,497,2704740,-,-,principal.ascnr@gmail.com,-,1985,Mrs.  Girija Nambiar,Senior Secondary,Army Welfare Education Society,-,Kannur
Army Public School,980007,"Pangode, Thirumala Po, Trivandrum, Kerala, Pin 695006",695006,471,2358242,-,4712353030,sindhusuresh754@gmail.com,-,1985,Sindhu Suresh,Senior Secondary,Army Welfare Education Society,-,Thiruvananthapuram
Arvinda Vidyamandiram,930504,Anickad Po Kottayam Distt Kerala,686503,481,"2552208, 551351",2298497,-,rckavi@gmail.com,-,1990,Kavitha R C,Senior Secondary,Arvinda Charitable Society,-,Kottayam
Arsha Vidya Jyothi Public School,931220,"Nedumon.p.o, Ezhamkulam Adoor Pathanamthitta Kerala",691556,4734,243635,-,4734243635,unnithanpadma@gmail.com,http://www.arshavidyajyothi.com,2002,Padmakumari P V,Secondary School,Sree Lekshmi Charitable And Educational Trust,-,Pathanamthitta
Arya Central School,930001,Pattom Trivandrum Kerala,695004,471,"2446725, 555543",445962,0423/43340,principal.aryacs@gmail.com,-,1965,Maitreyi Rajesh,Senior Secondary,Arya Kumar Ashram Pattom Thiruvanan,-,Thiruvananthapuram
Assisi English Medium School,930956,"Neruvambram, Payangadi P.o., Kannur District",670303,497,2875860,260410,-,bincyjohnsu@gmail.com,-,2003,Sr Bincy John,Secondary School,"Kannur Diocesan Educational Trust, Kannur - 6",-,Kannur
Assisi Vidya Niketan Public School,930138,Attipetty Nagar Chembumukku Kakkanad Cochin Kerala,682021,484,"2424724, 424824",4842426338,2424824,helenjjob@yahoo.co.in,http://www.assisi.ac.in,1994,Helen Joyce Job,Senior Secondary,Archbishop Attiretty Academy Found,-,Ernakulam
Assisi Vidyaniketan Public School,930525,Perumpily Narakkal Kochi Ernakulam Kerala,682505,484,2498877,092163-70727,-,alphonsasebastian2@gmail.com,-,2003,Alphonsa P J,Senior Secondary,Archbiship Attipety Academy,-,Ernakulam
Aura Edify Global School,931365,"Chappara, P.o. Pullut, Kodungallur, Thrissur Dist, Kerala Pin:680663",680663,-,04802808400,-,-,admissions@auraschoolkdr.com,www.auraschoolkdr.com,2013,Mrs. Yamini Dileep,Secondary School,Musris Charitable Trust,-,Thrissur
Assumption Public School,931338,"Assumption Public School,antonykkad Kavalamukkatta P.o.(via) Pookkuttumpadamnilambur679332",679332,-,9496620588,-,-,apsat332@gmail.com,www.assumptionindia.com,2013,Miss Sheelamma Joseph,Senior Secondary,Assumption Public School Trust,-,Malappuram
Aura Global Schools,930228,"Panabi Amminikkad Po Perintalmanna, Malappuram Distt Kerala -679322",679322,91,8606134111,622883,-,mjpmna@gmail.com,-,1993,Shamla U,Secondary School,Humanitagan And Education Trust,-,Malappuram
Azhar English Medium School,930301,Tirukad P O Green Valley Malappuram Kerala,679351,493,"239726, 229124",28562544,8023587680,Favas.Frkt@gmail.com,http://www.slips.g,1990,Fawas Raheem Kt,Secondary School,Peoples Welfare Trust,-,Malappuram
Azeeziya English Medium School,931186,"North Chithari,chithari(po)671316,kasaragod (dst), Kerala",671316,467,2266416,-,-,avsdas@gmail.com,-,2001,Sivadas A V,Senior Secondary,North Chithari Khilar Muslim Jama-ath Committee,-,Kasaragod
Azad Central School,931042,"Manjambra,vilathur P.o.,palakkad Dist.",679304,91,8943865236,2436125,-,sharafudheenotr@gmail.com,http://www.azadcentralschool.in,2002,Sharafudheen P,Secondary School,"Moulana Educational & Charitable Trust, Erumapetty",-,Palakkad
B F M Residential English Medium School,930684,Parasuvarikal Neyyattinkara Thiruvananthapuram Distt Kerala,695508,471,"2205020, 2202314",4842792050,-,kesmoses@gmail.com,-,2003,Keren Sashya Moses,Senior Secondary,Brible Faith Mission,-,Thiruvananthapuram
Bappuji English Medium School,930042,"Parli P.o., Palakkad Kerala",678612,491,2856377,531811,-,principalbems@gmail.com,-,1982,Nazimudeen Abdul,Senior Secondary,Kerala Educational Socy,-,Palakkad
Bappuji Public School,930648,Edivally Kodumpidy Po Kottayam Kerala,686551,482,"2222375, 221445",24116657,-,roy.koottumkal@yahoo.com,-,2002,Mr. Mobin K Augustine,Secondary School,Kerala Education Society,-,Kottayam
B M M English Medium School,930047,Pothenpuram P.o Pampady Kottayam Dist. Kerala,686502,481,"2506431, 505431",0481-2456789,2506431,issacayrootharayil@yahoo.com,http://www.bmmschoolpampd,1983,Issac  Thomas,Senior Secondary,Malankaraorthodox Church,-,Kottayam
Baker Vidyapeeth,930216,Baker Hills Kottayam Kottayam,686001,481,2569938,0171-2650874,-,softroys@gmail.com,-,1993,Joseph Thomas,Senior Secondary,The Church Of South India Trust,-,Kottayam
Bappuji English Medium School,930781,"Koothattukulam, Ernakulam Dist. Kerala",686662,485,2252103,-,-,breezygeorgearackel@gmail.com,-,2004,Breezy George Arackel,Secondary School,Thodupuzha F Educational Co Op Soc,-,Ernakulam
Bappuji Central School,930113,Kunnappilly Peruva P.o Kottayam Dist Kerala,686610,482,9251518,355498,2241755,psanthammajoseph@gmail.com,http://www.davblb.ac.in,1981,P Santhamma Joseph,Senior Secondary,Kerala Education Society,-,Kottayam
B E S Bharathi Thirtha Vidyalayam English Medium Higher Secondary School,930289,"Kallekkad, Distt Palakkad, Kerala",678015,491,2543450,-,-,usha_freedom@yahoo.com,-,1998,Usha V,Senior Secondary,Brahmin Edu. Society,-,Palakkad
Baselios Augen Public School,930637,Kodanad Perumbavo Ernakulam Distt Kerala,683544,484,2646135,2646268,2525644,vgopal.mini@gmail.com,-,1998,Mini Nair,Secondary School,Malankara Thodox Syri Edu & Chari Trust,-,Ernakulam
Bappuji Public School,930649,Vazhithala Thodupuzha Idukki Distt Kerala,670703,486,"274440, 274399",01628-281472,-,swapnannair71@gmail.com,-,2001,Swapna N Nair,Secondary School,Kerala Education Society,-,Idduki
Baselios Marthoma Mathews Ii Central School,931033,"Baselios Nagar,sooranad Po",690522,476,2851100,-,476,beenavarughese35@yahoo.com,http://www.bmm2ndcs.org/,2002,Beena Varughese,Secondary School,Basalel Mm Ii Trust,-,Kollam
Bee Line Public School,930419,Po Kuttikkattoor Kozhikode Distt Kerala,673008,495,"2356618, 357072",0495-2366288,2359097,mimoonbv@gmail.com,-,1993,Mimoona Beevi,Senior Secondary,Kuttikkattoor Muslim Yateem Khana,-,Kozhikode
Baselios Vidyanikethan,930739,Girisinai Vettickal Po Mulanthuruthy Ernakulam Dist Kerala,682314,484,2742250,-,2744220,baseliosvidyanikethancbse@gmail.com,http://baseliosvidyanikethan.com,-,Mrs. Nancy George,Senior Secondary,-,-,Ernakulam
Bekal International School,931332,"Velutholi, Pallikere, Kasaragod",671316,-,04672273373,-,-,bekalinternationalschool@gmail.com,www.bekalinternationalschool.com,2009,Mr. Usman Mundodan,Secondary School,Hira Education And Charitable Trust,-,Kasaragod
Believers Church English Medium School,930143,"Gurupuram Avalookunnu Po P.o. Alleppey, Distt Alappuzha Kerala",688006,477,"2258404, 251082",242491,-,aney008@gmail.com,-,1989,C V Issac,Senior Secondary,Believers Church India,-,Alappuzha
B R Memorial Central School,930699,Chethady Chengamanadu Po Kottarakkara Kollam Distt Kerala,691557,474,2402377,9895127325,-,onlybalu@gmail.com,-,2000,Balagopal M,Senior Secondary,Ashoka Educational & Charitable Soc,-,Kollam
Believers Church Residential School,930508,"Kuttapuzha Po Tiruvalla Distt Pathanamthitta, Kerala",689103,469,0463-2741563,-,2741564,bcrsthiruvalla@gmail.com,http://www.bcrschool.org/,-,Mrs. Shirley Ann Thomas,Senior Secondary,-,-,Pathanamthitta
Belmount English Medium School,930152,Manipuzha Nattakom P.o Kottayam Dt. Kerala,686013,481,2362255,484,-,pidiyathjose2011@gmail.com,http://www.ipsaluva.com,1992,Jose Pidiyath,Senior Secondary,Jrc Educational Trust,-,Kottayam
Benhill English School,930593,"Iritty, Kannaur Distt., Kerala",670703,490,2494788,2491037,0175-5003716,robinchek@gmail.com,http://www.modernschoolpatiala.org,2001,Robin Sebastian,Senior Secondary,Benil Education And Charitable Tr,-,Kannur
Benchmark International School,931136,"Illathappadi Road, South Annara, Tirur 676101",676101,494,3222300,-,-,jojipaul@gmail.com,-,2006,Joji Paul,Senior Secondary,Benchmark Educational Trust,-,Malappuram
Bethany Central School Nangiarkulangara,931027,Nangiarkulangara Poharipad,690513,479,2416128,-,-,agnetsrsic@gmail.com,-,2006,Sr Agnet Sic,Senior Secondary,Society,-,Alappuzha
Benchmarks International School,931189,"Peeveeaar Metro Village, Koomankulam P.o, Malamkulam, Manjeri",676123,483,2970155,-,-,unniareacode@gmail.com,http://www.benchmarksschool.org,2007,Unnikrishnan K,Secondary School,Peeveeaar Trust,-,Malappuram
Bethlehem Community English Medium School,931264,Chathamangalam Postpezhumpara Nemmarapalakkad 678508,678508,492,3244108,-,-,john1956jj@gmail.com,http://www.bcemschool.com,2007,John C E,Secondary School,Universal Family Network,-,Palakkad
Bharath Public School,930924,"Kannamba,varkala P.o.trivandrum Districtkerala",695141,470,2608529,9963185544,-,bharathpublicschool@yahoo.com,-,1998,S Sherly,Secondary School,Chandrodayam Charitable Society,-,Thiruvananthapuram
Bethsada Public School,930352,"Vengola Perumbavoor, Ernakulam Distt, Kerala",683556,484,0484-2528666,-,4842525937,bethsadaschool1996@gmail.com,http://www.bethsadapublicschool.com,-,Mrs. Reeja Paul V,Senior Secondary,-,-,Ernakulam
Bharath Vidya Mandir English School,930211,"Triprayar P.o. Valapad Thrissur Distt, Kerala",680567,487,"2393764, 396054",391583,-,bvm_valapad@hotmail.com,http://www.rajashreesmm.c,1994,Ramachandran M K,Secondary School,K P M Society Triprayar,-,Thrissur
Bharatheeya Vidya Vihar,931072,"Mazhuvanchery,eranellur (p.o),680501 (pin),thrissur,kerala",680501,4885,240286,-,-,kalabvv@gmail.com,-,2004,Kalavally K,Secondary School,Indian Institute Of Scientific Heritage,-,Thrissur
Bharathamatha Cmi Public School,931233,"Kalmandapam Byepass Road,chandranagar-p.o., Palakkad - 678007",678007,491,04912570388,9500979703,-,bha.mathacmi@gmail.com,http://www.bharathamathacmischool.org,2007,Fr. Lintesh Antony V,Senior Secondary,Bharathamatha Educational And Charitable Trust,-,Palakkad
Bharathiya Vidhya Peedam School,931152,P O Adat Thrissur,680551,487,04872306700,-,-,principalbvpschool@gmail.com,http://www.bharathiyavidhyapeedam.in,2005,Mrs. Ranjana Kamboj,Senior Secondary,Bharathiya Charitable Education Trust Thrissur,-,Thrissur
Bharatheeya Vidyapeedom Central School,931019,"Parassala P.o., Thiruvananthapuram,pin-695502,kerala",695502,471,2203746,-,-,principalbvpcs@gmail.cim,-,2007,Prathap Rana Pradeep,Senior Secondary,Bharatheeya Vidyanikethan,-,Thiruvananthapuram
Bharathiya Vidya Bhavan's School,930915,Kanjani,680612,487,2639430,-,-,beenavijayan650@gmail.com,-,2004,Beena Raghavan,Secondary School,"Bharathiya Vidya Bhavan, Mumbai",-,Thrissur
Bharathiya Vidya Bhavan's Vikas Vidyalaya,930405,Ponnani Distt Malappuram Kerala,679677,494,"2699200, 683133",-,4524374693,latha.balaraj.bvb@gmail.com,-,1992,Latha Balaraj,Secondary School,Bharathiya Vidya Bhawan Trust,-,Malappuram
Bharatiya Vidya Bhavan,930489,Taliparamba Kendra Mahatma Udyan Trichambaram Taliparamba Kannur Kerala,670141,460,2201933,0460 2204166,-,19sree66lata@gmail.com,-,1991,Sreelata Pradeep,Senior Secondary,Bharatiya Vidya Bhawan,-,Kannur
Bharatiya Vidya Bhavan,930080,Kakkad Kannur Kerala,670005,497,"2705445, 705445",702159,-,mohinirajeev@gmail.com,-,1980,Mohini Rajeev,Senior Secondary,Vasanthi Bharathan,-,Kannur
Bharatiya Vidya Bhavan English Medium School,930317,"Thirunavaya Malayappuram , Malappuram Distt., Kerala",676301,494,2602144,4884232581,-,principalbvbtva@gmail.com,-,1992,Nirmala Chandran,Senior Secondary,Bhartiya Vidya Bhawan,-,Malappuram
Bharatiya Vidya Bhavan,930202,P.b.no.22 Vidyanagar Sulthan Bathery Wayanad Kerala,673592,493,6220745,0751-4033202,-,rekha181073@gmail.com,www.bhavanswayanad.com,1991,Rekha S Nair,Senior Secondary,B.v. Bhawan Society,-,Wayanad
"Bharatiya Vidya Bhavan School, Perumthiruthi",930910,"Perumthiruthi, Elathur,",673303,495,2461600,-,-,tharakwarrier@gmail.com,-,1986,Thara Krishnan,Senior Secondary,Bharatiya Vidya Bhavan,-,Kozhikode
Bharatiya Vidya Bhavan School,930170,"Ponnayankodu Kunnu Chevayur Post Calicut, Distt Kozhikode, Kerala",673017,495,2359400,4962643777,-,sreeja316@gmail.com,-,1990,Sreeja Unnikrishnan,Senior Secondary,Bhartiya Vidya Bhawan,-,Kozhikode
Bharatiya Vidya Bhavan Senior Secondary School,930063,Kodunganoor P.o Trivandrum Kerala,695013,471,"2360564, 361400",360993,-,sunilchacko71@yahoo.com,-,1986,Sunil Chacko,Senior Secondary,B V Bhawan Bombay,-,Thiruvananthapuram
Bharatiya Vidya Bhavan Vidya Mandir,930109,"Irinjalakkuda Nadavaramba Post P O Nadaramba, Distt Thrissur, Kerala",680661,480,2830568,9497179640,-,prasannanima1234@gmail.com,-,1992,Prasanna Kumari P,Senior Secondary,B V B,-,Thrissur
"Bharatiya Vidya Bhavan, Quilandy Kendra",931068,Quilandy Kendrapo. Ulliyerikozhikode,673323,496,2650008,-,-,b_jyrm@yahoo.com,-,2007,Anita Jayaram,Secondary School,"Bharatiya Vidya Bhavan,mumbai",-,Kozhikode
Bharatiya Vidya Bhavan's School,930556,Valiyakunnu Po Valanchery Malappuram Distt Kerala,676552,494,2641380,-,-,beenanellekkat@gmail.com,-,1999,Beena N,Secondary School,Bharatiya Vidya Bhavan,-,Malappuram
Bharatiya Vidya Bhavan's S.Ramakrishnan Memorial Public School,930870,"Akamala,mullurkkara Po",680583,4884,271700,-,04884-232657,sindhumsivadas@gmail.com,-,2002,Sindhu Sivadas,Senior Secondary,Bhartiya Vidya Bhavan,-,Thrissur
Bharatiya Vidya Bhavans Vidya Mandir,930394,Sringapuram East Kodungallur Distt Thrissur Kerala,680664,480,"2807100, 804505",07672-275318,275303,saraswathygopinathbvb@gmail.com,-,1997,Saraswathi Gopinath,Senior Secondary,Bharatiya Vidya Bhavan,-,Thrissur
Bhavan's Newsprint Vidyalaya,930483,Newsprint Nagar Vellore Kottayam Kerala,686616,4829,"256644, 258282",256644,-,skumari14561@gmail.com,-,2004,Sreekantha Kumari V S,Senior Secondary,Bhartiya Vidya Bhawan,-,Kottayam
Bharatiya Vidya Bhavan's Vidya Mandir,930026,"Poochatty Junction  Eravimangalam Po, Distt Thrissur, Kerala",680751,487,2370251,0487-2371024,4872375251,sureshmanoranjini@gmail.com,bhavanspochatty.com,1978,Dr Manoranjini V,Senior Secondary,Bharatiya Vidya Bhavan Thirssur Ken,-,Thrissur
Alfeen Public School,930484,26th Mile Palampra Po Kanjirappaly Kottayam Kerala,686518,482,8234330,4828234330,482823415,principal@alfeenpublicschool.com,-,1993,Vineeta G Nair,Senior Secondary,The Alif Trust,-,Kottayam
Alhuda Public School,930926,"11/266, Panayikulam,alangad (via), Ernakulam.kerala State",683511,484,2671588,0548-2225875,4842557357,vdeepa44@gmail.com,-,2002,Deepa V,Senior Secondary,Alhuda Educational And Charitable Trust,-,Ernakulam
Aliya Arabic English School,930348,Po Paravanadukkam Kasaragod Distt Kerala,671317,499,4236539,4994237054,-,jaleelmarthya4@gmail.com,-,1983,Abdul Jaleel Perla,Senior Secondary,Chemnad Aliya Arabic College Comm,-,Kasaragod
All  Saints Public School,930856,All Sainta  Public School                       Chayamvithura.p.onedumangadthiruvananthapuramkerala State,695551,472,2856311,-,-,allsaintspublicschool@gmail.com,-,2002,Sr Jancy Rani Thomas,Senior Secondary,All Saints Educational And Charitable Trust,-,Thiruvananthapuram
Alphonsa Central School,930892,"Edat P.o, Payyannur, Kannur District, Pin- 670 327",670327,497,2806381,-,-,srpreethidm707@gmail.com,-,2003,Mini Joseph,Secondary School,"Daughters Of Mary, Tvm",-,Kannur
All Saints Public School,930501,Adoor Po Pathanamthitta Distt Kerala,691523,473,4229422,9447453034,228422,gkvlmel@gmail.com,-,2002,Georgekutty  V  L,Senior Secondary,The Malankara Catholic Edu Soc,-,Pathanamthitta
Alpha English Medium School,930523,Cherpalchery Palakkad Distt Kerala,679503,466,2280470,2700163,-,ammukrishnanjali@gmail.com,-,1993,Ramapriya M,Secondary School,Alpha Charitable Trust,-,Palakkad
Alpha Public School,931001,"Alpha Public Schoolperoor, Peroor P.okilimanoor",691589,470,2652575,-,-,krishnavanivg@gmail.com,-,2002,Kishnavani V G,Secondary School,Bafakhi Thangal Educational Charitable Trust,-,Thiruvananthapuram
Alphonsa English Medium School,930362,Keezhpally Distt Kannur Kerala,670704,490,4254063,0490-2455472,-,alphonsaems@gmail.com,-,1992,Sr Elsy Joseph,Secondary School,Con Of The Sis Of St Anne,-,Kannur
Amal English School,931207,"Santhigramam, Myladi, Eranhimangad .p .o, Nilambur, Malappuram Dist, Kerala",679329,-,04931206600,-,-,amalschool600@gmail.com,-,2002,Mrs.umaimath .r,Secondary School,Nilambur Muslim Orphanage Committee,-,Malappuram
Alphonsa English Medium School,930189,"Thamarassery, Distt Kozhikode, Kerala",673573,495,2223040,2223930,2225965,gchelackal@gmail.com,-,1992,George Thomas,Senior Secondary,Alphonsa Ednl & Charitable Trust,-,Kozhikode
Amal English School,930203,Chammanur Via Punnayurkulam Thrissur Kerala,679561,487,"2545908, 528502",-,-,nazir_salah@yahoo.com,-,1992,Subaidabeevi,Senior Secondary,Amal Charitable Trust,-,Thrissur
Amal Public School,931156,"Azhar Nagar, Chalakkal, Marampally P.o, Aluva, Ernakulam Dist.",683107,484,6547726,-,-,dhanushiju@gmail.com,-,2006,Dhanya K N,Secondary School,Amal Charitable Trust.,-,Ernakulam
Ambika English Medium School,930224,Palakunnu Po Bekal Distt Kasargod Kerala,671318,467,2237445,738026,-,aemsplk@gmail.com,-,1985,Abc,Senior Secondary,Palakunnu Sree Bhagavathi Kshethra,-,Kasaragod
Amala Mary Rani Public School,931175,"Amala Giri, Puranattukara P.o,thrissur-680551",680551,487,2306970,-,-,sramalatherese@gmail.com,-,2008,Tinu C Alappatt,Secondary School,Maryrani Educational And Charitable Trust,-,Thrissur
Ambika Vidya Bhavan,931254,"Aimcompu, Kadanad P O",686653,482,24248120,-,-,cspradeesh1981@gmail.com,-,2003,Pradeesh C S,Secondary School,Ambika Educational Charitable Trust,-,Kottayam
Amala  School,930790,T.v. Puram P.o. Moothedathukavu,686606,4829,211272,2571742,-,shajiepaul@gmail.com,-,1988,Fr Shaji Paul Cmi,Secondary School,Elankuttuchira Charitable Trust,-,Kottayam
Amrita  Vidyalam,930267,"Amritamayi Nagar Vellimadukunnu, Distt Kozhikode, Kerala",673012,495,2373536,2373536,-,avkozhi@gmail.com,-,1990,Thara R,Senior Secondary,Mata Amritanada Mayi Math,-,Kozhikode
Amrita Vidayalayam,930376,Orumanayur Chavakkad Distt Thrissur Kerala,680512,487,2500162,2500162,-,rrenainamma@gmail.com,-,1994,Reena K K,Senior Secondary,Mata Amrita Nanda Mazimath,-,Thrissur
Amrita Vidyalayam,930393,Trippakkudam Marippad Distt Alappuzha Kerala,690514,479,2415899,2415899,-,ammasdhanya999@gmail.com,-,1994,Dhanya D M,Senior Secondary,Mata Amrita Nanda Math,-,Alappuzha
Amrita Vidyalayam,930308,"Kunnumpuram Edapally North Distt Ernakulam, Kerala",682024,484,2801767,2801767,2802511,avbhakthi@gmail.com,-,1992,Bhakthipriyamrita Chaitanya,Senior Secondary,Mata Amrithanadamayi Math,-,Ernakulam
Amrita Vidyalayam,930496,Pookode Po Kuthuparamba Kannur Distt Kerala,670643,490,2362485,4902362485,-,avkpba@gmail.com,-,1997,Vidhya,Senior Secondary,Mata Amritanandamayi Math,-,Kannur
Amrita Vidyalayam,930122,Peranbavoor Ernakulam Dist. Kerala,683542,484,"2522027, 711179",2522027,-,avpbvr@gmail.com,-,1992,Geethadevipr,Senior Secondary,Ananthapuri Educational Society,-,Ernakulam
Amrita Vidyalayam,930295,"Amrita Nagar Athirakam Kannur Distt., Kerala",670005,497,"2728229, 896179",4792895937,-,avknnur@gmail.com,-,1992,Bindu,Senior Secondary,Amrita Nanda Mayi Math,-,Kannur
Amrita Vidyalayam,930611,Makkoottam Punnol Po Thalassery Kannur Distt Kerala,670102,490,2357777,2730340,-,avtlsy@gmail.com,http://www.saraswatimoder,1998,Sheela,Senior Secondary,Mata Amritanandamayimath,-,Kannur
Amrita Vidyalayam,930455,Puthiyakavv K S Puram Po Karunagappally Kollam Kerala,690518,476,2620035,2895937,-,avpkvu@gmail.com,-,1996,Sunitha K,Senior Secondary,Mata Amritanandamayi Math,-,Kollam
Amrita Vidyalayam,930680,Arakkilad Vatakara Puthur Po Kozhikode Distt Kerala,673104,496,2523020,241325,-,avvkra@gmail.com,-,1999,Bri Thanuja K T,Senior Secondary,Mata Amritanandamayi Math,-,Kozhikode
Amrita Vidyalayam,930676,Peruvathur Po Koilandy Kozhikode Distt Kerala,673620,496,2621460,2421525,0821-4287207,avmkoyilandy@gmail.com,http://www.bgscentralschool.org,1999,Sai Chitra M,Senior Secondary,Mata Amritanandamari Trust,-,Kozhikode
Amrita Vidyalayam,930278,Venoli Road Kotekkad- Po Palakkad Kerala,678732,491,"04912520639, 520639",-,-,avplkd@gmail.com,plkd.amritavidyalayam.org,1992,Miss Bri.sunitha,Senior Secondary,Mata Amritanandamayi Mission Trust,-,Palakkad
Amrita Vidyalayam,930740,"Kasad Road, Tanur Malappuram Distt Kerala",676302,494,2443700,-,-,avtnur@gmail.com,-,1989,Poonam Ts,Senior Secondary,Mata Amritanandamayi Math,-,Malappuram
Amrita Vidyalayam,930425,Thiruvalla Pathanamthitta Kerala,689101,469,04692601813,-,-,amritavidyalayams@gmail.com,http://www.tvla.amritavidyalayam.org,-,Miss Sreelatha,Senior Secondary,-,-,Pathanamthitta
Amrita Vidyalayam,930576,Kallarakadvu Pathanamthitta Distt Kerala,689645,468,2325166,-,-,avptta@gmail.com,-,1998,Sethu Madhavan R,Senior Secondary,Mata Amritananda Mayi Math,-,Pathanamthitta
Amrita Vidyalayam,930595,Kurampala Pandakm Po Pathanamthitta Distt Kerala,689501,473,4255900,-,-,avpandalam@gmail.com,bps1_brh@yahoo.com,1998,Bri Reeja K K,Senior Secondary,Mata Amrita Nandamayi Math,-,Pathanamthitta
Amrita Vidyalayam,930067,Kodungalur Thrissur Dist. Kerala,680664,480,2803171,2803171,-,avkdlr@gmail.com,-,1987,Gurupriyamrita Chaithanya,Senior Secondary,Mata Amritanandamayi Math Trust,-,Thrissur
Amrita Vidyalayam,930670,Amritagiri Arathuthara Po Mananthavady Wayanad Distt Kerala,670645,4935,241549,251113,2215132,avmvdy@gmail.com,-,1999,Shalini,Senior Secondary,Mata Amritanandamayi Math,-,Wayanad
Amrita Vidyalayam,930323,Amrita Nagar Nemom Village Kaimanam Thiruvananthapuram Kerala,690518,471,2493300,2493300,-,ammassini9@gmail.com,-,1992,Brahmacharini  Sini,Senior Secondary,Mata Amritananda Mai Math,-,Thiruvananthapuram
Amrita Vidyalayam,930671,Amrita Nagar Panchikkal Ayyanthol Thrissur Distt Kerala,680003,487,2366066,9947856325,-,avtrsr@gmail.com,-,1999,Sita Lakshmi E P,Senior Secondary,Maya Amritanandamayi Math,-,Thrissur
Amrita Vidyalayam,930430,South Panamanna Road Kanniampuram Ottapalam Distt Palakkad Kerala,679104,466,2246326,1262,-,ammassaras@gmail.com,-,1994,Sarasamma C S,Senior Secondary,Mata Amritanandamayi8math,-,Palakkad
Amrita Vidyalayam,931334,Vazhappally(w)p Ochanganasserykottayam,686103,-,04812400822,-,-,avcssi@gmail.com,-,2006,Miss Bindu K Dharmapal,Secondary School,Mata Amritanandamayi Math,-,Kottayam
Amrita Vidyalayam-Kanhangad,931023,"Amritagiri,kalyan Road,balla P O",671531,467,2205462,-,-,avkngd@gmail.com,http://www.amritavidyalayam.org,2003,Swarna P,Secondary School,Mata Amritanandamayi Math,-,Kasaragod
Amrita Vidyalayam,930696,Amriti Nagar Pulpally Po Wayanad Distt Kerala,673579,493,6240214,0484 6520135,-,cdasavpply@gmail.com,-,1999,C Dasan,Senior Secondary,Mata Amritanandamayi Math,-,Wayanad
Amrutha Pub School,930339,Badagara Amrutha Giri Post Pathiyarakara Calicut Kerala,673101,496,2528818,2460807,2464504,kunhikannankppr@rediffmail.com,www.bihanieducationtrust.,1990,Mrs.smitha Nambiar,Secondary School,Badgara Education Society,-,Kozhikode
"Amrita Vidyalayam, Cheruthuruthy",931181,Athickaparambu Roadcheruthuruthy P.o.thrissur - 679 531,679531,4884,264488,-,-,avsrnr@gmail.com,http://www.amritavidyalayam.org,2007,Rejula S R,Secondary School,Mata Amritanandamayi Math,-,Thrissur
"Amrita Vidyalayam, Manjeri",931032,"Narukara, Manjeri",676121,483,2765373,-,-,avmanji@gmail.com,http://www.amritavidyalayam.org,2001,J K Lakshmi,Secondary School,Mata Amritanandamayi Math,-,Malappuram
Andulus Public School,931249,"S V Market.p.o, Karunagappally, Kollam, Kerala-690573",690573,476,2625441,-,-,andulusps@gmail.com,-,2005,Moly Ben,Secondary School,Karunagapally Islamic Educational Complex And Charitable Society,-,Kollam
Anand Bhavan Central School,930809,"Anand Bhavan Central School,anchal,kollam,kerala,pin 691306",691306,475,04752276355,-,-,rafeehaneefa@yahoo.com,http://www.anandbhavancentralschool.org,-,Mrs. Maya Panicker,Secondary School,-,-,Kollam
Angels Arc English Medium School,930177,Kallummoodu Kayamkulam Kayamkulam Alapuzha,690502,479,04792448565,-,-,m.angelsarc@gmail.com,www.angelsarcschool.org,1989,Mrs. Sobhana S,Senior Secondary,Christian Educational Charitable Society,-,Alappuzha
Anjaneya Saraswathy Vidya Mandiram,930784,"Vaipur(p.o),mallappally, Pathanamthitta, Kerala",689588,469,2680072,0161-2772911,-,neethuvinod85@gmail.com,-,1998,Neethu  Vinod,Secondary School,Anjaneya Charitable Society,-,Pathanamthitta
Anns English Medium School,931144,Meenangadi Post54th Milewayanad,673591,4936,246800,-,-,beenoos32@gmail.com,http://www.annsenglishmediumschool.com,2005,Beena K Thomas,Secondary School,Golden Valley Educational And Charitable Trust,-,Wayanad
Ansar English School,930953,"Kololamba P.o.,edappal Via,malappuram Dist.,kerala State",679576,494,2680039,260410,-,pradu1977@gmail.com,-,1992,Pradeep K,Secondary School,Kololamba Charitable Trust,-,Malappuram
Apex International School,930963,"Odumbra, Olavanna.p.o.",673019,495,2432800,-,-,amrutha_santhosh@yahoo.com,http://www.apexinternatonalschool.org,2005,Amrutha Santhosh,Secondary School,Apex Educational Trust,-,Kozhikode
Ansar English School,930038,Perumpilavu Karikkad P.o Thrissur Dist. Kerala,680519,4885,"284816, 581626",284816,282277,principal@ansar.in,www.ansarschool.org,1980,Dr. Salil Hassan,Senior Secondary,Ansari Charitable Trust,-,Thrissur
Apex Public School,930581,Eranthimavce Pannicode Po Mukkam Kozhikode Distt Kerala,673602,495,"2209922, 2208844",-,-,apexpschool@gmail.com,-,2000,Rajani P V,Senior Secondary,Apex Education Trust,-,Kozhikode
Apsara Public School,930530,Koliyadukkam Perumbala Po Kasargod Distt Kerala,671317,499,4237222,2252395,-,anvarhidaya@gmail.com,http://www.marygiri.org,2002,Anvar Ali V,Senior Secondary,Apsara Edu & Chari Trust,-,Kasaragod
Arafa Public School,930767,"Pezhakkapilly P.o. Muvattupuzha, Ernakulam Distt., Kerala",686674,485,2813705,248406,27052270,febinakanely@gmail.com,http://www.suprabhat.ac,1994,Febina Jamal,Senior Secondary,Irikkur Educational Society,-,Ernakulam
Aravukad Sreeden Eng Med Sec School,930661,Punnapra Po Alapuzha Distt Kerala,688004,477,2288777,4692600577,2600226,aravukad.sreedeviemss@ymail.com,-,1995,G Retnamma,Secondary School,Araverkad Kshetrayogam,-,Alappuzha
Archangel's School,930908,"Chunda P.o. Kannikalam, Thaliparamba, Kannur Distt Kerala.",670511,498,5243278,-,-,jincykthomas77@gmail.com,-,2003,Jincy Thomas,Secondary School,Marian Education And Welfare Society,-,Kannur
Archbishop Attipetty Public School,930893,"T.k.c Road, Vaduthala P.o. Kochi, Kanayannoor, Ernakulam,",682023,484,6588137,-,-,dhanesh_antony@yahoo.in,-,2005,Dhanesh Antony,Secondary School,Francis Assisi Educational Trust,-,Ernakulam
Archbishop Mar Gregorios Public School,930990,"Kottoor P.o., Kaviyoor, Thiruvalla",689582,469,2677206,-,-,geethamathewk@hotmail.com,http://www.amgpublicschool.org,2004,Geetha Mathew,Secondary School,The Corporate Educational Agency Of The Catholic Diocese Of Thiruvalla,-,Pathanamthitta
Arafa English School,930181,Arafa Nagar Attoor Thrissur Distt. Kerala,680592,4884,"274595, 472695",9.19E+11,274485,ksabdulla@gmail.com,http://www.arafatrust.org,1994,Vasantha Madhavan,Senior Secondary,Arfa Charitable Trust,-,Thrissur
