7i World School Shivpuri Link Road Gwalior,1031001,Shivpuri Link Road,474009,-,07514030777,-,-,admin@7iworldschool.com,www.7iworldschool.com,2017,Mrs. Alka Bhargava,Senior Secondary,Mahatauliya Educational Society,-,Gwalior
Aadharshila Academy,1030304,Sanwar Road Ujjain Madhya Pradesh,456001,734,6555565,27674227,-,aadharshilaacademy@yahoo.com,-,2004,Abhilasha Chaturvedi,Senior Secondary,Nav Aadarshila Education Society,-,Ujjain
Aaditya Vidya Vihar Higher Secondary School,1030604,"Khandwa Road, Khargone",451001,7282,234789,-,-,ashokdixit@live.com,-,2003,Pramila Patel,Senior Secondary,Aaditya Educational And Cultural Society,-,Khargone
Aaradhya International School,1030823,Khasara No 1888/3 Patwari Halka No.44 Village Munjakhedi,456664,-,07342701122,-,7342701122,aaradhyainternational2014@gmail.com,http://www.aaradhyainternationalschool.com,2013,Kiran Peter,Senior Secondary,Aardhya Shikshan Evam Shodh Samiti Munjakhedi,-,Ujjain
Aakar Public School,1030876,"Piproli, Shivpuri Link Road",475001,-,07516055557,-,-,aakarpublicschool@gmail.com,http://www.apsgwl.in,2013,Mrs. Jaya Nag,Senior Secondary,Society For Quality Reliability And Communication Technology,-,Gwalior
Abhyaas International School,1031209,"Jassakhedi Road,barnagar",456771,-,7509264932,-,-,abhyaasinternational@gmail.com,https://www.abhyaasinternational.com/,2017,Mr. Arun Jain,Secondary School,"Brahmi Shikshan Sansthan, Barnagar",-,Ujjain
Abhyuday Vidyasthali,1031047,Gawadi Fatakhandwa Roadvillage Magriya,451001,-,07282235900,-,-,abhyudayvidyasthali@gmail.com,abhyudayvidyasthali.edu.in,2017,Mr. G. Phaneendra Balaji,Senior Secondary,"Shri Navgrah Vidyasthali Siksha Samiti, Khargone",-,Khargone
Academic Heights Public School,1030939,476001,476001,7532,9644405864,-,-,ahpskarua@gmail.com,http://www.morena.academicheights.in/,2015,Mr. B Balachandrudu,Senior Secondary,Shipra Manav Kalyan Evam Vikas Shiksha Samiti,-,Morena
Academic Heights Public School,1031242,"Thoobon Ji Piprai Road,tiraha,ashoknagar",473331,-,07543220866,-,-,ahps5170@academicheights.in,www.academicheights.in,2017,Mrs. Pallavi Marar,Secondary School,Gyan Jyoti Welfare Society Ashoknagar Samiti,-,Ashoknagar
Academic Heights Public School,1030967,"Chandi Dai Road, Vill.-karhi Pawai, Panchayat-karhi Kothar",485001,7672,07672-293525,-,-,principal.ahpssatna@gmail.com,http://www.satna.academicheights.in,2011,Mrs. T. Shobha Reddy,Senior Secondary,"Shri Rama Krishna Charitable Trust, Satna",-,Satna
"Academic Heights Public School, Katni",1031150,"Near R.s Timber Yard Madhav Nagar Station Road, Amir Ganj",483501,-,07622407206,-,-,mg22303@gmail.com,www.academicheights.in,2016,Mrs. Rajdulari,Secondary School,Youth Plannary Development Education Society Samiti,-,Katni
"Academic Heights Public School, Timarni",1031058,"Academic Heights Public School,village - Nimacha, Timarni (m.p.)",461228,-,9591785974,-,-,academicheightschol@gmail.com,-,2016,Mr. S.majumdar,Senior Secondary,Seth Laxminarayan Ganeshdas Balwate Sewa Sansthan,-,Harda
Acharya Shriram Vidyalaya,1030875,"Ward No-1,pipri ,nowgong",471201,91,9425416142,-,-,asv.nwg@live.com,-,2013,Rizwan Hussain,Senior Secondary,Sanskriti Seva Samiti,-,Chhatarpur
Acharya Vidyasagar Public School,1031012,"G- Pothyai, Gaushala Campus, New Pichhore Road, Khaniyadhana",473990,-,07909472032,-,-,avpskhaniyadhana@gmail.com,www.avpsschool.com,2016,Mr.  Santosh Agarwal,Senior Secondary,"Shri Digamber Jain Shraman Sanskriti Sansthan Sanganer, Jaipur (raj.)",-,Shivpuri
Adarsh Academy,1030311,"A B Road Village Guljhari Tehsil Dhamnod, Dist. Dhar, Madhya Pradesh-454552",454552,7291,224510,-,-,sandhya01061965@gmail.com,www.adarshdhamnod.com,2004,Sandhya Saxena,Senior Secondary,Janki Devi Patidar Shikshan Samiti,-,Dhar
Aditiya Birla Senior Secondary School,1030129,"Near Petrol Pump Birlagram Nagda, Dist Ujjain, Madhya Pradesh",456331,7366,255173,7366255214,244114,yogesh.paliwal@adityabirla.com,-,1986,Yogesh Paliwal,Senior Secondary,Grasim Jan Kalyan Trust,-,Ujjain
Aditya Birla Public School,1030524,"Aditya Vihar, P.o. Bharatpur, Distt.sidhi(mp)",486776,7802,276641,21753,07802-276715,ap.tyagi@jalindia.co.in,-,2009,A P Tyagi,Senior Secondary,Trust-jaiprakash Sewa Sansthan,-,Sidhi
Aditya Convent School,1030330,"231, Bajpai Colony, Gopal Vihar, Distt Jabalpur, Madhya Pradesh",482002,761,2342323,-,-,divyamit.bajpai@gmail.com,-,2000,Divya Bajpai,Senior Secondary,Bharat Sevasram Sangha,-,Jabalpur
Aditya Public School,1030489,Rewas Dewra Road Mansaur (m.p),458001,7422,244884,-,-,adityapublicschoolmandsaur1@gmail.com,-,2007,Kusum Saklecha,Senior Secondary,Merdian Education Samiti,-,Mandsaur
Advanced Academy,1030183,Iskcon Vihar Nipania Road Indore Madhya Pradesh,452018,731,"7415666676, 2309168",-,-,advancedindore@gmail.com,http://advancedacademyindore.com,-,Mrs. Renu Muley,Senior Secondary,-,-,Indore
Aditya World School,1031234,Nainagir Gwalior Bypass,474011,-,07514079799,-,-,principal@adityaworldschool.com,www.adityaworldschool.com,2010,Mrs. Mitali Roy,Secondary School,Aditya Education Society,-,Gwalior
Advanced Kids Academy,1030660,Mainakhedi Zirapur Tehsil Zirapur Machalpur Road,465691,7370,7440663659,-,07370-275113,advancedkidsacademy@gmail.com,http://www.advancedkidsacademy.edu.in/,-,Mr. Jijeesh Joseph,Senior Secondary,-,-,Rajgarh
Agarwal Public School,1030084,Bicholi Mardana Road Indore Madhya Pradesh,452020,731,"4212666, 592779",930333329,592449,info@apsindore.com,-,1995,Vandana Ojha,Senior Secondary,Agarwal Charitable Trust,-,Indore
Agarwal International Public School,1030931,"Plot No. 92, Kasba Ahmedpur, Tehsil Vidisha, District Vidisha 464001(m.p.)",464001,7592,07592243700,-,-,agarwalips@rediffmail.com,http://www.agarwalinternationalvidisha.co.in,2014,Mr. Sandeep Limaye,Senior Secondary,Maa Jeen Mata Education And Welfare Society,-,Vidisha
Agrawal Academy,1030407,Vidisha Sanchi Road,464661,496,8349545340,2593126,07482(266929),ajayshanker.sharma@yahoo.com,http://www.agarwalacademy.com,2008,Ajay Shanker Sharma,Senior Secondary,"Agarwal Education And Development Society, Vidisha",-,Panna
Agrawal Junior College,1030278,"Ujjain Bye Pass Chouraha, Distt Dewas, Madhya Pradesh",453331,9712,01745274272,4482766,-,pratap_public_school@hotmail.com,http://www.pratappublicschool.com,2004,Mrs.sunita Ahlawat,Senior Secondary,R. S. Ch. Pratap Singh Charitable Trust Society,-,Dewas
Agrawal Public School,1031174,"Niwali Road, Village Palsood, Tehsil - Rajpur, Dist. Badwani Pin Code 451447 (m.p.)",451447,-,9993539859,-,-,aps1662018@gmail.com,www.apspalsood.com,2018,Mr. Paritosh Roy,Secondary School,Maa Menimata Shikshan Samiti Palsud,-,Badwani
Aim Win Academy,1031055,"Sec-e Sudama Nagar, Hukmakhedi, Near Naani Maa Dharamshala, Cat Road, Indore",452013,-,07314932740,-,-,aimwinacademy.indore@gmail.com,http://www.aimwinacademy.com,2001,Miss Archana Tiwari,Senior Secondary,Lakshyajeet Educational Academy,-,Indore
Ahlcon Heights International School,1030988,"Patkui-bararu Road,bararu,sagar(m.p.)",470001,7582,07582289301,-,-,ahlconsagar@gmail.com,http://www.ahlconsagar.com,2015,Mrs. Tripti,Senior Secondary,Smt. Kamlesh Rathore Shiksha Avm Samaj Utthaan Sewa Samiti,-,Sagar
Ajay Satya Prakash Public School,1030757,"Mouza Kewlari R.i. Circle Maharajpur Tehsil Panagar ,  District Jabalpur",483220,761,2350211,-,-,davidsmita@gmail.com,-,2011,Smita N David,Senior Secondary,Ajay Satya Prakash Educational Society,-,Jabalpur
Akshat International School,1030577,"Lalpur, Nagziri, Dewas Road, Ujjain",456010,734,2525909,242396,-,akshatinternationalujjain@gmail.com,-,2011,Pooja Sharma,Senior Secondary,Akshat Rishab Shikshan Avem Shod Samiti,-,Ujjain
Ajmera Mukesh Nemichand Bhai English Medium School,1030082,Scheme No.54 A B Road Indore Madhya Pradesh,452010,731,2557275,490899,552325,dr.shyamali.chatterjee@gmail.com,-,1992,Shyamali,Senior Secondary,Shri Gujarati Samaj Indore,-,Indore
Akshay Academy,1030964,"36, Kumhar Khadi, Kila Maidan Road",452015,-,07312424222,-,-,akshayacademyind@rediffmail.com,http://www.akshayacademyindore.com,2008,Mr. G.k. Prajapati,Senior Secondary,Akshay Academy,-,Indore
Allegiance Academy,1030548,"7 Surdas Complex, Opp. Gayatri Colony, Kukshi Distt Dhar",454331,7297,244601,-,-,katareyogendra02@gmail.com,-,2008,Yogendra Katare,Senior Secondary,Sarv Sukhay Sansthan Samiti,-,Dhar
All Saints School,1030192,Gandhi Nagar Bhopal Madhya Pradesh,462036,755,07552528644,-,290789,kzbia@yahoo.co.in,http://www.allsaintscbse.in,-,Mr. P N Dubey,Senior Secondary,-,-,Bhopal
Alok International School,1031045,"Behind Air Strip, Dewas Road, Ujjain",456664,-,07344050823,-,-,aisujjain01@gmail.com,http://www.aisujjain.in,2017,Dr. Preeti Gupta,Senior Secondary,Prasar Shikshan Evam Seva Sansthan,-,Ujjain
Alpine Academy,1030828,"Sch. No.97, Part-4, Slice-3, Igyan Nagar, Annapurna Road, Indore",452012,731,4074211,-,-,basantibisht05@gamil.com,-,2014,Basanti Devi Bisht,Senior Secondary,Alpine Public School Shiksha Samiti,-,Indore
Alpha International School,1030960,"Garoth Road, Near Choudhary Pump, Shamgarh",458883,91,7773835000,-,-,alphainternationalshamgarh@gmail.com,http://www.alphainternationalshamgarh.com,2016,Mr. Shyamdas Bandyopadhyay,Senior Secondary,"Shrimati Gayatridevi Balaram Chaudhary Social Welfare Society, Shamgarh",-,Mandsaur
Amar Public School,1030087,"Thatipur, Gwalior, Madhya Pradesh -474 011.",474011,751,4041208,2.34E+16,2345725,50042@cbseshiksha.in,http:/www.pdpschool.com,1981,Rakendra Singh Chauhan,Senior Secondary,Shri Chauhan Sainik Shiksha Prasar,-,Gwalior
Ami Shishu Mandir,1031189,Jal Viharphool Baghmotimahal Road,474001,-,07512456320,-,2376440,amishishumandir@gmail.com,www.amishishumandir.com,1945,Mrs. Karuna Khare,Senior Secondary,Shishu Mandir Gwalior,-,Gwalior
Amity International School,1031073,"Maharajpura, Airport Road Gwalior",474020,-,07512496702,-,-,principal@aisgwa.amity.edu,https://www.amity.edu/ais/gwalior/,2016,Mrs. Manju Singh,Senior Secondary,Ritnand Baldev Education Foundation,-,Gwalior
Ammar Baugh-E-Nounihal Higher Secondary School,1030173,"50 Chattri Baugh, Distt Indore Madhya Pradesh",452002,731,"2343602, 2479291",2789843,0341-2514399,husain2159@gmail.com,-,1973,Husain Saher,Senior Secondary,Wajihiyah Schools Soceity,-,Indore
Anand Vidya Bharti,1030039,Ramlala Marg Biaora (rajgarh) Madhya Pradesh,465674,20,32250,32010,2532511193,newmake@vsnl.com,http://www.ksisnashik.com,1990,M A Khan,Secondary School,Kendriya Vidyalaya Sangathan,-,Rajgarh
Amrit Vidya Pit,1031236,Vindhyanagar Distt-singrauli,486886,-,9926770125,-,7805245418,avpbedcollege2008@gmail.com,www.amritvidyapit.co.in,1996,Dr. A.p. Tiwari,Senior Secondary,Amrit Shikshan Shmit,-,Singhrouli
Anamay Higher Secondary School,1030693,"Near Sun City 2, Ab Road Dewas,",455001,7272,259258,-,7272259259,Principal@anamayschool.com,-,1994,Monika Kardile,Senior Secondary,"Anamay Shikshan Samiti, Dewas",-,Dewas
Anand Vihar School,1030276,Tulsi Nagar Bhopal Madhya Pradesh,462003,755,2552792,2265353,-,zope.s3003@gmail.com,-,1965,Shailesh Zope,Senior Secondary,Vanita Samaj,-,Bhopal
Anant Utsav School,1030485,Anant Utsav School Village-simrai Nh-12 Opp-nahar Spining Mill Hosangabad Road Distt- Raisen (m.p),464994,7480,205075,7312414058,07480-205075,deeptisaransxn20@gmail.com,-,2009,Deepti Saran,Senior Secondary,"Anant Utsav Shiksha Avam Samaj Sudhar Samiti, Bhopal",-,Raisen
Angel's Abode Public School,1030561,Gram Badagaon Khurd,472001,7683,9993283747,-,-,angelsabodetikamgarh@hotmail.com,-,2008,Ashu Mishra,Senior Secondary,"Jain''''''''s New Children Educational Foundation, Tikamgarh",-,Tikamgarh
Angels Planet School,1030709,"Gram Bhandariya, Harsud Road, Khandwa (m.p.)",450001,733,8989423802,-,-,sahnibatteries@gmail.com,http://www.angelsplanet.org,2006,Jasmeet Aur Sahni,Senior Secondary,Suyash Education Society,-,Khandwa
Anjad Public Higher Secondary School,1030357,"Thikari Road, Anjar, Distt Badwani, Madhya Pradesh",451556,7284,251185,-,07284-251185,mads.hnb@yahoo.com,-,1994,Madhvi Verma,Senior Secondary,Anjad Public School Society,-,Badwani
Annie Besant School,1030318,"48-49, Precanco Colony, Annapurna Road Indore",452009,731,2484034,-,-,mohit@anniebesant.co.in,-,1946,Mohit Yadav,Senior Secondary,Narayan Das Yadav Shiksha Prasad Samiti,-,Indore
Anshul Vidhya Mandir,1030593,"Vrandavandham, Bagh Road, Jobat Distt Jhabua",457990,-,7747952585,-,-,anshulvidyamandir18@gmail.com,www.anshulvidhyamandir.com,2004,Mrs. Trapti Biswas,Senior Secondary,Aadivasi Gramin Utthan Samiti,-,Jhabua
Anu Public School,1030837,"Anu Nagar, Thandla",457777,7390,7898957407,-,9424096590,anuthandla@gmail.com,-,-,Mr. Pramod Nair,Secondary School,-,-,Jhabua
Anusuiya School,1030667,"Khasra No. 277/4, Village Dakachya , Railway Station Road, Opp. Itc Soya Plant, Tehsil Sanwer,dist. Indore(mp)",453771,731,07389831777,-,-,anusuiyaschoolprincipal@gmail.com,www.anusuiyaschool.in,2011,Mrs. Ratna Sharma,Senior Secondary,Devi Anusuiya Vidya Sansthan,-,Indore
Apex Academy,1031193,Prathvipur Abdul Kalam Azaad Ward 4 Prathvipur Tikamgarh Madhya Pradesh Bharat,472336,-,7587666598,-,-,apexacademy2019@gmail.com,WWW.APEXACADEMYSCHOOL.COM,2016,Mrs. Neha Shrivastav,Secondary School,Thakur Pancham Singh Jankalyan Samiti,-,Tikamgarh
Angel Paradise Public School,1031204,Angel Paradise Public School Chanchoda Road Binaganj Guna M.p.,473115,-,07546240120,-,-,angelparadise2016@gmail.com,www.angelparadisepublicschool.com,2016,Mrs. Anita Pratap Mulik,Senior Secondary,Shri Bageesh Education And Welfare Society,-,Guna
Arguta International School,1031230,"Village Ramgarh, Bicholi Mardana Road, Off By Pass",452016,-,07314935664,-,-,amreshdubey02@gmail.com,www.argutainternationalschool.com,2015,Mrs. Shivani Dokhale,Secondary School,Arguta Educational Foundation,-,Indore
Arihant Public School,1030998,"Kunwarpura, Tikamgarh (m.p.)",472001,-,07683242592,-,-,arihantpublicschool@gmail.com,-,2006,Mr.bardhman Kumar Jain,Secondary School,Veetrag Vani Trust,-,Tikamgarh
Army Public School,1080008,3 Eme Centre Bairagarh Bhopal Madhya Pradesh,462031,755,2970386,7552771386,-,dwivediseema.21@gmail.com,-,1999,Seema Dwivedi,Senior Secondary,Army Welfare Education Society Delhi,-,Bhopal
Army Public School,1080007,Morar Cantt. Gwalior Madhya Pradesh,474006,755,2463939,369489,-,nilanjana_singh@rediffmail.com,-,-,Nilanjana Singh,Senior Secondary,Army Welfare Society,-,Gwalior
Christ Senior Secondary School,1030061,Guna - Madhya Pradeh,473001,7542,221268,226434,-,babuj4u@rediffmail.com,-,1983,Fr Thomas Kollappilly Cmi,Senior Secondary,Maharashtra Academy Of Engineering And Educational Research,-,Guna
Christa Jyoti Mission Higher Secondary School,1031074,"Godaval Road, Beohari P.o. Shahdol District M.p",484774,-,9424809665,-,-,cjmsbeo@gmail.com,-,2000,Mrs. Shiny George,Senior Secondary,"Northern India Zonal Assembly, Delhi",-,Shahdol
Christjyoti School,1030011,"P.box No 53 Singravli Colliery P O, Sidhi Distt., Madhya Pradesh",486889,7805,266798,240,-,christjyoty@yahoo.co.in,-,1971,Sr Pavana,Senior Secondary,Satna Diocesan Society,-,Sidhi
Christu Jyoti Convent School,1030188,Engineering College Road Malanwasa Pb No 248 Motilal Nehru Nagar Ujjain Madhya Pradesh,456010,734,2512757,2512757,-,christujyotischool@gmail.com,-,1989,Lissy Joseph,Senior Secondary,Vidya Sadan Society,-,Ujjain
City Central School,1030240,"Shri Bankey Bihari Shiksha Samiti Bhawan, Near Dak Banglow Ater Road, Bhind Madhya Pradesh",477001,7534,233784,"8458811322, 8458811323",235383,50216@cbseshiksha.in,-,1989,P K Sharma,Senior Secondary,Shri B B Shiksha Prasar Samiti,-,Bhind
City International School,1030493,"Indore Road,dhar,madhya Pradesh-454001",454001,7292,408250,-,-,sudhirshalinidas@gmail.com,-,1980,Shalini Dass,Senior Secondary,St.theresa''s Educatinal & Social Service Society,-,Dhar
Colonel's Academy,1030139,"51 Silver Oaks Estate Bercha Road Mhow, Distt Indore, Madhya Pradesh",453442,732,271286,272313,-,keranbahadur15@gmail.com,http://www.colonelsacadem,1995,Keran Bahadur,Senior Secondary,Colones's Edu & Cultrual Society,-,Indore
City Public High School,1030628,"Shankarpur Magarda,guna, Madhya Pradesh",473331,91,7389248444,-,-,naveenjcps9@gmail.com,-,2002,Naveen Jain,Secondary School,Shri Shanti Vidhya Seva Samiti Ashoknagar,-,Guna
Corolla Public School,1031247,"Bhagat Singh Ward, Multai, Tehsil- Multai, Dist.- Betul (m.p)",460661,-,9424461299,-,-,corollapublic21@gmail.com,-,2004,Mr. Surendra Singh Rathor,Senior Secondary,Devi Urmila Shiksha Samiti,-,Betul
Columbia Convent School,1030063,Bicholi Hapsi Kanodia Road Indore Madhya Pradesh,452001,731,2845249,-,08387-268545,columbia_covent@yahoo.com,-,1991,Nalini Pal,Senior Secondary,Columbia Education Society,-,Indore
Creative Minds Global School,1031164,"Opp. Gopi Dhani, Behind Maheshwari Warehouse, Off Neemuch Manasa Road",458441,-,07423222263,-,-,creativemindsglobalschool@gmail.com,http://www.creativemindsglobalschool.in,2015,Mrs. Sneha Madnani,Secondary School,G. G. Memorial Education And Social Welfare Society,-,Neemuch
Crayon International School,1031105,Gadarwada,487551,-,077912224567,-,-,buntykatol@gmail.com,-,2017,Mrs. Varsha Shiju,Senior Secondary,"Shradha Bhaudashiya Parmarthik Sansthan, Bhopal",-,Narsinghpur
Cps International School,1031183,"Vill. Badagaon, Ambah Road, Morena- 476001",476001,-,07532,-,-,cpsinternationalschool@gmail.com,www.cpsinternational.in,2019,Mr. D Srinivasarao,Secondary School,Prathmik Shiksha Samiti,-,Morena
D A V Public School,1030052,Diamond Mining Project Majhgawan (ndmc) Panna Madhya Pradesh,488101,7732,9589566823,59,0141-2762864,davpspanna@gmail.com,http://www.vidyasthali.com,1994,Prakash Chandra Singh,Senior Secondary,Bhartiya Samajik Vikas Samiti,-,Panna
D A V Centenary Public School,1030038,Amlohri Project ( Ncl) Distt. Singrauli Madhya Pradesh,486887,7805,07805-278261,-,7805278261,dav_amlori@yahoo.com,http://www.davamlohri.org,-,Mr. Shivendra Kumar Srivastava,Senior Secondary,-,-,Singhrouli
D A V Acc Public School,1030010,Kymore Katni Distt Madhya Pradesh,483880,7626,07626272185,-,272185,davacckymore@gmail.com,www.davacckymore.org,1992,Mr. Ashok Kumar Mishra,Senior Secondary,Dav College Trust And Management Socity,-,Katni
D A V Public School,1030079,Nigahi (ncl) Sidhi  Madhya Pradesh,486884,780,276498,22453,-,rajib.mishra62@gmail.com,-,1989,Rajib Kumar  Mishra,Senior Secondary,Dav College Managing Committee Nd,-,Sidhi
D A V Public School,1030246,"C W S Jayant Singrauli, Distt Sidhi M P",486840,7805,"226621, 222551",222306,-,ashok.km67@gmail.com,-,1996,Ashok Kumar Mishra,Secondary School,Dav College Managing Committee,-,Sidhi
D P C Role Model Excellence School,1031077,"Dreamland City,katangi Road,dorlichhatarpur Distt.seoni(m.p)",480661,-,07692226635,-,-,dpcrolemodelexcellenceschool@gmail.com,dpcschool.in,1993,Dr.  K.k. Chaturved,Senior Secondary,Shri Ram Adarsh Shiksha Samiti Seoni,-,Seoni
D A V Public School,1030057,Dudhichua Project (ncl) P.o. Jayant Distt Sidhi Madhya Pradesh,486890,7805,226223,226224,226223,amitabhcpsrivastava@gmail.com,-,1987,Amitabh Srivastava,Senior Secondary,Dav Managing Committee N D,-,Sidhi
Daffodils Public School,1031097,"J.j Road, Kamtonbareli, Dist-raisen M.p",464668,-,9424434269,-,-,daffodilspublicschool42@gmail.com,www.daffodilspublicschool.com,2018,Mrs. Mrs.ritu Vyas,Senior Secondary,Daffodil Education Welfare Society,-,Raisen
Daily School Of Education,1031123,"Vill. Sodalpur, Teh. Timarni, Dist. Harda, Mp.",461228,-,0757334-225699,-,-,sweetyraghuwanshisng@gmail.com,-,2010,Mr. K.p. Sisodiya,Secondary School,"Swargiya Jamnadas/lalitabai Shiksha Samiti, Sodalpur, Teh. Timarni, Dist. Harda, Mp.",-,Harda
Daisy Dales School,1030389,"19, Scheme No. 78 Ii, Dist. & Tehsil Indore (mp)",452010,731,2577725,9846707678,-,namitabhatnagar.21@gmail.com,-,1990,Namita Bhatnagar,Senior Secondary,Young Women's Education Society,-,Indore
Daffodils Smart School,1031239,"Pipliyamandi-manasa Road, Village Gudbheli, Tehsil- Malhargarh, Distt. Mandsaur (m.p.) - 458664",458664,-,07424298008,-,7424298008,info.daffodilssmartschool@gmail.com,http://daffodilssmartschool.com/,2018,Mrs. Priya Sharma,Secondary School,Gangadevi Education And Social Welfare Society,-,Mandsaur
Daksh International School,1030781,"Shani Mandir Road Bypass, Gadarwara, Dist- Narsinghpur",487551,-,07791255644,-,-,dakshintlschool@gmail.com,www.daksheducation.org,2011,Mr. Pradeep Kumar Choudhary,Senior Secondary,Annapurna Shikshan Samiti,-,Narsinghpur
Daly College,1030001,Residency Area  Indore Madhya Pradesh,452001,731,"0731-2719000,2719001",-,0731-2702674,principal@dalycollege.org,http://www.dalycollege.org,-,Mr. Neeraj Kumar Bedhotiya,Senior Secondary,-,-,Indore
Damoh Public School,1030826,"Ojaswini Nagar, Sagar Road",470661,91,9575304041,-,-,dpsgdamoh@gmail.com,http://dmo.dpsgs.org/,2015,Mrs. Reena Tiwari,Senior Secondary,Ojaswini Samdarshi Nyas,-,Damoh
Dav Calderys Public School,1030081,(Refractory Works) Katni Madhya Pradesh,483504,7622,54564,2758565,54561,psmphs@rediffmail.com,-,1993,Sh G K Bhatnagar,Senior Secondary,Dav College Managing Committee Nd,-,Katni
Dav Burhar Public School,1030134,Pakaria Jaitpur Road Burhar Distt Shahdol Madhya Pradesh,484110,7652,"260400, 260591",-,0755-2725122,davbps@gmail.com,http://www.giisthailand.g,1999,J S P Patnaik,Senior Secondary,Dav College Managing Comm,-,Shahdol
Dav Borl Public School,1030506,"Borl Township, Village: Agasod, Bina, District: Sagar, Mp",470113,7580,275401,2554653,07580-271001,gkudgata@gmail.com,-,2008,G K Udgata,Senior Secondary,Dayanand Anglo Vedic College Trust & Management Society,-,Sagar
Datahari Public School,1030727,"Singhana Road, Dist Dhar",454331,7297,244587,-,-,dpskukshi1407@gmail.com,www.dpskukshi.com,1998,Mr. Abhishek Goswami,Senior Secondary,Datahari Seva Sansthan,-,Dhar
Dashpur Vidyalaya,1030525,"Gujarda, Rewas-dewda Road, Mandsaur (m.p.)458001",458001,7422,07422-241323,-,-,dvm.rrb@gmail.com,http://www.dashpurvidyalaya.org,-,Mr. Varghese P. V.,Senior Secondary,-,-,Mandsaur
Dav Centenary Public School,1030035,"Kuteshwar Po Barhi (bsl)  Via. Barhi, Distt. Katni Madhya Pradesh",483770,7626,273342,2.20E+15,-,karemore75@gmail.com,-,1985,Manoj S Karemore,Senior Secondary,D A V College Managing Committee Chitra Gupta Road,-,Katni
Dav Hcl Public School Malanjkhand,1030969,Town Ship Main Road,481116,7637,07637257069,-,-,davhclmjk@gmail.com,DAVHCLPSMALANJKHAND.COM,2015,Mr. Rajendra Prasad Mishra,Senior Secondary,Dav College Trust And Management Society,-,Balaghat
Dav Public School,1030096,Jhingurdah Project - Ncl Distt Sidhi Madhya Pradesh,486889,7805,272337,67040,0374  2300730,nk681797@gmail.com,-,1987,Narender Kumar,Senior Secondary,Dav Managing Committee,-,Sidhi
"Dav Public School, Krishna Vihar, Distt- Singrauli(M.P.) 486887",1030941,"R&r Colony, Naugarh, Po- Kachani",486887,7805,9098431144,-,-,dav.krishna.vihar@gmail.com,http://www.davkrishnavihar.org,2012,Mrs. Sanjana Ghosh,Senior Secondary,"Dav College Trust & Management Society, Chitra Gupta Road, Paharganj New Delhi-110055",-,Singhrouli
De Paul School,1030780,"Madhavgarh, Raghuraj Nagar, Satna Mp",485113,7672,07672296212,-,7672296212,depaulschoolsatna@gmail.com,http://www.depaulschoolsatna.com,2006,Mr.fr Biju Joseph,Senior Secondary,San Thome Vincentian Society,-,Satna
"Dav Public School, Surya Vihar",1030979,"At-surya Vihar, Po- Tiyara, Distt-singrauli",486886,-,231016,-,-,dav.surya.vihar@gmail.com,www.davsuryavihar.org,2009,Mr. M. K. Tiwari,Senior Secondary,Dayanand Anglo Vedic College Trust And Management Society,-,Singhrouli
"Dav Public School, Waidhan",1030613,"Waidhan, Singrauli, Mp - 486886",486886,-,07805234155,-,-,davpswdn@yahoo.co.in,-,2002,Shashi Prabha Singh,Secondary School,Dav College Trust & Management Society New Delhi,-,Sidhi
De Paul School,1030940,"Vidya Nagar, Maidani Rewa (m.p) 486001",486001,7662,7000923363,-,-,depaulrewa@gmail.com,www.depaulrewa.com,2008,Mr. Johnson Joseph,Senior Secondary,Santhome Vincentian Society,-,Rewa
De Paul School,1030037,Vindya Nagar - Distt. Sidhi Madhya Pradesh,486885,7805,244336,244336,-,depaul_vnagar@yahoo.com,depaulschoolvnagar.org,1984,Charls K C,Senior Secondary,St Anne''s Educational And Chari Trust,-,Sidhi
Decent English School Chhatarpur,1031191,"Behind Hanuman Toriya, Durga Colony",471001,-,07682245553,-,-,ashok.dubey4161@gmail.com,www.decentgroupofeducation.com,2010,Mr. Pradeep Kumar Tripathi,Senior Secondary,Maa Swet Padmasana Shiksha Prasar Samiti,-,Chhatarpur
Deep Jyoti Vidhya Niketan Senior Secondary School Shahganj,1030729,"Shahganj, Budhni, Sehore,",466554,7564,9303822284,-,-,djvn1999@gmail.com,-,1999,Kishor Gour,Secondary School,Savita Vikas Sikchan Samiti,-,Sehore
Deepak Memorial Academy,1030125,Opposite Krishna Mandir Rajakehri Anand Nagar Makronia  Sagar Madhya Pradesh,470001,7582,230149,725177,-,jaiswalamul@gmail.com,-,1993,Ritoo Jaiswal,Senior Secondary,Deepak Mem Academy,-,Sagar
Delhi International School,1030214,Jawahar Tekri Dhar Road Indore Madhya Pradesh,452002,731,"2892786, 2431024",-,232301,prdelhiinternationalschool@gmail.com,-,2004,Manju Hemnani,Senior Secondary,Delhi Educational Soc,-,Indore
Delhi Public Heritage School,1031240,"Sadguru Lawn, Balaghat Road",480667,-,9538714893,-,-,preetam@srnmehtaschool.com,www.dpshchool.com,2018,Mrs. Shalini Shivhare,Secondary School,Ramratan Geeta Trust,-,Seoni
Delhi Public Academy,1030262,B 5 Deen Dayal Nagar Gwalior Madhya Pradesh,471201,751,2471837,9953148386,-,seemaarora872@gmail.com,-,2001,Seema Sidavani,Senior Secondary,Late Mata Dayal Sharma Shiksha Parasar Samiti,-,Gwalior
Delhi Public International School,1031013,Maheshwar Roadnear Iti Vill Nimrani,454552,-,09179835234,-,-,dhamnodedu@gmail.com,http://www.dpisdhamnod.com,2017,Mr. Vijay Pareek,Senior Secondary,"Dhamnod Eduservice Society, Dhamnod",-,Dhar
Delhi Public Elementary School,1030897,Survey No. 116/1ka & 116/1kha Baroli Tehsil Sanwer District Indore,453111,91,919644511103,9644511108,-,upnishadindore@gmail.com,http://www.upnishadindore.org,2016,Mr.yogesh Popat,Senior Secondary,Cerebral Education Society,-,Indore
Delhi Public School,1030140,Near Neel Bad Crossing Bhadbhada Road Bhopal Madhya Pradesh,462020,755,"6611400, 696641",2.31E+15,696640,principal@dpsbhopal.org,-,2001,Vinita Malik,Senior Secondary,Jagran Social Welfare Society,-,Bhopal
Delhi Public School,1030894,"Village Kadari, Post Basari, S/o Bamitha, Chhatarpur 471105",471105,7682,07682242005,-,-,panchalisahu@yahoo.co.in,http://www.dpschhatarpur.in,2014,Mrs. Panchali Dasgupta Sahu,Senior Secondary,Kunal Educational Society,-,Chhatarpur
Delhi Public School,1030029,N F L Vijaipur Project Guna Distt Madhya Pradesh,473111,7544,273057,7544273284,7544273109,DPSNFL@GMAIL.COM,-,1986,Rakesh Singh Choudhary,Senior Secondary,Delhi Public School Society,-,Guna
Delhi Public School,1030732,"Malanpur - Bhind Road, Nr. Brahamkumarisbhind Road,",474010,751,7879836610,-,-,sharmilabindal@hotmail.com,http://www.dpsmalanpur.com,2012,Sharmila Bindal,Senior Secondary,R.s. Foundation,-,Gwalior
Delhi Public School,1030176,Piplia Kumar Nepania Road Near Water World Nepania Indore Madhya Pradesh,452016,731,"3939400, 255474",9425011882,2554933,principal@dpsindore.org,http://www.dpsindore.org,2003,Mr Ajay Kumar Sharma,Senior Secondary,Dps Societ,-,Indore
Delhi Public School,1030579,"Jabalpur Bypass Road , Chaka,katni (m.p.)",483501,7622,7509069208,-,7622409782,seematripathi1972@gmail.com,-,2011,Seema Dubey,Senior Secondary,Singhai Lakmi Chand Education Society,-,Katni
Delhi Public School,1030305,Sansakardhani Neemkheda Mandla Road Jabalpur Madhya Pradesh,482020,761,2636325,9424626166,-,aparnachoubey2@gmail.com,-,2006,Aparna Choubey,Senior Secondary,Arikaet Society,-,Jabalpur
Delhi Public School,1030321,"Nagpur Road, Distt Jabalpur, Madhya Pradesh",482003,761,6451459,-,-,PRINCIPALDPSNRJABALPUR@YMAIL.COM,-,2004,Mahesh More,Senior Secondary,Indore Education & Cul Centre,-,Jabalpur
Delhi Public School,1030301,Dist. & Teh Gwalior (mp),494001,751,2568444,235549,592449,principaldpsgwl@gmail.com,-,2006,Mrs Smita Rathore,Senior Secondary,Rajiv Gandhi Educational Society,-,Gwalior
Delhi Public School,1031037,"Gram Jaiwantpur, Maksi Road Ujjain",456661,-,07342900222,-,-,principal@dpsujjain.org,www.dpsujjain.org,2017,Mrs. Rekha Pillai,Senior Secondary,Nar Narayan Shiksha Samiti,-,Ujjain
Delhi Public School,1030522,"Ganga Sagar, Barbad Road, Ratlam",457001,741,222134,-,-,shriramwrishi@gmail.com,-,2007,Wrishi Shrivastava,Senior Secondary,Getwell Educational & Social Welfare Society,-,Ratlam
Birla Open Minds International School,1031295,"Badagaon, Morar",474006,-,0751-2329999,-,-,principal.gwalior@birlaopenminds.com,www.birlaopenminds.com,-,Arpita Majumdar,Secondary School,Roop Kunwar Shiksha Samiti,-,Gwalior
Blooms Academy,1030207,"Nh 75, Panna Road Satna Madhya Pradesh",485001,7672,"227323, 225336",7672280133,767222732,beheragurucharan3@gmail.com,-,2003,Guru Charan Behera,Senior Secondary,Blooms Educational Trust,-,Satna
Bodhi International Skool,1030973,"Sch No. 64, Premnath Dongre Nagar",457001,-,07412263363,560262,-,bodhiintskool@rediffmail.com,http://www.bodhiinternational.asia,2014,Mrs.sushma Mishra,Secondary School,Ratlam Ahinsa Shiksha Samiti,-,Ratlam
Bonnie Foi Co Edu Senior Secondary School,1030184,Narela Shankari Ayodhya Po Bhopal Madhya Pradesh,462021,755,"7879857401, 2628294",5280767,-,bonniefoibpl@gmail.com,www.bonniefoicoedschool.org,1997,Lalitha Iyer,Senior Secondary,Bonnie Foi Society,-,Bhopal
Bonanza Convent Hr Sec School,1030774,"Badkhar ( Birla Road) Ward No 12, Raghuraj Nagar Satna Mp",485112,7672,07672-224932,-,"07672-224932,",bcssatna@gmail.com,http://www.bonanzaschool.com,2012,Mrs. Shriti Som,Senior Secondary,Bonanza Educational Society,-,Satna
Boson International School,1030844,Malanwasa,456010,734,2524379,9826901862,7342524379,principal.boson@gmail.com,http://www.bosoninternationalschool.com,2013,Dr Rinku Shrivastava,Senior Secondary,Elitte Academic Development & Research Society,-,Ujjain
Brain Child Academy,1031129,"Vill. Tikaria, Behind Eklavya School, Semarkhapa, Mandla",481661,-,07642250322,-,-,principal.bcamandla@gmail.com,http://www.brainchildmandla.com,2017,Mrs. Sweta Chourasia,Senior Secondary,Sudha Vinod Foundation,-,Mandla
Bright Career Convent School,1031202,Prithvipur,472338,-,9893866477,-,-,Brightpvt2004@gmail.com,www.bcgep.in,2004,Mr. Pushpendra Singh Sengar,Secondary School,Jai Maa Bal Kalyan Society,-,Tikamgarh
Bright Star Central Academy,1030503,"Pushap Kunj Colony,behind Bus Stand,itawa,dewas",455001,7272,227780,-,7272400666,bsca_dws@rediffmail.com,-,2007,Sanjeeda Khan,Senior Secondary,Bright Star Muslim Association,-,Dewas
Brighton International School Shahdol,1031166,"Akashvani Kendra, Behind Forest Barrier, Pali Road, Village: Chandaniya, Shahdol, District: Umaria (madhya Pradesh)",484001,-,007652241655,-,-,brightonshahdol@gmail.com,http://www.brightonshahdol.com/,2019,Mrs. Ritu Choudhary,Secondary School,Virateshwari Education Foundation,-,Umaria
Bsf Sr Sec School,1080012,Tekanpur Bsf Academy Campus (po) Gwali Distt Madhya Pradesh,475005,-,275120,4015,-,bsfschool_tekanpur@yahoo.com,-,1972,Mr. Bala Din Prajapati,Senior Secondary,B Security Fce,-,Gwalior
C.M.A. H.S. School Satna,1030543,Rewa Road Satna,485001,7672,224160,-,07672-224668,principal.cma82@gmail.com,-,1966,Pushpraj Singh,Senior Secondary,Cloth Merchant Association,-,Satna
Burhanpur Public School,1030094,New Indira Colony Burhanpur Madhya Pradesh,450331,9098,"252437, 51911",58717,400552,rastogiburhanpur@gmail.com,-,1990,Shalini  Rastogi,Senior Secondary,Horizon Edn Society,-,Burhanpur
Cambridge Heights School,1031301,"Near Gyanveer College, Rajghat Road, Tilli, Sagar , M.p.",470001,-,07582227288,-,7582227288,cambridgeheightssagar@gmail.com,www.cambridgeheights.in,2018,Mr. Hemant Khare,Senior Secondary,Gyanveer Sewa Samiti,-,Sagar
Cambridge International,1030120,Khandwa Road Indore Madhya Pradesh,482001,731,2477761,2480682,-,pr_mvmmandla@yahoo.co.in,-,1991,Mrs Suchitra Devi,Senior Secondary,Indore Shree Malva Cambridge Soc,-,Indore
Cambridge School,1030406,"Gwalior Jhansi Road, Dabra Gwalior, Madhya Pradesh",475110,752,400207,2758565,-,SUREKHA1004@GMAIL.COM,-,2005,Surekha Maheshwari,Senior Secondary,Shitla Shiksha Avam Samaj Kalyan Smiti Dabra Gwalior Madhya Pradesh,-,Gwalior
Camellia Kids College,1030824,"Ambika Nagar, Bidwal  , Tehsil -badnawar , District Dhar (m.p.)",454665,963,0000233,-,-,HR.CAMELLIA@GMAIL.COM,http://www.camelliainternationalschool.com,2013,Sangeeta Soni,Senior Secondary,Anahita Educational Society,-,Dhar
"Campion School  Bhouri, Bairagarh",1030719,Bhouri P. O.tehsel Huzurdist Bhopal M.p.,462030,755,2806214,-,-,principalcsbb@gmail.com,http://campionbhopal.com,2006,Fr Kuldeep Kujur Sj,Senior Secondary,The Bhopal Campion School Society,-,Bhopal
Campion School,1030043,E 7 Arera Colony P B No 2 Bhopal Madhya Pradesh,462016,755,2464426,-,-,principal.campionbpl@yahoo.co.in,www.campionbhopal.com,1965,"Dr. Fr. Athnas Lakra, Sj",Senior Secondary,The Bhopal Campion School Society,-,Bhopal
Canyon School Beenapur,1031109,Beenapur Eintkhedi Berasia Road,462038,-,07554255517,-,-,canyonhsschool@yahoo.co.in,canyonbeenapur.com,2017,Mrs. Urusa Sajid,Senior Secondary,Canyon Education Society,-,Bhopal
Care English School,1030226,Mahoba Road Chhatarpur Madhya Pradesh,471001,7682,"240561, 245972",401200,400624,rupaldosaj4@gmail.com,-,1989,Rupal Dosaj,Senior Secondary,Leelawati Welfare Society,-,Chhatarpur
Carmel Convent Girls Higher Secondary School,1030051,B H E L Govindpura Bhopal Madhya Pradesh,462023,755,2488578,586356,04368-227686,carmelbhel@yahoo.co.in,http://www.gseschool.org,1985,Sr.pavithra,Senior Secondary,Gnana Bella Educational Trust,-,Bhopal
Carmel Convent H.S. School,1030464,"Tejaji Nagar,khandwa Road,kasturbagram, Indore, Madhya Pradesh-452020",452020,731,2874203,2762545,-,sistermarycmc@gmail.com,-,2005,Sr Mary,Senior Secondary,Mahesh Vesta Patel Education Commitee,-,Indore
Carmel Convent School,1030335,"Haspur Road, Near Police Colony, Manasa, Neemuch, Madhya Pradesh",458110,7421,07421243442,-,-,manasa_carmel@rediffmail.com,http://www.carmelmanasa.com/,-,Miss Sr Abhaya,Senior Secondary,-,-,Neemuch
Carmel Convent Higher Secondary School,1030313,"P.o. Amlai Paper Mills, Sohagpur, Distt Shahdol, Madhya Pradesh",486001,7652,289025,-,0427 2296665,CARMELCONVENT_AMLAI@REDIFFMAIL.COM,http://www.kailashmaansarovar.g,2003,Sr Daise Maria,Senior Secondary,Katyani Shikshan Samiti,-,Shahdol
Carmel Convent School,1030281,Kamed Distt Ujjain Madhya Pradesh,456006,734,2580918,2758565,-,carmelkamedujjain@gmail.com,-,2004,Sister Pavithra,Senior Secondary,Mount Carmel Society Bhopal,-,Ujjain
Carmel Convent Senior Secondary School,1030107,Ratanpur Misrod Bhopal Madhya Pradesh,462047,755,2499205,-,2499499,crmlrtr@gmail.com,http://www.carmelratanpur.net,1989,Miss Rosmy,Senior Secondary,Carmel Convent Education Society Bhopal,-,Bhopal
Central Academy,1030053,Civil Lines Near Ncc Office Rewa Madhya Pradesh,486001,7662,241788,07662-240540,421665,atmdinesh07@yahoo.co.in,http://www.centralacademy,1980,Dinesh Kumar Pathak,Senior Secondary,Sharda Education Foundation Rewari,-,Rewa
Carmel School,1030510,"Barman Road, Kodsa, Kareli, Narsinghpur M.p. 487221",487221,7793,9425135045,9826023455,7793270951,carmelkareli@rediffmail.com,http://www.carmelkareli.com,2001,Mr. Fr. Varghese Manickathan,Senior Secondary,St. Paul Society,-,Narsinghpur
Central Academy,1030143,Malanjkhand Balaghat Madhya Pradesh,481116,7637,57069,9717581151,-,sksgyanmandir@yahoo.com,-,1999,Dr Shamshad Hussain,Senior Secondary,Central Academy Edu Society,-,Balaghat
Central Academy English Medium School,1030778,Girgita Road Harnampur Maihar,485771,7674,292029,-,7674292029,shivastava1972@yahoo.in,http://centralacademymaihar.com,2011,Abhilasha Shrivastava,Senior Secondary,Pt. Sadafal Shukla Seva Sansthan,-,Satna
Central Academy Eng Medium School,1030293,Kanchan Vihar Vijay Nagar Jabal Pur Mp,482002,761,2643690,-,-,ezhakunneljoshi@gmail.com,-,2002,E K Joshi,Senior Secondary,Smt Padmawati Seva Sansthan,-,Jabalpur
Carmel Convent Senior Secondary School,1030004,Lashkar Gwalior Madhya Pradesh,474001,751,2625265,2.38E+16,-,sr.virginia@yahoo.com,carmelgwalior.org,1957,Sr Virginia,Senior Secondary,Tersian Carmel Educational Socy,-,Gwalior
Carmel Convent Senior Secondary School,1030025,Neemuch C R P F Road Madhya Pradesh,458441,7423,220771,220896,-,sr.jaya.ctc@gmail.com,www.carmelneemuch.in,1981,Sr Jaya Ctc,Senior Secondary,Catholic Diocese Of Indore,-,Neemuch
British Fort Foundation,1030647,"Bheraghart Main Road, Nh 12 Jabalpur Mp",483005,761,2830003,-,-,mrsnrastogi@gmail.com,-,2010,Neena Rastogi,Senior Secondary,British English Shiksha Samiti,-,Jabalpur
Central Academy International School,1031024,"705/3 Shanti Kunj, Mau Tehsil- Beohari District- Shahdol M.p.",484774,-,9329873103,-,-,caisbeo@gmail.com,http://www.caisbeo.org,2017,Mr.  Vimal Kumar Yadav,Senior Secondary,Pandit Ramavilash Seva Santhan Samitti,-,Shahdol
Central Academy English Medium School,1030444,"Mile Stone No. 135, Tala Road, Umaria",484661,765,200507,2758565,-,rakesh23tiwari@gmail.com,-,2007,R K Tiwari,Senior Secondary,"Smt Uma Mishra Education Society, Umaria",-,Umaria
Central Academy School,1030137,Aditya Puram Mahrajpura Opp Deendayal Nagar Gwalior Madhya Pradesh,474006,751,9713975640,-,-,cas.gwl@gmail.com,-,1996,Apoorva Prakash Pathak,Senior Secondary,Jaikali Shiksha Prasar Samiti,-,Gwalior
Central India Academy,1030128,Bhopal Road Dewas Madhya Pradesh,455001,7272,"282887, 220689",7272252787,257888,principalciadws@gmail.com,-,1997,Reeta Singh,Senior Secondary,Dewas Sunrays Education Society,-,Dewas
Central Public Sr. Sec. School (Cps),1030883,Ward No-07 Nagar Parishad Chakghat  Rewa Mp 486226,486226,7661,07661283468,-,"07661283468,",cpseducationgroups@gmail.com,http://www.cpschakghat.com,2004,Mrs. Anamika Pathak,Senior Secondary,Naveen Shrishti Shiksha Samiti Chakghat,-,Rewa
Chankaya Public School,1030195,Jyotsana Complex M G Road Distt Satna Madhya Pradesh,485001,7672,293526,7672225026,-,RTGAUTAM6@GMAIL.COM,-,1998,Arti Gautam,Senior Secondary,Chankaya Shiksha Samiti,-,Satna
Chaudhary Central Convent School,1030730,Laskar Road Bhind,477001,91,9412427341,-,7534230615,mks.principal@gmail.com,-,1983,Mukesh Kumar Sharma,Senior Secondary,Smt Suruja Devi Siksha Prasar Samiti Bhind Mp,-,Bhind
Chavara Vidhya Bhavan Hr. Sec. School,1030582,"P.b No 4608, Satlapur, Mandideep, Goharganj Raisen",462046,7480,233596,-,-,selvinsagar@gmail.com,-,1988,Fr Selvichan John,Senior Secondary,Sagar Diocesan Service Society,-,Raisen
Ceyone-Ray International School,1031038,"Chharuwa Roadchhipabad,khirkiya,dist.harda,m.p",461441,-,9109927722,-,-,ceyoneschool@gmail.com,-,2017,Mr. Kavita Trivedi,Senior Secondary,Ekta Shiksha Samiti.,-,Harda
Chavra Vidyapeeth,1030197,Pb No 30 Narsinghpur Madhya Pradesh,487001,7792,"232781,232581, 232581",-,-,cvp_n@rediffmail.com,http://www.chavaravidyapeeth.com,-,Dr. Fr. Thomas Kollappilly,Senior Secondary,-,-,Narsinghpur
Chameli Devi Public School,1030187,Tejpur  Gadbadi Kesar Bagh Road Indore Madhya Pradesh,452012,731,"4212999, 5059202",-,-,info@cpsindore.com,-,2003,Sangeeta Potdar,Senior Secondary,Aggarwal Charitable Trust,-,Indore
Champion International School,1030845,Survey No.322 Patwari Halka No.20 Satwas Loharda Road Village Palasi Tehsil Satwas District Dewas (m.p.),455459,-,9993335000,-,7316791605,alok.kiran11@gmail.com,http://www.championschool.in,2015,Alok Sharma,Secondary School,Champion Society For Education Samiti,-,Dewas
Chhatrapati Shivaji Public School,1030841,"Usha Nagar Extn., Narendra Tiwari Marg",452009,731,4246960,-,-,vinod.jain.indore@gmail.com,http://www.chhatrapatishivajipublicschool.com,1994,Vinod  Jain,Senior Secondary,Shri Kshatriya Maratha Samaj Public Trust,-,Indore
Child Zone School,1030606,A. B. Road. Kolaras,473770,7494,211375,-,-,principalczs@rediffmail.com,-,2010,Arvind Dubey,Secondary School,Swargiya Shri Prakash Punj Jan Kalyan Samiti,-,Shivpuri
Choithram School,1030228,Maya Kheri Road Pipliya Kumar Kakad Nipania Indore Mp,452010,731,2802507,7312618464,-,principalcsnc@gmail.com,http://www.north.choithra,2004,Uttam Kumar Jha,Senior Secondary,T Choitram Foundation,-,Indore
Childrens Well Academy,1030225,"Anand Parisar, Near Mehnot Nagar Neemuch Madhya Pradesh",458441,7423,232954,-,-,rachana05@gmail.com,-,1998,Rachana Sharma,Senior Secondary,Neemuch Children Well Edu Society,-,Neemuch
Christ Chruch Girls Senior Secondary School,1030046,North Civil Lines Jabalpur Madhya Pradesh,482001,761,2623289,7614054339,7612623289,preetithangadurai@gmail.com,http://www.ccgirls.org,1870,Preeti Thangadurai,Senior Secondary,Nagpur Diocesan Board Of Education,-,Jabalpur
Christ Church Boys Senior Secondary School,1030047,"Sleeman Road, North Civil Lines, Jabalpur - Madhya Pradesh",482001,761,2623182,419313,07297-267149,ccbss_jbp@yahoo.com,www.ccbsss.org,1870,L M Sathe,Senior Secondary,Nagpur Diocesan Board Of Education,-,Jabalpur
Christ Church Co-Ed School,1031217,"Mouja Saliwada, N.b.485p.h.#48/51/76. R.i. Circle Khamariya (bargi)",482021,-,7225091111,-,-,christchurchsaliwada@gmail.com,www.cccssj.in,2015,Mr. Shitij Cyril Jacob,Secondary School,Board Of Education Church Of North India Jabalpur Diocese,-,Jabalpur
Christ Convent School Patna Bujurg Rehli,1030631,Christ Convent School Patna Bujurg Rehli Window No.1 Sagar District M.p. 470227,470227,7585,789810541,-,-,christpatnabujurg@gmail.com,http://www.christpatnarehli.edu.in,2006,Miss Sr. Amrtha,Senior Secondary,Society Of Sisters Of Jesus,-,Sagar
Christ Jyoti Higher Secondary School,1030151,Pb No 22 Rewa Road Satna Madhya Pradesh,485001,7672,222222,23655,-,bijish8@gmail.com,-,1973,Ann Mary,Senior Secondary,Satna Diocesan Society,-,Satna
Christ Jyoti School,1030854,"Christ Jyoti School,lavkush Nagar,chhatarpur(mp) 471515",471515,7687,251056,-,768725152,pcpullan@gmail.com,http://www.christjyotischool.org,2007,Kripa,Secondary School,Satna Diocesan Society,-,Chhatarpur
Christ Jyoti School,1030775,Niwari Post Disst Tikamgarh (m.p),472442,91,7697886487,-,7697886487,rosammajose03@gmail.com,http://www.christjyotischool.in,2005,Rosamma Jose,Secondary School,Satna Diocesan Society,-,Tikamgarh
Choithram School,1030002,Manik Bagh Road Indore Madhya Pradesh,452014,731,2475252,63775,-,principal@choithramschool.com,-,1972,Rajesh Awasthi,Senior Secondary,T Choitharam Foundation,-,Indore
Christ Memorial Higher Secondary School,1030795,Bairagarh Bhopal,462030,755,2641329,-,0755-2641329,anita.bajpai@yahoo.co.in,-,1974,Anita Bajpai,Senior Secondary,Christ Memorial Educational And Welfare Society,-,Bhopal
Army Public School,1030072,Morar Cantt. Gwalior Madhya Pradesh,474006,751,2463939,369489,-,nilanjana_singh@rediffmail.com,-,1994,Nilanjana Singh,Senior Secondary,Army Welfare Society,-,Gwalior
Army Public School,1080002,"Ke Gaon, Distt Sagar Cantt, Madhya Pradesh",470001,7582,240119,-,-,jyotidubeysagar@gmail.com,-,1981,Jyoti Dubey,Senior Secondary,Army Welfare Education Society,-,Sagar
Army Public School,1080003,"The Mall Mhow, Distt Inde, Madhya Pradesh",453441,7324,2747,4842312084,4842666533,pksst31@gmail.com,-,1983,Pramod Kumar Tiwari,Senior Secondary,Managing Committee Army School,-,Indore
"Army Public School No.2, Jabalpur",1080009,"C/o Jak Rifles Regimental Centre, Jabalpur, Madhya Pradesh",482001,761,6996555,-,-,chadha.krishna@gmail.com,-,2002,Neelu Chadha,Senior Secondary,Awes,-,Jabalpur
Army Public School No.1,1080006,G.r.c. Jabalpur Madhya Pradesh,482001,761,2668543,7612660857,2668543,mkswami11@gmail.com,-,1993,Manish Kumar Swami,Senior Secondary,Army Welfare Education Society,-,Jabalpur
Arunachal Public School,1030442,"Seer Deewan, Distt Seoni, Madhya Pradesh",480661,769,9993300900,"01302214772, 9584675575",-,aps_seoni@yahoo.in,-,1993,Mrs. Deepti Tiwari,Senior Secondary,Tanmay Shiksha Samiti,-,Seoni
Asashas Sarafa Vidya Niketan Hr. Secondary School,1030820,"M.o.g. Lines Indore Opp. Shri Vaishnav Poly. Tech. College, Indore",452001,731,2341016,-,7312341017,dave.alok@ymail.com,-,1976,Alok Dave,Senior Secondary,Sarafa Vidya Niketan,-,Indore
Ashoka Global School Ambah,1031003,Pooth Road Ambah,476111,-,9109997715,-,-,ashokaglobalschoolambah@gmail.com,http://www.ashokaglobalschool.com,2016,Mr. Rajeev Lochan Sharma,Senior Secondary,Shri Megh Singh Bal Vikas Evam Shiksha Prasar Samiti,-,Morena
Aryan School Of Sanskar,1030921,"Plot No 1291, Gram Dhaneli, Near Ganeshpura Bagia, Morar, Gwalior",474006,751,4036009,9744424094,7512421199,anilvasal7@gmail.com,http://www.aryansanskarschool.org,2010,Anjali Gupta,Secondary School,Smt. Gunmala Shanti Foundation Trust,-,Gwalior
Ashoka Hall Junior High School,1030393,"Near Water Tank, Shiv Nagar, Damoh Naka, Distt & Tehsil - Jabalpur, Madhya Pradesh",482002,761,4031719,2762545,-,she1623@gmail.com,-,2005,Shailly Pillai,Senior Secondary,Mahesh Vesta Patel Education Commitee,-,Jabalpur
Ashoka International Public School,1031221,Piproli Chirvai Naka,475001,-,0751,-,-,ashokacbse01@gmail.com,ashokainternationalpublicschool.com,2017,Mr. Riyaj Mohammad,Secondary School,Om Charitable Chikitsa Samiti,-,Gwalior
Asia Pacific International School,1030433,"Vill. Kankariya, Semri-misrod Bye Pass, Near Bairagarh Chichli Kolar Road, Teh-huzur, Distt. Bhopal, M.p.462042",462042,755,2879377,-,-,principal@asiapacificschool.com,-,1997,Suchitra Dutt,Senior Secondary,Dayanand Anglo Vedic College Trust,-,Bhopal
Asnani School,1030759,"Katara, Off. Hoshangabad Road, Baghmugalia, Near Pebble Bay",462043,755,7556545914,-,7552985828,principal@asnanischool.edu.in,http://www.asnanischool.edu.in,2011,Dr. Bhavana Gupta,Senior Secondary,Vidhyadeep Trust,-,Bhopal
Arwachin India School For Holistic Learning,1031016,"70/3, Bada Bujurg, Near Tapti Hospital, Burhanpur, Madhya Pradesh",450331,-,09111567888,-,-,arwachinindia@gmail.com,http://www.arwachinindia.com,2016,Mr. Ujjwal Dutta,Senior Secondary,Arwachin Aryavart Multipurpose Society,-,Burhanpur
Atomic Energy Central School,1080004,Sukh Nivas Palace Cat Colony Indore Madhya Pradesh,452013,484,"60423, EXT 236",EXT 232,4842666533,riebpl@bom6.vsnl.net.in,-,1986,Vinod Kumar Gupta,Senior Secondary,Atomic Energy Education Society,-,Indore
Atomic Energy Central School,1030024,Sukh Nivas Palace Cat Colony Indore Madhya Pradesh,452013,731,"2487033, EXT 236",EXT 232,4842666533,ajosephjohn204@gmail.com,-,1986,A Joseph John,Senior Secondary,Atomic Energy Education Society,-,Indore
Awadh Prabha Vidya Peeth An English Medium School,1030928,Bina Road Besra Malthone,470441,7581,07581271404,-,7581271404,bkp.ashish@gmail.com,http://www.apvp.co.in,2015,Mrs. Dolly Khare,Senior Secondary,Swa Brijkisore Pateria Siksha Avam Samaj Utthan Samiti,-,Sagar
B.P.Children Public School,1030890,Survey No.601/1/2 Village Jambudi Hapsi Tehsil Hatod Distrct Indore,452005,731,6546540,-,-,Rakhee03nagar@gmail.com,http://www.bpchildrenschool.edu,1997,Rakhee  Nagar,Secondary School,B.p. Children Public School Avam Majila Prashikshan Sansthan,-,Indore
B.C.M. Prominent School,1030371,"2, Sakarkuwa, Rajoda Road, Dewas, Madhya Pradesh",455001,7272,225174,2758565,-,choudhary.mahak@yahoo.com,-,2004,Mahak Choudhary,Secondary School,"Belivers Of Christ And Mary  Accademic Society, Dewas",-,Dewas
Bal Bharati Public School,1030459,"Ratibad Road, Neelbadp.o. Suraj Nagar, Bhopal",462044,755,2896288,6512513253,0755-2896288,subhashgarge@gmail.com,-,2007,Subhash Garge,Senior Secondary,"Child Education Society, Delhi (regd.)",-,Bhopal
Bal Bharati Public School,1031125,"Bal Bharati Public School,ntpc Selda Township,village Selda,post Khedi Bujurg",451001,-,9312633017,-,-,ntalwarbbps@gmail.com,www.bbpskhargone.org,2018,Dr. Neeru Talwar,Senior Secondary,Child Education Society,-,Khargone
Bal Bharati Public School,1030068,Nishantpura (coach Repair Workshop) Bhopal Madhya Pradesh,462001,755,2730206,2747836,2730206,klsingh2010@gmail.com,-,1993,Kuldeep Singh,Senior Secondary,Mukkam Muslim Phange Committee,-,Bhopal
B H E L Vikram Higher Secondary School,1030074,Bhel Piplani Bhopal Madhya Pradesh,462021,755,2502707,-,-,vijaykumarvenu@yahoo.com,-,1963,V Vijayakumar,Senior Secondary,H E Education Society Bhel,-,Bhopal
Bal Bharati Public School Ntpc Gadarwara,1031133,Ntpc Po Gangai Ps Dongargaon Tehsil Gadarwara District Narsinghpur 487770 Mp,487770,-,09111022980,-,-,bbpsgadarwara18@gmail.com,-,2018,Mrs. Geeta Bhardwaj,Senior Secondary,Child Education Society Delhi,-,Narsinghpur
Bal Bharati Public School,1030801,"Moser Baer Power (mp) Limited, Village & Post Jaithari, Dist Anuppur",484330,91,08435002663,-,-,bbpsmbanuppur@yahoo.com,http://www.bbpsapr.org,2012,Mr. Hitesh Tiwari,Senior Secondary,Child Education Society,-,Shahdol
Bachpan Play Public School,1031042,At Bineki Keolari Near Awas Colony,480994,-,07694233315,-,-,bachpanppschool@gmail.com,http://www.bachpanplayschool.co.in,2017,Dr. U. T. Bagde,Secondary School,Sunrise Educational Society,-,Seoni
Bal Bhawan School,1030159,Shamla Kothi Annexe Shamla Hills Bhopal Madhya Pradesh,462013,755,2661052,9893036806 7069919629,-,principal.balbhawan@gmail.com,www.balbhawan.com,1997,Dr Rajesh Sharma,Senior Secondary,Bal Bhawan Educational Samiti,-,Bhopal
Bal Bharti School,1030158,Sirmaur Chowk Rewa Madhya Pradesh,486001,7662,251111,404282,-,dhan22t@rediffmail.com,http://www.balbharatischo,1997,Dhananjay Tiwari,Senior Secondary,Smt G D Siksha Smriti,-,Rewa
Balaji Public School,1031088,"Nh-75 Near Arro Mandir Arro,dabra Dist-gwalior M.p.",475110,-,07524407989,-,-,balajischooldabra@gmail.com,http://www.bpsdabra.com,2013,Mrs. Janhvi Thawani,Senior Secondary,Late Shree Ganesh Ram Education Society,-,Gwalior
Balaghat English Higher Secondary School,1030735,"Ward No.24, Surabhi Nagarnear Power Housebalaghat",481001,7632,241707,-,-,nayudu.cv@gmail.com,-,1993,C V Nayudu,Senior Secondary,Balaghat Education Society,-,Balaghat
Beersheba International School,1030396,"Panchmarhi Road,",461775,7576,8305040342,59649,-,shajisuni@gmail.com,-,2007,Suni Varghese,Senior Secondary,Beersheba Hindi English Medium School,-,Hoshangabad
Beersheba International School,1031292,"Maa Hinglaj Nagar Colony, Badi",464665,-,7828439488,-,-,bisbadicbse@gmail.com,http://www.beershebaschoolbadi.org,-,Suni Shaji Varghese,Secondary School,Beersheba Hindi English Medium School,-,Raisen
Behs Sumati Academy,1030934,"Nowgong Road, Tehsil And Distt. Chhatarpur, Madhya Pradesh-471001",471001,7682,07682247777,-,-,principal@behsneevacademy.com,http://www.behsneevacademy.com,2015,Mr. Sunil Kumar Misra,Senior Secondary,Bundelkhand Educational And Health Society,-,Chhatarpur
Bank Officers Public H.S. School,1030678,"121/2, Narela Sankari Bypass Road Ayodhya Nagar",462041,755,2625794,-,7552625329,bedarkar99@gamail.com,-,1990,Karuna Bedarkar,Senior Secondary,Bank Adhikari Sikhsa Samiti Bhopal,-,Bhopal
Bal Niketan H.S.School,1031155,"62, Pagnis Paga, Indore, Mp",452007,-,07312475282,-,7312475282,balniketanschool@outlook.com,-,1947,Mrs. Purnima Joshi,Senior Secondary,Bal Niketan Sangh,-,Indore
Bardsley English Medium Higher Secondary School,1030106,Katni Madhya Pradesh,483501,7622,223572,07622-223572,223572,abrahamanupamatul@gamil.com,-,1964,Atul Anupam Abraham,Senior Secondary,Nagpur Diocesan Board Of Education,-,Katni
Bhagwan Mahaveer Bal Sanskar Kendra,1031229,"Jhansi Road, Tikamgarh, Dist. Tikamgarh, M.p",472001,-,7000359045,-,-,bhagwanbal.56@gmail.com,-,1984,Mr. Mr. R.k. Jain,Secondary School,"Bhagwan Mahaveer Bal Sanskar Kendra Samiti, Tikamgarh",-,Tikamgarh
Bayonet School,1030454,"Bayonet School C/o Infantry School, Mhow",453441,-,-07324-252873,-,-,bayonetschool_mhow@rediff.com,-,1948,Sangeeta Shrivastav,Secondary School,Bayonet School Management Committee,-,Indore
Bhanpura Public School Bhanpura,1030474,"Bhanpura, Dak Banglow Colony, Bhanpura",458775,7427,280708,331003,07427-236611,bhanpurabps@gmail.com,-,1997,Shankuntala Nahar,Senior Secondary,Bhanpura Public School Sanchalan Samiti,-,Mandsaur
"Balaji International School, Ghoradangri",1031089,Sarni Rd,460443,-,7141225576,-,-,anurag28571@gmail.com,-,2018,Mr. Imowati Jamir,Secondary School,Shri Balaji Shiksha Evam Samaj Kalyan Samiti,-,Betul
Bhandari Public School,1030286,Malipura Near B T College Khandwa Madhya Pradesh,450001,733,"2249884, 243184",222369,-,principal@bhandarischool.com,http://www.bbbethania.org,2004,Rajesh Kumar Sharma,Senior Secondary,Smt Ahilya Bai Bhandari Shiksha Samiti,-,Khandwa
Bhagwan Srichand Public High School,1030481,New Bail Bazar P.g. Collage Road Chhindwara Chhindwara Madhya Pradesh,480001,7162,243096,-,-,barkha165@gmail.com,-,2005,Barkha Bedi,Senior Secondary,Mother Teresa Educational Foundation,-,Chhindwara
Bhansali Vidya Mandir Public School,1030071,Bhansali Nagar Teh. Sausar P.o.paradsinga Distt. Chhindwara Madhya Pradesh,480108,7165,9425872020,-,07165-226381,principalbvmps@gmail.com,http://www.bvmps.com,-,Zaheer Ahmed Patel,Secondary School,-,-,Chhindwara
Bharat Mata Convent Higher Secondary School,1030266,Ganj Basoda Distt Vidisha Madhya Pradesh,464221,7594,07594220006,-,-,bmcbasoda@rediffmail.com,http://www.bmcbasoda.com,-,Miss Sr. Lilly Chunkan,Senior Secondary,-,-,Vidisha
Bhart Bharti Vidyalaya (English Medium),1030272,Narshinghpur Road Chhindwara Madhya Pradesh,480001,7162,2360365,7162225645,-,bbvcwa@yahoo.com,-,1982,Shobha Mishra,Senior Secondary,Manouluikas Samiti,-,Chhindwara
Bharti Vidya Mandir,1031233,Ward No 8 Chakram Colony Budhni,466445,-,09827328942,-,-,bvmbudni@gmail.com,WWW.BHARTIVIDYAMANDIR.COM,2017,Mr. Amol Soley,Secondary School,Maa Kalpvalli Seva Samiti Budni,-,Sehore
Bharti Vidya Mandir School,1031053,"Nayagaon Road, Rehti, Dist :- Sehore, Madhya Pradesh",464464,-,8120035858,-,-,bvmrehti14@gmail.com,-,2014,Mr. Shahid Ansari,Secondary School,Maa Kalpavalli Kalyan & Sewa Samiti,-,Sehore
Bhartiyam Vidya Niketan,1030117,Chirvayi Naka Shivpuri Link Road Gwalior Madhya Pradesh,474001,755,571126,-,2417804,bhartiyam_school@yahoo.com,http://www.bhartiyamschool.com,-,Mr. Prakash P J,Senior Secondary,-,-,Gwalior
Bhartiyam Vidyapeeth,1030397,"Nh-75, Jhansi Road Datia",475661,7522,237967,-,-,principalbhartiyam@gmail.com,-,2004,Rajneesh Litoria,Senior Secondary,Chetnya Janchetana Abam Manav Sansadhan Vikas Samiti,-,Datia
Bharatiya Vidya Bhavan's  Prism School,1030121,"Prism Cement Colony, Mankahari, P.b. No.2, Satna Distt, Madhya Pradesh",485001,7672,302705,07672-275318,275303,ashimkrdubey@rediffmail.com,-,1997,Ashim Kumar Dubey,Senior Secondary,Bhartiya Vidya Bhawan,-,Satna
Bharti Vidhya Mandir International School,1030475,Sehore Road Nasrullaganj,466331,7563,075,-,-,bvm.int@gmail.com,www.bhartividyamandir.com,2009,Dr. Sandeshkumar N Kambli,Senior Secondary,Maa Kalpavalli Kalyan Sewa Samiti,-,Sehore
Bharat Jyoti Vidyalaya,1031224,"Bharat Jyoti Vidyalayasamatpur, Anuppurpin - 484224, M.p.",484224,-,07659222877,-,-,bharatjyotianuppur@gmail.com,bharatjyotianuppur.in,2008,Miss Sr. Ambily Jose,Senior Secondary,Jabalpur Diocesan Educational Society,-,Anuppur
Billabong High International School,1031145,"Near Malwa Institute Of Science & Technology, Sanwer Road, Indore",452001,-,9977073338,-,9977073338,principal.billabonghighint@gmail.com,https://www.billabonghighschoolindore.com/,2018,Mrs. Mamta Shekhawat,Secondary School,Patel Education And Welfare Society,-,Indore
Bhopal Girls School,1030421,"Panchwati, Airport Road",462030,755,8602004999,-,4260633,bhopalgirlsschool@yahoo.com,http://www.bhopalgirlsschool.com,-,Mrs. Basumita Sinha,Senior Secondary,-,-,Bhopal
Bhel Dr Radhakrishnan Girls Higher Secondary,1030075,School A Sector Berkhera Bhel Bhopal Madhya Pradesh,462021,755,2502521,-,-,radha_k_school@yahoo.com,-,1963,Mr. P. A. Nair,Senior Secondary,H E Edn Society Bhopal,-,Bhopal
Bhaskar Academy,1030215,"Ringnodiya, Sanwer Road, Indore, Madhya Pradesh-456006",456006,731,"4282009, 5023347",6637959,-,anjalijain9@gmail.com,http://www.nitte.ac.in,2002,Anjali Jain,Senior Secondary,Bhaskar Sanskriti Shikshan Sansthan,-,Indore
Billabong High International School,1031041,"Behind Radhasoami Satsang Bhawankhaira, Chorhata,",486006,-,7389891000,-,-,enquirybillabonghigh@gmail.com,billabonghighrewa.com,2014,Mr. Rajeev K. Saxena,Senior Secondary,The Kakwani Foundation,-,Rewa
Billabong High International School Jabalpur,1030926,Near Shahi Nala Tilwar Road,482002,-,07616990011,-,7616990011,ajaykumartiwari042@yahoo.com,http://www.billabongjabalpur.com,2010,Misssayma Khan,Secondary School,Jagannath Das Premwati Welfare Society,-,Jabalpur
Biore Public School,1031297,"Teh Kasrawad, Dist Khargone",451228,-,09826531998,-,-,bioreschool1@gmail.com,www.bioreschool.in,-,Dr Reena M Tak,Secondary School,Biore Association,-,Khargone
Birla Open Minds International School,1031153,"Gram Hingonia, Panchayat Jhalaria, Indore (m.p.)",452007,-,07314052500,-,-,principalbomis.indore@gmail.com,http://www.birlaopenminds.com,2018,Mrs. Asha Singh,Secondary School,Porwal Educational Trust,-,Indore
