A.B.M. English High School,1131031,Hingoli,431513,-,02456223333,-,-,abmenghsh@gmail.com,www.abmenglishschool.com,2013,Mr. Joseph Kj,Secondary School,Kai.narayanrao Raote Shikshan Prasarak Mandal,-,Hingoli
A.R.C. Public School,1130998,"A.r.c. Public School, Nara Road, Karanja Ghadage, Dist-wardha",442203,-,07156245111,-,7156245111,arcschool.karanja@gmail.com,http://www.arcp.co.in,2018,Mr. Sharad S Ranotkar,Secondary School,"Rashtriya Yuva Uday Sanstha,nagpur",-,Wardha
A.S.Ms Empros International School,1130983,"Tal. Maval, Dist. Pune",410506,-,9011004835,-,-,principal@asmedu.org,www.asmgroup.edu.in,2016,Mr. Shaikh Ishtiyaque Ahmed,Secondary School,Audyogik Shikshan Mandal,-,Pune
"A.S.Ms Empros International School, Chinchwad",1130984,Chinchwad Pune,411019,-,9011004836,-,-,sangharsha_mestry@rediffmail.com,www.asmedu.org,2016,Dr. Sangharsha Atul Mestry,Secondary School,Audyogik Shikshan Mandal Chinchwad Pune,-,Pune
"Aarya Public School, Madha",1130811,"Near Sunanda Spinning Mill, Solapur Road, Madha",413209,-,7038052555,-,2183234555,parveenmeher@gmail.com,-,2016,Mr. Nitin Waghmode,Secondary School,"Vitthal Pratishthan, Nimgaon (te.), Madha, Solapur",-,Solapur
Aarya Public School,1130648,"At Gangamainagar, Post Pimpalner, Taluka Madha",413210,-,9765412034,8888233755,-,aryaps4455@gmail.com,-,2004,Ravindra R Lokhande,Secondary School,Shri Vitthal Shikshan Prasarak Mandal Nimgaon (te),-,Solapur
Aaryans School,1130218,"S.no.12/15,bhilarewadi, Taluka-haveli, Dist. Pune",411046,20,24699109,1242379991,-,paaryans@gmail.com,http://www.aaryanschool.com,2005,Sonal Band,Secondary School,Ellora Medicals And Educational Foundation,-,Pune
"Abhinav Education Societys Vasundhara Academy, Akole",1130637,"Dhamangaon Awari Road, Akole",422601,2424,02424221283,-,2424223458,vasundhara.academy2016@gmail.com,http://www.vasundharaacademy.org,2014,Mr. Laxmikant Jgannath Aher,Senior Secondary,Abhinav Shikshan Sanstha,-,Ahmednagar
"Ab International Primary, Secondary,And Higher Secondary English School",1130912,"Gut No. 107, Sawanhi-chikaltana Bypass, (near Pisadevi), Pokhari, Aurangabad",431008,-,02402482955,-,-,abschool.pokhari@gmail.com,-,2018,Mrs. Mini Antony Marrotickal,Senior Secondary,Aabhal Bahuuddeshiya Sanstha,-,Aurangabad
Abhishek International School,1131099,"Plot No.2 Sector No.6, Moshi Pradhikaran, Moshi Tal.haveli Dist.pune",412105,-,8446713030,-,2065113030,abhishekinternational.cbse@gmail.com,http://abhishekinternational.org,2016,Mrs. Vidhyut Parmeshwar Sahare,Secondary School,Abhishek Vidyalayam,-,Pune
Abhinav Public School,1130932,"Sr. No 659/660, Manjari Theur Road Kolwadi Pune 412110",412110,-,9067546711,-,-,abhinavpublicschoolcbse@gmail.com,-,2017,Mrs. Principal,Senior Secondary,Abhinav Charitable Trust,-,Pune
Abhinav English School,1130340,"Sr. No.23/2/3, A/p. Narhe, Tal.haveli, Dist. Pune-41.",411041,20,20244143,1655230939,2024319097,ashwinimujumdar23@gmail.com,http://www.abhinaveducation.org,2009,Ashwini Mujumdar,Senior Secondary,Abhinav Education Society,-,Pune
Abhyasa English School,1130487,"Panchavati,nagpur Road. Amravati",444603,721,0721-2660206,-,-,principal@abhyasa.ac.in,http://www.abhyasa.ac.in,2006,Mrs. Netra Bobade,Senior Secondary,J D Patil Sangludkar Smruti Kendra,-,Amravati
Academic Heights Public School,1130852,"A/p Nandlapur, Karad",415539,-,02164241339,-,2164241339,ahps5051@academicheights.in,http://www.karad.academicheights.in,2014,Mrs. Archana Hemant Pawar,Senior Secondary,Shree Mankeshwar Shaikshanik & Samajik Sanstha,-,Satara
Academic Heights Public School,1131174,"Sakoli  Jamnapur   Pandan  Road, Opp. Ashirwad Lawn , At Sakoli",441802,-,8554810201,-,-,ahps5186@academicheights.in,https://sakoli.academicheights.in,-,Sanchita Brahmachari,Secondary School,Samarpan Bahuuddeshiya Vikas Sanstha Sakoli,-,Bhandara
Academic High & Junior College,1131003,"Kundal - Kirloskarvadi Road,",416309,-,0236223233,-,-,rspawarpratishthan@gmail.com,www.academichigh.com,2010,Mrs. Namita Gavade,Senior Secondary,Krantiveer R S Pawar Alias Mamasaheb Pawar Pratishthan,-,Sangli
Ace Academy,1130422,"C-7/8, Oppo. Bombay Forging, Chikalthana Midc",431003,240,2480204,-,0240-2551763,aceacademyabd@gmail.com,http://www.aceacademy.in,2010,Kaushal Inderpreet Kaur,Senior Secondary,"Mula Education Society, Sonai",-,Aurangabad
Achievers Heights International School,1130551,"195/1 Old Mohida Road Shahada, Nandurbar",425409,-,02565227600,-,-,ahis_shahada@rediffmail.com,-,2010,Mrs.sheelesh Sharma,Secondary School,Agrawal Educational Foundation,-,Nandurbar
Adarsh Public School.Vita,1130271,Adarsh Public School Kundal Road,415311,2347,273501,-,2347272072,jannat11282@gmail.com,-,1994,Halagale Mohmadrafiq Badshah,Senior Secondary,Lhp Charitable Trust,-,Sangli
Adarsh Sanskar Vidyalaya Cbse,1130458,"Pipala, Hudkeshwar Road, Nagpur",440034,-,7620264605,-,-,adarshcbse22@gmail.com,www.adarshsanskar.org,2008,Mrs. Manasi Yogesh Deshpande,Senior Secondary,"Radhaswami Vividh Karyakari Education Society, Nagpur",-,Nagpur
Aditya English Medium School,1130831,"Sr. No. 70, Dhankude Nagar, Baner, Pune - 411045",411045,-,7020302743,-,-,adityahorizonnschool@gmail.com,adityaschool.co.in,2015,Mrs. Deepali Shirgave,Senior Secondary,Shri Bhairavnath Shikshan Sanstha,-,Pune
Adv.Lalita Patil International School,1130518,"Near Goshala,chopda Road Amalner",425401,2587,224488,-,224573,lalitapatilschool@gmail.com,www.lalitapatilischool.com,-,Mr. Vikas Gulab Chaudhari,Senior Secondary,-,-,Jalgaon
Advaita School Of Excellence,1130920,"Gangakhed Road, Brahmangao, Tal. & Dist. Parbhani",431402,-,02452232221,-,-,principal.advaita@gmail.com,http://www.advaitaschool.com,2016,Mrs. Nilima Suryaprakash Shukla,Secondary School,Sanmati Sevabhavi Sanshta,-,Parbhani
Agp Public School,1130316,"Gut No.71, Satara Parisar, Near Mit College,beed Bypass Road ,aurangabad",431005,240,6410152,2613406,-,agpschool@gmail.com,http://www.agppublicschool.com,2007,Prerana Sudam Kolhe,Secondary School,Akash Panlot And Gramin Vikas Pratisthan,-,Aurangabad
Agragami Convent School,1130217,"Nalwadi Road,  Mhasala, Wardha.",442001,7152,250181,26851517,7152250181,vidyajoseph@rediffmail.com,http://www.agragami.org,2008,Vidya Joseph,Secondary School,"Society Of Sisters Of St. John, Wardha",-,Wardha
Ahinsa International School,1131101,"Survey No. 313/2b/2, Near Govt. Agriculture College, Dhule Road",425412,-,02564297355,-,-,principal.ahinsa.ndb@gmail.com,www.nandurbar.ahinsaschool.in,2019,Mrs. Deepika Sharma,Secondary School,Ahinsa Foundation,-,Nandurbar
Agrasen Vidya Mandir,1130294,"Itkheda, Paithan Road",431005,240,6454159,-,-,subhash.dhawan05@gmail.com,http://www.xyz.com,2003,Subhash Ramchandra Dhawan,Secondary School,Agrawal Sabha,-,Aurangabad
Ahinsa International School,1130573,"Survey No. 190/1a/1, 190/1a/2, Dhule Road",425408,2566,02566-245552,-,-,principal.ahinsa.school@gmail.com,http://www.ahinsaschool.in,-,Mr. Sharad Sharma,Secondary School,-,-,Dhule
Academic Heights Public School,1130873,"Gat No. 1660 / 2, Patil Nagar, Near Indraprasth Mangal Karyalay, Bhagwasti, Chikhali",412114,-,020-65008877,-,020-65008877,ahps.phlox@gmail.com,http://www.academicheights.in,2013,Mrs.pranita Mendsure,Secondary School,K.v. Tilwani Educational Foundation,-,Pune
Air Fce School,1180004,Air Fce Station Viman Nagar Pune Maharashtra,411014,20,"26633451,6633451",5511576,-,principalafsvn@gmail.com,-,1976,Mrs. Ragini Srivastava,Senior Secondary,Air Fce School Management Committ,-,Pune
Ajanta  Learning Hub  English Medium School,1130751,"Gut No 152, At/post-ajanta, Tal.-sillod, Dist.-aurangabad",431117,-,09049992764,-,-,alearninghub@yahoo.in,-,2013,Dr.vidya S. Gawali,Secondary School,"Maharshi Walmiki Shikshan Sanstha, Aurangabad.",-,Aurangabad
Airson English School,1130719,"Dubey Baugh , Hendrepada",421503,-,8879775959,-,-,www.airsonschool1613@gmail.com,http://www.airsonenglishschool.com,2013,Mrs.shabnam T. Shaikh,Secondary School,Matashri Navarangidevi Memorial Trust,-,Thane
Air Force School,1130860,"Vsn, Nagpur, Hqmc(u), Vayusena Nagar, Nagpur- 440007",440007,-,07122511407,-,-,airforceschoolvsn@gmail.com,www.airforceschoolvsnnagpur.org,1968,Mrs. Jayalakshmi S Sekhar,Secondary School,Indian Air Force Educational And Cultural Society,-,Nagpur
Alard Public School,1130586,"S.no 50, Near Rajiv Gandhi It Park, Hinjewadi",411057,20,020-66523792,-,66523761,apsprincipal1@gmail.com,http://www.alardpublicschoolpune.com,2013,Mrs. Rohini Rohit Gurung,Senior Secondary,Alard Charitable Trust,-,Pune
Akshara International School,1130266,"S. No. 109, Wakad, Pune, Maharashtra",411057,20,64102958,-,020-64102958,admin@akshara.in,http://www.akshara.in,2006,Sonali Balwatkar,Senior Secondary,Shrama Sadhana Delhi Trust,-,Pune
Al Barkaat Malik Muhammad Islam English School,1130375,"Vinoba Bhave Nagar, Kurla (w), Mumbai - 400070.",400070,22,25030069,-,25031910,albarkaatschool@Yahoo.com,http://www.albarkaat.in,2006,Shamina Irfan Shaikh,Secondary School,Rehbar Foundation,-,Mumbai
Al-Irfan School,1130056,Suli Bhanjan Tq Khuldabad District Aurangabad Maharashtra,431001,2437,241972,-,0824-2493089,azhar51010@gmail.com,-,1998,Mohd Azharuddin,Senior Secondary,Al Hue Edu & Welfare Society,-,Aurangabad
Amanora School,1130452,"Amanora School, Amanora Park Town, No.194, Village Sadesataranali, Malwadi Road, Hadapsar-kharadi Bypass, Pune -411028",411028,20,02067279010,-,-,principal@amanoraschool.edu.in,http://www.amanoraschool.edu.in,2010,Mrs. Meera Nair,Senior Secondary,Amanora Knowledge Foundation,-,Pune
Alphonsa High School,1130129,Sawangi Meghe Wardha Distt Maharashtra,442001,715,287810,-,-,sr.rosanto@gmail.com,-,1992,Rosy Antony Sr Rosanto,Senior Secondary,Aplhonsa Educational Society,-,Wardha
Amber International School,1130640,"Opp.highland Park, Dhokali Thane (w)",400607,-,9869663131,-,25820481,dvidyaniketan@gmail.com,http://dsvcbseschool.com,-,Dr. Shilpa Jejurker,Senior Secondary,-,-,Thane
Ambuja Vidya Niketan,1130110,At & Po Upperwahi Tal Korpana Distt Chandrapur Maharashtra,442908,7173,"240239, 240019",-,-,rajesh.sharma3.ext@ambujacement.com,-,1993,Rajesh Sharma,Senior Secondary,Dav College Trust & Mgmt Soc,-,Chandrapur
Amrita Vidyalayam,1130190,"Plot No-4, Sanpada Juinagar Node, Sector-25, Juinagar (west), Distt New Mumbai, Maharashtra",400705,22,02227726150,-,27716140,info@avnavimumbai.com,www.nvmb.amritavidyalayam.org,2001,Miss Rekha N,Senior Secondary,Mata Amritanandamayi Math,-,New Mumbai
Amrishbhai R Patel School,1130461,"Karvand Road Shirpur,dist Dhule,maharashtra,425405",425405,2563,255900,-,2563255189,arpatelschoolcbse@gmail.com,-,2011,Nischal Nair,Senior Secondary,Shirpur Education Society,-,Dhule
Amrutvahini International School,1130418,"Amrutvahini International Schoolbehind Maze Ghar Housing Society, Ghulewadi,tal-sangamner,dist-ahmednagar.",422608,2425,259102,-,-,amrutvahiniinternationalschool@gmail.com,-,2011,Sethi Jaswinder Bhupinder,Secondary School,Amrutvahini Sheti & Shikshan Vikas Sanstha,-,Ahmednagar
Amrutwel Global School,1130847,A/p Shikrapur Tal.shirur Dist.pune,412208,-,9226907979,-,-,amrutwelglobalschool2017@gmail.com,http://www.amrutwelglobalschool.co.in,2010,Mr. Navnath Sahadu Gaikwad,Secondary School,Amrutwel Institute Of Business Management,-,Pune
Anandi Public School,1131038,"Nalegoan Road,opposite New Rest House, Malkapur, Udgir, Dist- Latur, Maharashtra",413517,-,02385214200,-,-,rajabaiinstitution@gmail.com,www.anandipublicschool.org,2009,Mrs. Mridula Banerjee,Secondary School,"Smt. Rajabai Memorial Charitable Institution, Udgir",-,Latur
Anandsagar Public School,1130306,"Manerajuri Road,chinchani, Tasgaon",416312,2346,250164,-,-,principalaspstasgaon@gmail.com,-,2009,Wilson David,Senior Secondary,"Anandsagar Charitable Trust, Tasgaon",-,Sangli
Angel Kids International School,1131125,Satara Parisar Aurangabad,431010,-,08920338892,-,-,AIKINTERNATIONALSCHOOL@GMAIL.COM,WWW.AKISCHOOL.ORG,2015,Mrs. Radhika Kini,Secondary School,Bhairvanath Shiksha Krida & Samajsewa Mandal,-,Aurangabad
Anil Jindal World School,1130526,"Gut No.171, Nidhona Road, Moje : Nagewadi, Tq & Dist. Jalna 431203",431203,2482,9930860725,-,2482232488,pzzearparveen2@gmail.com,http://www.aniljindalworldschool,2010,Mrs Shubhra Varma,Secondary School,Anil Jindal Memorial Foundation,-,Jalna
Anekant English Medium School,1130964,"T.c.college Campus , Baramati, Dist- Pune413102",413102,-,02112221305,-,-,anekantems@gmail.com,http://www.anekantems.org,2012,Mrs. Rakhi Mathur,Secondary School,Anekant Education Society,-,Pune
All Saints High School,1130087,"Bhawale Village Pisa Dam Cross Rd Panjr Pole, Tal Bhiwandi Distt Thane Mahrashtra",412805,91,"9028138222, 283077",02522-230162,225307,nairvu@rediffmail.com,http://www.shilpakar.com,1873,Seema Vijay Nair,Senior Secondary,Shilpakar Education Society,-,Thane
Anisha Global School,1130647,"Life Republic,s.no.74,marunji-hinjewadi-kasarsai Road,marunji",411057,20,8087120333,-,2066226511,anishaglobalschool@gmail.com,http://www.anishaglobal.com,2012,Mrs. Harleen Sodhi,Senior Secondary,Anisha Education Society,-,Pune
Annapurna International School Of Scholars,1131057,"Akola Road, Hingoli, Tq./ Dist. Hingoli-431513 (mh)",431513,-,02456221757,-,2456221757,annapurnaschool123@gmail.com,http://annapurnapariwar.com,2019,Mr. Ramesh Raju Hatkat,Secondary School,"Swami Vivekanand Shikshan Prasarak Mandal, Hingoli",-,Hingoli
Annasaheb Balasaheb Chakote English School,1130746,"A/p.  Nandani-jaysingpur Road, Dharangutti, Tal.shirol, Dist.kolhapur.",416102,-,02322235552,-,2322235852,rrp2161@gmail.com,http://www.abcenglishschool.com,2012,Dr. Rajesh Rajanikant Ohol,Secondary School,"Kai. Ganpati Anna Chakote Charitable Trust, Nandani, Tal. Shirol, Dist. Kolhapur",-,Kolhapur
Anuradha English Medium School,1130855,"Sakegaon Road, Anuradha Nagar,chikhlli",443201,-,9850055296,-,-,jitu.marathe@gmail.com,-,2002,Mr. Jitendra Marathe,Secondary School,Paramhansa Ramkrishna Maunibaba Shikshan Sansthas,-,Buldhana
Apeejay School,1130075,"Plot No 34, 38 Sector 21 Kharghar Navi Mumbai Maharashtra",400081,22,"27745501, 27720892",2.24E+19,27745507,indumathur2014@gmail.com,http://www.apeejay.edu,1972,Mrs. Tejaswini Shamish Katdare,Senior Secondary,Apeejay Education Society,-,New Mumbai
Apeejay School,1130023,"Sector-15  Nerul, Distt. New Mumbai, Maharashtra",400706,22,"27703635, 7700179",7701647,271457,rkjoshi1968@yahoo.co.uk,http://www.cvtarapur.org,1986,Rakesh Joshi,Senior Secondary,Apeejay Education Society,-,New Mumbai
Arihant  Public School,1131133,"Manisha Nagar, Near Deshmukh Petrol Pump, Pandharpur",413304,-,02186,-,-,ems.cbse@gmail.com,www.cbse.arihantps.com,1976,Mrs. Supriya Bahirat,Secondary School,Modern Education Society,-,Solapur
Appasaheb Birnale Public School,1130074,Shinde Mala Sangli Maharashtra,416416,233,"2313992, 2313993",222936,271457,principal@abpssangli.edu.in,http://www.cvtarapur.org,1995,Assisi Joseph Furtado,Senior Secondary,Shri Vasantrao Banduji Patil Trust,-,Sangli
Angel High School,1130718,"Shambhaji Nagar, Kadamwak Wasti,tal - Haveli, Loni Kalbhor,pune - 412201",412201,-,02026913722,-,-,angelhighschool.loni@gmail.com,http://www.angelhighschoolloni.com,2017,Mr.farshid S Irani,Senior Secondary,Om Education Society,-,Pune
City International School,1130135,"Dnyan Ganga Complex, Opp. Shivarkar Garden, Fatimanagar Road,  Wanowire, Pune, Maharashtra",411040,20,26873530,020-25511001,-,principal.wanowrie@cityinternationalschool.edu.in,-,1991,Pooja Arora,Senior Secondary,B K Birla Institution,-,Pune
City International School Kothrud,1130251,"D.p. Road, Kumrepark, Kothrud",411038,20,25280205,277357,2024321692,padmajachavali.cis@gmail.com,-,2005,Padmaja Chavali,Secondary School,Unity Education Trust,-,Pune
City International School,1130131,Sukhwani Elite Morewadi Road Pimpri Pune Maharashtra,411018,20,"27440333, 24321692",524716,-,psj6872@yahoo.co.in,-,2004,Pallavi Shrikrishna Joshi,Secondary School,N S Dixit Educational Foundation,-,Pune
City Pride School,1130180,"Hs-2, Sector 27a Pradhikaran , Nigadi",411044,20,65105596,-,020-27655980,mayasawant99@yahoo.com,http://www.cityprideschool.com,2003,Maya Sanjiv Sawant,Senior Secondary,Audyogik Tantra Shikshan Sanstha,-,Pune
Credo World School Dahanu,1130898,"Credo World School Dahanu, Main Road, Near Savata Bus Stop, Savata, Dahanu East, Palghar",401602,-,02528260333,-,-,PRINCIPAL@CREDOWS.COM,http://www.credows.com,2017,Mrs. Indrani Guha,Secondary School,Buddhadev Educational Charitable Trust,-,Thane
Clara Global School,1131094,"Sr.no 50, Next To Yellow Blossom Society,b T Kawade Road,pune-411036",411036,-,918380838098,-,-,principal@claraschool.com,www.claraschool.com,2018,Mrs. Sarika Babar,Secondary School,Kawade Patil Educational Foundation,-,Pune
"Cygnet Public School, Hadapsar",1130789,"Indrayani Nagar, Hadapsar,pune",411028,-,0206970453,-,-,jspm.cps@gmail.com,http://www.jspm.edu.in,2006,Mrs. Varsha Kokil,Secondary School,Jayawant Shikshan Prasarak Mandal,-,Pune
D Y Patil Dnyanshanti School,1131042,"Sec.no 29,akurdi,ravet,pune-44.",411044,-,02027641281,-,-,dypdss@gmail.com,dypdss.edu.in,2019,Mrs. Geeta Pillai,Secondary School,Dr.d.y.patil Pratishthan,-,Pune
Crimson Anisha Global School Mh,1130914,"S.no. 13/1/1, Kadnagar Undri, Pune",411028,-,02060609333,-,-,principal.anisha@gmail.com,-,2012,Mr. Dhananjay Sirur,Senior Secondary,Anisha Education Society,-,Pune
Cygnet Public School New Narhe,1130794,"S.no 12/1/2,pune Satara Baypass Highway,narhe,",411041,-,02024608802,-,2024608888,tssmncps12@gmail.com,http://www.jspm.edu.in,2014,Mrs. Lakhvinder Dinesh Joshi,Secondary School,The Shetkari Shikshan Mandal,-,Pune
D Y Patil High School,1131016,"Sr. No. 124 & 126, A/p: Ambi, Tal-maval, Talegaon Dabhade,",410506,-,02114302060,-,-,alexander.reid@dypatil.edu,http://dypatilhighschool.com,2017,Mr. Alexander Coates Reid,Senior Secondary,Dr. D. Y. Patil Educational Academy,-,Pune
D.K.Patil English Medium School,1130462,"Survey No308,chichani,tal.-tasgaon,dist.sangli",416312,-,02346-285200,-,02346-285200,bhagirathipatiltrust@gmail.com,http://bhagirathieducation.com,2007,Mrs.poonam Prakash Nesargi,Secondary School,"Smt.bhagirathi Ramrao Patil Charitable Trust, Tasgaon,tal.-tasgaon, Dist.-sangli",-,Sangli
"D.K.T.E. Society's  International School,",1130443,"A/p :- Tardal,ichalkaranji, Kolhapur",416121,230,2490550,9422044207,2302490550,sndream24@gmail.com,-,2010,Sandeep Balasaheb Nejkar,Secondary School,"Dattajirao Kadam Technical Education Society,ichalkaranji",-,Kolhapur
Datta Meghe Wld Academy,1130337,"Airoli, Cidco, Sect 16, Navi Mumbai, Dist. Thane",400708,22,27790829,9849727633,022-27792627,office@dmworldacademy.edu.in,http://www.dmwldacademy.com,2011,Rajeev Kumar,Senior Secondary,"Nagar Yuwak Shikshan Sanstha, Nagpur-22",-,Thane
Dav International School,1130102,"Plot 31, Sector 15 Kharghar Navi Mumbai Maharashtra",410210,22,"30983508,27875872, 27875872",-,-,dav_kharghar@yahoo.com,http://davkharghar.org.in,-,Mrs. Seema Maindiratta,Senior Secondary,-,-,Raigad
"Darshan Academy, Pune",1130644,"Cts No.4510/1 Empire Estate,near Punjab Sind Bank, Chinchwad Pune.",411019,20,02027440097,-,-,principal.pune@darshanacademy.org,www.darshanacademy.org,2011,Mrs. Rangoli Saxena,Secondary School,Darshan Education Foundation,-,Pune
Dattakala Shikshan Sanstha,1130293,"Gat No.541/2,off.pune-solapur Highway,swami-chincholi,tal-daund, Dist-pune,pin-413130",413130,2117,203183,-,02117-203183,principal.cbse@dattakala.edu.in,http://www.dattakala.g.com,2006,Ravindra Lokhande,Secondary School,Dattakala Shikshan Sanstha,-,Pune
Daulati International English Medium School,1130455,"Gut No- 730 A/p Dabhadi, Malegaon,",423105,-,02554-253488,-,-,daulati_international3@yahoo.in,-,2008,Mrs.roza Yohan Me,Middle Class,Daulati Social & Educational Society,-,Nashik
Dav Moil Public School,1130654,"Chikla Mines Officers Township, At Sitasaongi Village",441907,718,07183220045,-,7183220018,davmoilps@gmail.com,www.davmoilpublicschool.com,2014,Miss Manaswini Tawde,Senior Secondary,D.a.v. College Trust And Management Society,-,Bhandara
Dav Public School,1130048,157 Plot No 31 Tulsidham Thane West Maharashtra Pincode 400610,400608,22,"25890966, 5386403",5373341,23621383,davthane@yahoo.co.in,http://www.sindhihighscho,2002,Simmi Juneja,Secondary School,Dav College Man.committee,-,Thane
Dav Public School,1130067,Plot No 34 Sector 48 Nerul Navi Mumbai Maharashtra,400706,22,27714017,586356,04368-227686,daverul@gmail.com,http://www.gseschool.org,1998,Jose Kurian,Senior Secondary,Dav Mgmt Committee,-,New Mumbai
Dav Public School,1130069,"Plot No 11 Sect 10 Airoli Navi Mumbai, Maharashtra",460708,22,27600657,022-27691414,27600658,suruchikataria@yahoo.co.in,http://www.davairoli.g,1988,Suruchi Kataria,Senior Secondary,Dav Trust And Mgmt Socity,-,New Mumbai
Dav Public School,1130065,267-268 Sector 10 New Panvel Navi Mumbai Maharashtra,400614,22,27451793,022-27463853,27451793,jayashreekhandekar@yahoo.co.in,http://www.davpanvel.com,1985,Jayashree Khandekar,Senior Secondary,Dav Trust & Collge Mgmt Comm,-,New Mumbai
Dav Public School,1130077,"Plot No 31 Survey No 157 D P Road Aundh, Distt Pune, Mahrashtra",411007,20,"25890081, 25893377",07672-275318,275303,madhavic28@gmail.com,-,1991,Chalamalasetti Madhavi Prasad,Senior Secondary,Dav College Trust & Mgmt Soc,-,Pune
De Paul Public School Agashenagar,1130976,Agashenagar Sangamner Road Tal Shrirampur,413709,-,02422210957,-,-,depaulshrirampur@gmail.com,cbse.depaulschoolshrirampur.org,2013,Mr. Fr Hebic Lawrance Edappilly V.c.,Secondary School,Vincentian Mission Service Society,-,Ahmednagar
David English Medium School,1130450,"At - Narvekar Wadi, Chondhi, Bamansure, Taluka - Alibag",402201,214,7773936477,-,-,sharmilakhamkar@gmail.com,-,2005,Sharmila Sadanand Khamkar,Secondary School,David Education Society,-,Raigad
Dav Public School,1130060,Neeljay Colliery Township Wani Area  Po Punavat Distt Yavatmal Maharashtra,445204,7239,232378,-,-,kuldeep.kulshresth@gmail.com,-,2007,Kuldeep Kumar Kulshresth,Senior Secondary,Dav College & Manag Committee,-,Yavat Mal
Deep Global School,1130974,"Deep Education Campus, Opp. Gr Engineering, Saravali, Boisar, Tal & Dist Palghar, Pin 401501",401501,-,9225138108,-,2525329741,deepglobalschoolboisar@gmail.com,http://www.deepglobalschool.com,2016,Mrs. Anahita Zuben Najmi,Secondary School,Deep Education Society,-,Thane
Deep Public School,1130220,Gat No. 118 Shirol - Kolhapur Bye Pass Road,416101,2322,227791,26851517,02322-221831,sachinkamble2525@gmail.com,-,2006,Sachin Ganpati Kamble,Secondary School,Rajashree Foundation,-,Kolhapur
Delhi Public School,1130169,"Opp. 11 Km Mile Stone, Village-khairi, Kamptee Road",441001,712,2980060,-,07109-270426,principal_dps@hotmail.com,http://www.dpsnagpur.com,2006,K Balaji,Senior Secondary,Shri Chiranjilal Bajoria Education Society,-,Nagpur
Defence Career Academy School Andjunior College,1130729,"Shahapur Banjar, Tal. Gangapur Disttaurangabad, Maharashtra- 431002",431002,-,02406491777,-,-,mvkp.sis@gmail.com,http://www.sisschool.org,2017,Mrs. Sreelatha Nandakumar Nair,Senior Secondary,Manav Vikas Kalyan Pratishthan,-,Aurangabad
Delhi Public School,1130943,"49/2 Saturna, Kranti Colony Road, Near Aayarkar Bhavan",444607,-,0721-25511114,-,-,dpsamravati@gmail.com,http://www.dpsamravati.com,2018,Mr. Himadri Sekhar Desai,Secondary School,"Rana Education Society, Amravati",-,Amravati
Delhi Public School,1130519,"Village Manori, Behind Maharashtra University Of Health Sciences, Dindori Road, Nasik",422003,253,07447709044,-,-,dean@dpsnashik.in,http://www.dpsnashik.com/,2013,Dr. Pushpy Dutt,Senior Secondary,Kush Green Education Society,-,Nashik
Delhi Public School,1130066,Nyati County Mahammedwadi Village Kondwa Pune Maharashtra,411028,20,"26970418, 5123628",6349934,-,neelam.chakrabarty@dpspune.com,-,2001,Neelam Chakrabarty,Senior Secondary,Takshila Education Society,-,Pune
Delhi Public School,1130068,Palm Beach Marg Sector 58 Nerul Navi Mumbai,400706,22,27526542,248406,27052270,principaldpsnerul@gmail.com,http://www.suprabhat.ac,1873,J Mohanty,Senior Secondary,Dps Society,-,New Mumbai
Delhi Public School Lava,1130848,Off Dabha Ring Road Lava,440023,-,7767003274,-,-,dean@dpsnagpurcity.com,http://www.dpsnagpurcity.com,2017,Mrs. Anupama Sagdeo,Senior Secondary,Kalyani Educational Society,-,Nagpur
Delhi Public School Mihan Nagpur,1130933,"Plot No 07,sector 21, Opp.iim & Aiims, Mihan Parisar Wardha Road Nagpur",441108,-,9607855441,-,-,principal@dpsmihan.com,-,2018,Mrs. Nidhi Yadav,Secondary School,Shri Chiranjilal Bajoria Educational Society,-,Nagpur
Delhi World Public School,1131066,"Plot No7a/7b,sector-12,opp Poonam Tower,nerul (west)",400706,-,02227712510,-,-,info@dwpsnerul.com,www.dwpsnerul.com,2016,Mrs. Pratibha Arun Mishra,Senior Secondary,"Nrb Educational, Social And Cultural Trust",-,Thane
Delhi Public School Panvel,1130717,"Plot No 27, Sangurli, Tal-panvel, Dist: Raigad",410221,-,02227467236,-,-,info@dpspanvel.com,dpspanvel.com,2015,Mrs. Anita Dua,Senior Secondary,Shri Siddhivinayak Gyan Mandir Educational Trust,-,Raigad
Delhi World Public School,1130863,"Talegoan, Parli-beed Highway, Tq. Parli Vaijnath, Dist. Beed",431530,-,7391017474,-,-,principal.dwpspv@gmail.com,http://www.dwpsparliv.com/,2018,Mr. Manoj Kumar Singh,Senior Secondary,Vivekanand Youth Welfare Society,-,Beed
Deogiri Global Academy,1130664,"Bhagirath Nagar ,padampura, Railway Station Road Aurangabad",431005,240,6565574,-,-,principal@dga.edu.in,-,2009,Smita Shinde,Secondary School,"Marathawada Shikshan Prasarak Mandal, Aurangabad",-,Aurangabad
"Dg Agrawal Memorial National Public School , Varadipada",1130197,"At : Varadipada  Post : Chinchpada Tal. Navapur Dist Nandurbar, Maharashtra",425417,256,243444,-,-,bijumadathil2010@gmail.com,-,2007,Biju Madathil,Senior Secondary,"Dharmibai Gigraj Agrawal Shaikshanik & Bahuuddeshiya Sanstha, Chinchpada Tal. Navapur",-,Nandurbar
Dharmaveer Anand Dighe Vidhyalaya,1130981,"Ganesh Nagar, Birwadi",402302,-,02145250547,-,-,dadvbbct07@gmail.com,http://www.dadvidhyalayamahad.in,2008,Mr. Abhay Murari Parab,Secondary School,Shree Bhawanbaba Charitale Trust,-,Raigad
Devyanee International School,1130473,"Mul Road, Sindewahi, District Chandrapur, Maharashtra",441222,7178,288555,-,7122520313,ravi1978.reddy@gmail.com,-,2008,Rayapu Reddy,Senior Secondary,Semana Vidya Va Vanvikas Prashikshan Mandal,-,Chandrapur
Dhruv Global School,1130936,"Sus Hills, Symbiosis-lavale Road, Nande, Tal. Mulshi,",412115,-,02066210100,-,-,principal.pune@dhruv.edu.in,www.dhruv.edu.in,2018,Mrs. Sangeeta Rautji,Senior Secondary,Malpani Foundation,-,Pune
Dhole Patil School For Excellence,1131167,"Wagholi, Pune",412207,-,888 893 9593,-,-,principaldpse18@gmail.com,https://www.dholepatilschool.com,-,Dr Anuradha S Iyer,Secondary School,Dhole Patil Education Society,-,Pune
Dhruv Global School,1130187,"Malpani Campus, Dhandharphal, Akole Road,  Sangamner, Distt Ahmednagar, Maharashtra",422603,2425,260005,225003,9448780955,archanaghorpade21@gmail.com,http://www.yahoo.in,2003,Archana Udaysinh Ghorpade,Senior Secondary,Sangama Trust,-,Ahmednagar
Dilsagram Convent English Medium School,1130225,"Ballarpur Post, Chandrapur Distt",442701,7172,241644,8772236612,2236611,dilasagramcbse@gmail.com,http://www.mohanbabu.com,1983,Sister Sinimol Mathew,Secondary School,Shivalik Educational Society,-,Chandrapur
Divine Providence School,1130622,"Divine Providence School, Padri Thana P. O., Butibori-umrer Road",441108,-,07103202176,-,7122511540,dpspadrithana@gmail.com,-,2008,Mr.sebastian P J,Secondary School,"Ish Kripa Society Of The Poor Servants, Eluru",-,Nagpur
Dnyanada English School,1130438,"Gut No. 76, Pokhari, Aurangbaad",431003,240,2100192,-,0240-24781760,mamtajaiswal06@gmail.com,http://www.dnyanada.net,2010,Mamta Ramanlal Jaiswal,Secondary School,Radhakrishna Foundation,-,Aurangabad
Divine Child Senior Secondary School (Cbse),1130994,"Sir M.v.road, Andheri (east), Mumbai -400093, Maharashtra",400093,-,02228231929,-,-,divinechildcbseandheri@rediffmail.com,www.divinechildcbse.org,2013,Mrs. Lucrecia Rebello,Secondary School,The Society Of The Poor Sisters Of Our Lady,-,Mumbai Suburban
"Divine International School, Vita",1131175,"Kundal Road, Vita",415311,-,02347276464,-,-,divinevita44@gmail.com,https://www.divineinternationalschool.edu.in,-,Sachin Subhash Gaikwad,Secondary School,"D.r Naik Nimbalkar Education Institute, Vita",-,Sangli
Dnyandeep International School,1130515,"Mandale Mala, Takari Road, Urnu Islampur, Walwa Sangli,",415409,2342,02342222999,-,2342222999,dattajiraopatil@yahoo.com,http://www.dnyandeepinternationalschool.org,2010,Mrs. Dipali Korade,Senior Secondary,N.d.patil Pratishthan,-,Sangli
Dnyaneshwar International School,1130659,"Bhanashiwra,newasa Phata",414609,-,02427-252022,-,-,disnewasa@gmail.com,http://www.disnewasa.org,2015,Mrs.presanna Kumari Ag,Secondary School,Sulochana Belhekar Samajil Va Bahu Udeshiya Shikshan Sanstha,-,Ahmednagar
Dnyanpushpa Vidya Niketan Cbse Board,1131018,Dnyanpushpa Vidya Niketan Cbse Board Sector 04 Opposite Ymca Cbd Belapur Navi Mumbai,400614,-,02227571152,-,9082360230,dpvn.cbse@dypatil.edu,www.dpvncbse.com,2017,Mrs. Sarah Abey Kuruvilla,Senior Secondary,Ramrao Adik Educational Society,-,New Mumbai
Dnyaneshwar Public School,1130829,Near Someshwar Templebarshi Roadbeed,431122,-,02442204020,-,-,dpschoolbeed@gmail.com,http://www.ssdenglishschoolBeed.com,2016,Mrs. Rashmi Vinay Kuwatada(arora),Secondary School,Raigad Pratishthan,-,Beed
Dnyanvardhini English Medium School,1130400,"At Post Mahalunge,tal Khed,dist Pune 410501",410501,2135,8149615876,-,-,vandanarokade15@gmail.com,http://www.dnyanvardhini.com,2005,Vandana Rokade,Secondary School,Three Prymid Education Society,-,Pune
Dnyanvardhini Central School,1130913,At/po : Guha Tal.rahuri Dist.ahmednagar,413706,-,9665725454,-,-,dnyanvardhinicentralschool.cbse@gmail.com,-,2013,Mr. Kailas Laxman Rajule,Secondary School,Shri Sairam Gramin Shikshan Sansthas Tambhere,-,Ahmednagar
Dolphins International School,1130672,"Madhuban Society ,s.no.15/1/7 Old Sangavi Pune 411027",411027,-,07774035552,-,7774035552,whs.rajsomwanshi@gmail.com,http://www.dolphins.com,2012,Mrs.florence Joseph  Anthony,Middle Class,Dolphins Education Society,-,Pune
Don Bosco Senior Secondary School,1130260,"Plot No. 8, Sector - 42a, Nerul(w), Distt New Mumbai, Maharashtra",400706,22,02227712031,-,2227712031,donbosconerul@gmail.com,www.donbosconerul.com,2006,Mr. Donald Fernandez,Senior Secondary,Don Bosco School Society,-,New Mumbai
"Bharati Vidyappeth English Medium High School,",1130221,Dhankawadi Pune,411043,20,24373340,6637959,-,urmila.shinde1@gmail.com,-,1992,Urmila Sanjay Shinde,Senior Secondary,Bharati Vidyapeeth,-,Pune
Bharatiya Vidya Bhavan,1130278,Girdhardas Mohota Vidya Mandir Post : Nandgaontah : Hinganghat,442301,7153,244577,-,7153244577,4principal13@gmail.com,-,2008,Ashish Kumar Sarkar,Senior Secondary,Bharatiya Vidya Bhavan,-,Wardha
Bharati Vidyapeeth God's Valley International School,1130150,Bharati Vidyapeeth Gods Valley International School,412805,2168,241891,8698903030,02168 241699,smsmathew1@gmail.com,http://www.gvis.in,1988,Sunny P Mathew,Senior Secondary,"Bharati Vidyapeeth, Pune",-,Satara
"Bharatiya Vidya Bhavan's Bhagwandas Purohit Vidya Mandir,",1130151,"At- Ashti (khurd) Po-walnidistt Nagpur, Maharashtra",441501,712,2667479,27674227,0712-2667586,bvmashti@hotmail.com,-,2006,Vandana Kamleshwar  Bisen,Senior Secondary,Bharatiya Vidya Bahvan,-,Nagpur
Bharti Krishna Vidya Vihar,1130036,"Raval Bhavan  Near Telankhedi Garden Telenkhedi, Distt Nagpur, Maharashtra",440001,712,2531363,0712-2512258,2531363,bkvv.confidential@gmail.com,www.bkvvngp.org,1873,J V Nagalakshmi Devi,Senior Secondary,Shree Vishwa Punarnirman Sangh,-,Nagpur
Bhavana Public School,1130216,"Pundlik Nagar, Degaon, Post Linga Kotwal, Tq. Risod,  District Washim, Pin Code - 444504, Maharashtra",444504,725,227572,9604914597,07251 - 227508,lathaprabhu.gopi@gmail.com,-,2003,Gopinathan A,Senior Secondary,Mahila Utkarsha Pratishthan,-,Washim
Bhavans Bhagwandas Purohit Vidya Mandir,1130016,"Lala Lajpatrai Marg, Civil Lines, Nagpur Maharashtra",440001,712,"07122521986, 543143",-,7122521986,bbpvmcl@gmail.com,www.bvmcl.edu.in,1982,Mrs. Anju Bhutani,Senior Secondary,Bharatiya Vidya Bhavan,-,Nagpur
"Bhavans Bhagwandas Purohit Vidya Mandir, Koradi",1130802,"Nanda Phata,khaparkheda Road, Koradi",441111,-,9272225522,-,-,bvmkoradi@gmail.com,www.bvmkoradi.edu.in,2016,Miss Sarbani Bose,Senior Secondary,Bharatiya Vidya Bhavan,-,Nagpur
Bhavans Bhagwandass Purohit Vidya Mandir,1130059,Srikrishna Nagar Wathoda,440024,712,07122714071,-,7122714071,bvmskn@rediffmail.com,http://www.bvmskn.edu.in,-,Mrs. P Nirupama Shankar,Senior Secondary,-,-,Nagpur
Bhel Secondary School,1130528,Tps Colony Parli Beed,431515,244,222382,-,-,bhel_school@rediffmail.com,-,1978,Srinivas Rao,Secondary School,"Bhartiya Shikshan Prasarak Sanstha, Ambajogai",-,Beed
"Bhavans Ntpc Vidya Mandir, Mouda",1130601,"Utkarsh Nagar, Ntpc Township, Ramtek Road, Mouda",441104,7115,9766265888,-,-,principal.ntpc47@gmail.com,www.bvb-ntpc.in,2015,Miss Janaki Mani,Senior Secondary,Bharatiya Vidya Bhavan,-,Nagpur
Bhondawe Patil Public School,1131092,"Gut No. 49 & 52/2, Wadgaon Ko., Bajajnagar,  Aurangabad.",431136,-,6232616161,-,-,bhondawepatilschool@gmail.com,www.bhondawepatilpublicschool.com,2019,Mrs. Pawar Rupali Bhimrao,Secondary School,"Late Jagannathrao Bhondawe Shikshan Prasarak Mandal, Aurangabad.",-,Aurangabad
"Billabong High International School, Malad ( West )",1130361,"Bhoomi Park, Bafhira Nagar, Off Marve Road, Near Malvani Fire Brigade, Malad ( W ), Mumbai",400095,6542,02229673217,27857029,2229673217,kusum.kanwar@billabonghigh.com,http://www.billabongmalad.com/,2007,Mrs.kusum Kanwar,Senior Secondary,Lina Ashar Foundation,-,Mumbai
"Bhavans Bhagwandas Purohit Vidya Mandir,",1130520,"Bhange Layout, Bhamti, Trimurti Nagar",440022,712,0712-2230142,-,0712-2230145,bvmtrimurtinagar@gmail.com,http://www.bvmtrmn.edu.in,2013,Mrs. Parwati G. Iyer,Senior Secondary,Bharatiya Vidya Bhavan,-,Nagpur
Billimoria High School,1130006,Panchgani Satara Distt Maharashtra,412805,2168,"240314, 40910",40314,-,suniljoshi_13@yahoo.com,-,1908,Sunil Ramchandra Joshi,Senior Secondary,Billimoria Management,-,Satara
Bishop Cotton School,1130513,"Bishop Cotton School Cbse,opp Jaika Motors, Civil Lines, Nagpur.",440001,-,07122546595,-,0712-2546595,bishopcottonschoolcbse@gmail.com,Bishopcottonschoolcbse.com,2012,Mrs. Lillian Jacob Makasare,Senior Secondary,Mrbe,-,Nagpur
"Blossom International School,Darhane",1130854,"At/po - Darhane, Taluka- Baglandist  - Nasikmaharashtra",423301,-,02555224771,-,-,principal.blossomd@gmail.com,http://www.bisindia.co.in/,2017,Mrs. Rupali Ravindra Sonawane,Senior Secondary,Surya Shikshan Prasarak And Samajseva Mandal Satana,-,Nashik
Blossom Public School (New),1130478,"Sr. No. 12/2/2, Pune - Satara Bypass Highway, Narhe, Tal-  Haveli, Pune 411041",411041,20,9049270696,9689948223,020-24608888,principal@jspmbpsn.edu.in,http://www.jspm.edu.in/nbps,2011,Ms Vandana H Kharat,Senior Secondary,Jaywant Shikshan Prasarak Mandal,-,Pune
Blossom Public School,1130142,"S.no. 82/2 , Mumbai -pune Bypass Highway, Tathawade, Pune, Maharashtra - 411033",411033,20,64102234,0253-2375500,020-22933424,jyotsna_mishra@hotmail.com,http://www.jspmengg.com,2006,Jyotsna Mishra,Senior Secondary,Jayawant Shikshan Prasarak Mandal,-,Pune
Blossom School,1130901,"Khasra No. 12/1,p.h. No. 18 Mouza- Pawangaon",440035,-,07122631312,-,-,blossomschoolnagpur@gmail.com,http://www.blossomschool.net,2018,Mrs. Puja Agrawal,Secondary School,Blue Moon Educational And Welfare Society,-,Nagpur
Bohara Central School,1130995,"Om Shanti Nagar, Waki Khurd, Jalgaon Road, Jamner",424206,-,9021507820,-,-,jamnerbcs@gmail.com,www.bcsjamner.in,2010,Mrs. Vaishali More,Secondary School,"Om Shanti Sau Chandabai Hiralal Bohara Charity Trust, Jamner",-,Jalgaon
Bohara Central School Jamner,1130502,Om Shanti Nagar Waki Khurd  Jalgaon Road  Jamner,424206,-,02580230308,-,-,anilkumarbohara4133@gamil.com,http://www.osjamner.org,2010,Mrs.haripriya Sapkale,Middle Class,Om Shanti Sau.chandabai Hiralal Bohara Charity Trust E 875,-,Jalgaon
"Bohra Central School,Parola.",1130243,"Shrinathji Nagar, Paroia, Tal:-parola, Dist:- Jalgaon",425111,2597,292751,-,-,bohraschool@ymail.com,-,2009,Kamini Baban Joshi,Senior Secondary,"Lokmanya Tilak Education Society,dhule",-,Jalgaon
Br Nath Pai  Central School Kudal,1130925,"Br Nath Pai Shaikshanik Bhawan, Plot No 4, Midc, A/s Pinguli, Tal - Kudal, Dist - Sindhudurg",416550,-,02362221961,-,-,brnathpaicbse@gmail.com,www.brnathpaischool.com,2009,Mrs. Swara Gawade,Senior Secondary,"Br Nath Pai Shikshan Sanstha, Sindhudurg",-,Sindhudurg
Bright Scholars School,1130605,"Devi Mandir Road, Behind Sevanand School Koradi,dist. Nagpur Pin:441111",441111,91,9763502700,-,-,patankar.swapna9@gmail.com,-,2008,Swapna Patankar,Secondary School,"Smt.vithabai Multipurpose Society,nagpur",-,Nagpur
Buldana Cambridge School,1130590,Lingade Knowledge Park Chikhli Road Yelgaon,443001,7262,07262242666,-,7262242666,bcs666@rediffmail.com,http://www.buldanacambridge.in,2014,Mr.mukesh Suresh Jagtap,Secondary School,"Jijamata Shikshan Prasarak Mandal, Buldana",-,Buldhana
Buty  Public School,1130980,Plot No 1764-dold Kamptee Roadkalamana,440026,-,727604339,-,-,butypublicschool@gmail.com,-,2013,Mrs. Sushmita S Majumdar,Middle Class,Shrimant G G Buty Memorial Trust,-,Nagpur
C M International School,1130948,"Skp Campus, Survey No. 4/2, 4/3, Balewadi",411045,-,7447499103,-,-,principal@cminternationalschool.com,www.cminternationalschool.com,2015,Dr. Rupali Aniruddha Dhamdhere,Secondary School,Shri Khanderai Pratishthan,-,Pune
C.S. English Public School,1130917,"Shivaji Campus, Chichgadh Road,behind Police Station",441901,-,07199225080,-,7199225951,cspsdeori@gmail.com,http://www.cspsdeori.com,2013,Mrs. Dilpreet Kaur Bhatiya,Secondary School,Krushna Sahayogi Tantra Shikshan Sanstha,-,Gondia
"Cambridge School, Miraj",1130472,"795, Gulabrao Patil Educational Campus Near Govt. Milk Dairy, Miraj",416410,233,2212894,-,2332212147,pawar.indira@gmail.com,-,2010,Indira Raghunath Patil,Secondary School,"Gulabrao Patil Memial Trust, Sangli",-,Sangli
Cambridge International School,1130986,"Sr. No. 170/3/b/b Akurdi, Pune",411035,-,9665097960,-,-,cismanagementakurdi@gmail.com,www.cambridgeinternationalschool.in,2015,Mrs. Babita Sanjeev Nair,Secondary School,Indian Technical And Computer Institute,-,Pune
Carmel Academy,1130467,"Amgaon, Wadsa, Dist- Gachiroli",441207,7137,272066,-,-,ccgeorge1@rediffmail.com,-,2009,Fr C C George,Secondary School,Cmi Service Socieyt,-,Gadchiroli
Carmel Academy,1130343,"Kalmeshawar, Waroda P.o",441501,7118,277555,-,-,raniamal@hotmail.com,-,2009,Rani Amalanathan,Secondary School,Cmi Service Society,-,Nagpur
Carmel High School,1130264,"Danora Road, Distt Gadchiroli  - 442605 (m.s)",442605,7132,232476,-,07132-232476,jineshcmi@gmail.com,http://www.chs.org,1992,Jinesh Mathew,Secondary School,Cmi Service Society,-,Gadchiroli
Carmel Academy,1130292,"Carmel Academy, Waddhamna, Opp. Highland Park, Nagpur, 440023, M.s. India",440023,7104,09421724417,-,-,carmelacademynagpur@yahoo.in,http://www.carmelacdemynagpur.edu.in,-,Mr. Fr. Joy Pailly Parappilly,Secondary School,-,-,Nagpur
Central India Public School,1130320,"Suman Vihar, Nerar M H K S Petrol Pump, Kamptee Road, Nagpur",440026,712,9225069093,-,-,manager.cipsnagpur@gmail.com,www.cipsnagpur.edu.in,2004,Mrs. Swati Mansih Chouhan,Senior Secondary,Panchwati Bahuudeshiya Sanstha,-,Nagpur
Central Public School,1130238,"Mekhar, Janephal Road, Distt. Buldhana, Maharashtra-443301",443301,7268,225210,-,-,gnikas@rediffmail.com,-,1983,Gajanan Eknath Nikas,Senior Secondary,"Bharati Vidyapeet, Pune.",-,Buldhana
Central India Public School,1130274,"Opp. Baradwari Talab,kapsi(khurd),near Pardi Naka,bhandara Road,nagpur.",441104,7109,270366,7126529102,-,principal.cips274@gmail.com,-,1992,Anurag Pandey,Secondary School,Panchavati Bahu Uddeshiya Sanstha,-,Nagpur
Central Railway Secondary English Medium School,1180013,"School & Junior College Kalyan Murbad Road Kalyan, Distt Thane Maharashtra",421301,20,2327347,27674227,-,-,-,1982,Sh N E Kochewad,Senior Secondary,Dehu Education Society,-,Thane
Buds International School,1130546,"1031 Newale Vasti, At Post- Chikhali, Tal- Haveli, Dist. Pune",411062,-,9309796885,-,2027495353,smdypbudsschool1@gmail.com,http://www.budsinternationalschool.com,2011,Mrs. Suvarna Sharadkumar Khot,Senior Secondary,Shikshan Maharshi Dr. D. Y. Patil Shikshan Sanstha,-,Pune
Central Railway Sr.Secondary School,1180025,Jalgaon Bhusawal Jalgaon Dist. Maharashtra,425201,2582,225493,-,225493,crssembsl@gmail.com,-,-,I.i. Khan,Senior Secondary,-,-,Jalgaon
Centre Point School,1130021,"Katol Road, Near Seminary Hills, Nagpur (maharashtra)",440013,712,"07122581742,2584394,2580298, 580298",-,7122580452,cpskrngp@gmail.com,http://www.centrepointschools.com,-,Mrs. Shilpee Ganguly,Senior Secondary,-,-,Nagpur
Centre Point School,1130064,Wardhmann Nagar Nagpur Maharashtra,401501,712,2684123,2525284744,271457,sumathi.venugopalan@centrepointschools.com,http://www.cvtarapur.org,1995,Sumathi Venugopalan,Senior Secondary,Central Chinmaya Mission Trust,-,Nagpur
Centre Point School,1130184,"Amravati Road By Pass, Bivsen Khori, Dabha Nagar, Nagpur, Maharashtra",440023,712,6468554,2580452,-,radhika.mehra@centrepointschools.com,-,1998,Radhika Mehra,Senior Secondary,Noorul Islam Edu Society,-,Nagpur
Challenger Public School,1130951,"Challener Public School,sr.no. 167, Opp. Poorva Residency, Pimple Saudagar, Pune",411027,712,8793090638,-,---,dr.anuragshandilya@rediffmail.com,http://challengerpublicschool.in,2012,Mrs. Sushama Krishnakant Upadhye,Senior Secondary,Creative Education Society,-,Pune
Chaitanya Valley International School,1131000,"Chaitanya Valley International School,gut No.224,pimpary Road-karmad,aurangabad",431154,-,02402322991,-,240322991,cvisinternational715@gmail.com,www.chaitanyavalley.com,1918,Dr. Sheetal Sandeep Dabhade,Secondary School,Vardan Foundation,-,Aurangabad
Chaitanya International School,1130899,"A/p-: Indori, Tal-: Maval, Dist-: Pune, 410507",410507,-,9764300669,-,-,chaitanya.international@yahoo.com,-,2010,Mrs. Hemlata Khedkar,Secondary School,Chaitanya Charitable Foundation,-,Pune
Channawars E Vidyamandir,1130539,Near Venketesh Polytechnic Arvi Road Yelakeli,442001,7152,243041,-,-,apande_2007@yahoo.co.in,-,2013,Apurva Pande,Secondary School,Aakar Education Society,-,Wardha
Chate School,1130202,Gut No 98 Satara Parisar Aurangabad,431005,240,2654111,-,0240-2473015,chateschool@gmail.com,http://www.chateschool.com/,2003,Madhu Ponugoti,Secondary School,"Shri Bhaskaracharya Pratisthan,aurangabad",-,Aurangabad
Chate School And Jr College Of Science,1130832,Survey No.382,416014,-,02312522094,-,-,bsvadagave_2010@yahoo.com,chateschoolkatyayani.com,2011,Mr. Balaso Sadashiv Vadgave,Senior Secondary,Shri Bhaskaracharya Pratishthan,-,Kolhapur
Chavara Public School,1130801,"A/p Walwadi,near Gondur Airport",424002,-,02562275461,-,-,chavaracbse2006@gmail.com,-,2010,Mr. Sheejan George Pullokkaran,Secondary School,Visesa,-,Dhule
Chhatrapati Shahu Vidyalaya,1130396,New Palace Area,416003,231,6520340,4832858850,0231-2666390,newpalaceho@gmail.com,http://www.csvcbse.net,2011,Pooja Tarun Chopra,Secondary School,Shahaji Chhatrapati Museum Trust,-,Kolhapur
"Chhatrapati Sambhaji Raje Global School & Jr. College Jogaiwadi, Ambajogai",1131064,"Mauli Nagar, Pokhari Road,jogaiwadi",431517,-,02446297537,-,-,csrgs8600@gmail.com,www.csrgs.org,2017,Mrs. Asha Mahendra Chokada,Secondary School,"Jai Bharti Bahuuddeshiya Sevabhavi Pratishthan, Ghatnandur, Tq. Ambajogai Dist. Beed",-,Beed
Chhatrapati Shivaji Public School,1130153,"Village - Harnamal Hills, P.o. Morane, Laling, Tal. & Dist. Dhule.",424001,2562,8390841051,9545020818,-,principalcsps@gmail.com,http://csps.in,2007,Mr. Vipin Chandra  Joshi,Senior Secondary,Sri Shivaji Vidya Prasarak Sanstha,-,Dhule
Chanda Public School,1130127,Datala Road Ram Nagar Chandrapur Maharashtra,442401,7172,274504,274504,-,amrapalipadole.cps@gmail.com,www.chandapublicschool.com,2006,Mrs. Amrapali Pravin Padole,Secondary School,Chand Shikshan Prasarak Mandal,-,Chandrapur
"Chhaware Bilal Sheikh Education Public School,Chargaon",1130798,At.chargaon Post.khari-bhijewada Ta.ramtek Dist.nagpur,441106,-,9371411697,-,-,cbsepschargaon@gmail.com,http://www.cbsepschargaon.org,2011,Mr.washimkhan.b.pathan,Secondary School,Amir Education And Welfare Society Ramtek Dist.nagpur,-,Nagpur
Christ International Scholl,1130499,"Survey No. 41, Talegoan Village, Latur - Nanded High Way, Ahmedpur,",413515,-,02381-202077,-,2381202078,christinternational.cbseschool@gmail.com,http://christinternationalschool.in/,-,Mrs. Sayyed Raziya Mahmood,Senior Secondary,-,-,Latur
Chinmaya Vidyalaya,1130058,Tarapur P 201 Midc Industrial Area Vidya Nagar Post Saravali Via Boiser Distt Thane Maharashtra,401501,2525,652509,2525284744,271457,anilb_kumar@rediffmail.com,http://www.cvtarapur.org,1995,Anil Kumar,Senior Secondary,Central Chinmaya Mission Trust,-,Thane
City International School,1130277,"Off Satara Road, Near Kaka Halwai Industrial Estate,",411030,20,24261027,2340906,020-24321692,satararoad@cityinternationalschool.edu.in,-,2005,Leena Chandrashekhar Bhosale,Secondary School,Ns Dixit Educational Foundation,-,Pune
City International School,1130128,"Divine Pune Mumbai Highway Near Rajiv Gandhi Bridge D P Road Adjacent To Cosmos Bank Aundh Pune, Maharashtra",411067,20,"02025899773, 25883346",-,-,aundh@cityinternationalschool.edu.in,www.cityinternationalschoolaundh.com,2003,Mrs. Shilpa Ramling Gujare,Secondary School,N S Dixit Educational Foundation,-,Pune
Arise International School,1131036,"Anandrao Lande Road Indrayani Nagar, Sector-7",411039,-,7972609431,-,-,principal.arise@gmail.com,http://www.ariseinternational.in/,2019,Mr. Jitendra Khairnar,Secondary School,"Jaykranti Shikshan Prasarak Mandal, Kava, Tal & Dist- Latur",-,Pune
Army Public School,1180006,Near Inhs Ashvini Dr Nana Bhoy Moos Road Colaba  Mumbai Maharashtra,400005,22,22182547,2222829883,-,armyschoolmumbai@gmail.com,-,1984,Mrs. Anusree Ghose,Senior Secondary,Hq Bombay Sub Area Colaba,-,Mumbai
Army Public School,1180021,"The Mall Road, Kamptee Cantt., Kamptee",441001,7109,9284858092,-,-,armyschoolkmt@gmail.com,www.apskamptee.in,2007,Mrs. Rakhi Acharya,Secondary School,Army Welfare Education Society,-,Nagpur
Army Public School,1180011,Cannaught Road Devlali Camp Nasik Distt Maharastra,422401,20,"6693563, 9422514246",-,-,armydev2001@yahoo.com,-,1990,Deepkaul,Senior Secondary,Armt Welfare Edu. Society,-,Nashik
Army Public School,1180014,"Dehu Road, Distt Pune, Maharashtra",412101,20,27670266,-,-,apsdehuroad@gmail.com,apsdehuroad.in,2004,Mrs. Paramita Nandy,Senior Secondary,Army Welfare Education Society,-,Pune
Army Public School,1180005,Near Signal Regiment Southern Comman Southern Command Pune Maharashtra,411001,20,6102255,-,-,apspune@pn3.vsnl.net.in,-,1982,Meera Sain,Senior Secondary,Army Welfare Education Society Delh,-,Pune
Army Public School Dighi,1180023,C/o Training Battalion-2 Beg & Centre Dighi Camp,411015,20,65106915,592500,-,armyschooldighi@gmail.com,-,1986,Nirmal Bhataiya,Senior Secondary,Kendriya Vidyalaya Sangathan,-,Pune
Army Public School,1180010,"Kirkee, Distt Pune Maharastra",411003,20,"6693563, 9422514246",5.47E+16,-,pkhanna3@hotmail.com,-,1990,Ms Arti Sharma,Senior Secondary,Army Welfare Education Society Delh,-,Pune
"Army Public School, Ahmednagar",1180007,C/o Armed Corps Centre & School Ahmednagar Maharashtra,414002,241,02412323005,-,3324602424,apsahmednagar01@gmail.com,-,-,Mrs. Nutan Mishra,Senior Secondary,"Army Welfare Education Society, New Delhi",-,Ahmednagar
Arohan Academy English School,1130496,"Vaijapur Gramin-1, Tq Vaijapur",423701,2436,200100,-,-,maheshpisu@gmail.com,http://www.arohanacademy.com,2011,Mahesh Haribhau Pisu,Secondary School,"Spandan Pratishthan, Vaijapur",-,Aurangabad
Army Public School,1180026,"Khadakwasla, Barrack No.3, Near Gole Market, National Defence Academy, Pune",411023,20,25290084,7768841379,020-25290084,sreejaapsara@gmail.com,-,2007,Ms. Sreeja V,Secondary School,Army Welfare Education Society,-,Pune
Arvind Indo Public School,1130509,"Khutamba Road, Near Katol Railway Station",441302,7112,202166,-,-,deepapeter38@gmail.com,http://www.aips.com,2010,Deepa Peter,Secondary School,V.s.p.m. Academy Of Higher Education,-,Nagpur
Arunodaya Public School,1130088,"Vijay Park, Kasarvadavli Thane Mahrashtra",400601,22,25974381,2.38E+17,022-25972831,principal@arunodayaschool.com,-,1873,Ms. Nikita Kothari,Senior Secondary,Swami Shri Budhdevji Maharaj Chari Trust,-,Thane
Arvind Indo Public School,1130353,Midc Area Heti Surla Saoner Nagpur,441107,7113,236612,-,-,rupesh.raut7@gmail.com,-,2008,Rupesh Raut,Secondary School,Arvindbabu Deshmukh Pratishthan,-,Nagpur
Ascent International School,1130349,"Khed Shivapur, Pune Banglore Highway, Haweli, Pune",412205,20,24385500,734001453,-,ajay.academin@gmail.com,http://www.ascentschoolspune.com,2008,Ajay Shivajirao Landge,Secondary School,Dyansindhu Education Society,-,Pune
"Arvind Indo Public School, Narkhed",1131127,Narkhed,441304,-,9009961447,-,-,narkhedaips@gmail.com,-,2009,Mr.ashutosh Kedarpawar,Secondary School,Arvind Babu Deshmukh Pratistan,-,Nagpur
Asheville World School,1130779,"Survey No. 227, 232village - Mohap, Off Nh-222, Near Shivle Petrol Pump",421401,-,7021815625,-,-,saritastiwari@gmail.com,www.ashevilleworldschool.in,2017,Miss Chanda Jwalaprasad Gaur,Senior Secondary,Trust Fo Educational Advancement And Cultural Harmony (t.e.a.c.h.),-,Thane
Arya Gurukul Vidya Nagrai,1130186,"Nandivali Vill-haj Malang Road, Kalyan E, Thane, Maharashtra",421306,251,6464444,-,-,aryagurukul@gmail.com,http://www.vanaprastha.org,2005,Radhamani Satish Iyer,Senior Secondary,Vanaprastha Educational Trust,-,Thane
Ashok Ideal School,1131166,"A/p Shirasgaon, Tal.shrirampur Dist Ahmednagar",413739,-,02422-246496,-,-,ashokidealschool@gmail.com,http://ashokschools.org,-,Shaikh Rais Jabirahmed,Secondary School,Agro Industries Education And Development Foundation,-,Ahmednagar
Asim Saraf Central Academy,1130545,"Churdi,tiroda",441911,7198,202159,-,-,manishtiwari370@gmail.com,-,2003,Manish Tiwari,Secondary School,Shree Asimkumar Saraf Memorial Sanstha,-,Gondia
Atomic Energy Central School - 2,1130114,"Tarapur, Barc Colony Po Tapp Tal Palghar Distt Thane Maharashtra",401504,2525,"264974, 264140",022-22829883,-,armyschoolmumbai@gmail.com,-,1990,T Kalathinathan,Secondary School,Atomic Energy Education Society,-,Thane
Atomic Energy Central School - 3,1180017,3 & 4 Township - Tapp Post Boisar Via Thane Distt Maharashtra,401501,2525,"263117, 363902",533056,271457,bvm0104_ngp@sancharnet.in,http://www.cvtarapur.org,1999,Sh J Pathanayak,Senior Secondary,Atomic Energy Education Society,-,Thane
Atma Malik International School,1130712,"Atma Malik International School, Mohili, Poat-aghai",421301,91,9552053020,-,-,principal640536@gmail.com,http://www.amishahapur.in,2012,Shivam Bhatt,Secondary School,"Vishwatmak Jangli Maharaj Ashram Trust, Mohili, Tal.- Shahapur, Dist.- Thane",-,Thane
"Atma Malik International School, Kokamthan",1130444,Vishwatmak Jangli Maharaj Ashram Trust Kokamthan Shirdi - Kopargaon Road Post Jeur Kumbhari Tal.- Kopargaon Dist.- Ahmednagar (maharashtra)- 423601,423601,2423,024237588694078,-,-,atmacbse@gmail.com,http://www.amiscbse.com,-,Mr. Namdev Dnyaneshawar Dange,Senior Secondary,-,-,Ahmednagar
Atomic Energy Central School - 2,1180016,"Tarapur, Barc Colony Po Tapp Tal Palghar Distt Thane Maharashtra",401504,2525,"264974, 264140",022-22829883,-,armyschoolmumbai@gmail.com,-,1990,T Kalathinathan,Secondary School,Atomic Energy Education Society,-,Thane
Ashok Academy,1130116,"Golden Charriot Annexe Lokhandwala Complex Andheri West, Mumbai Maharashtra",400053,22,"9870012111, 26607224",-,-,ashokacademy@gmail.com,-,1979,Mrs. Kulsoom Fatima,Secondary School,Ram & Ashok Education Society,-,Mumbai
Atomic Energy Central School - 4,1130008,Anushaktinagar Mumbai Maharashtra,400094,22,25580619,9833413235,25580619,aecs4mum@gmail.com,http://www.aees.gov.in,1969,Dr. Chinmoy Basu,Senior Secondary,Atomic Energy Education Society,-,Mumbai
Atomic Energy Central School - 4,1180002,Anushaktinagar Mumbai Maharashtra,400094,22,25580619,25569462,25580619,aecsmum4@yahoo.co.in,http://www.aees.gov.in,1969,Dr. Anand Kumar,Senior Secondary,Atomic Energy Education Society,-,Mumbai
Atomic Energy Central School - 5,1130112,New Mandala Mumbai Maharashtra,400094,22,"25582485, 25569462",9.41E+20,2453987,aecsmum5@yahoo.co.in,www.vbps.com,1996,Dileep Singh,Secondary School,Atomic Energy Edu Society,-,Mumbai
Atomic Energy Central School,1130009,T A P S Colony  Tarapur Boisar (w/rly) Thane Distt. Maharashtra,401504,2525,"0252526426, 74991",2469630,-,aecstar1@yahoo.co.in,aecstar1.edu.in,1971,Mrs. B.gomathi,Senior Secondary,Atomic Energy Education Society,-,Thane
Atomic Energy Central School,1180003,T A P S Colony  Tarapur Boisar (W/Rly) Thane Distt. Maharashtra,401504,2525,"72221, 74991",72221,-,kalathinathan59@hotmail.com,-,1971,K Krishnan,Senior Secondary,-,-
Atomic Energy Central School No 1,1130123,Anushakti Nagar Mumbai Maharashtra,400009,22,"25580530, 25482189",-,-,-,-,1969,Anila Singh,Secondary School,Atomic Energy Edu Society,-,Mumbai
Atomic Energy Central School No 1,1180020,Anushakti Nagar Mumbai Maharashtra,400009,22,"25580530, 25482189",-,-,-,-,1969,Anila Singh,Secondary School,Atomic Energy Edu Society,-,Mumbai
Atomic Energy Central School No 2,1130118,Anushakti Nagar Mumbai Maharashtra,400094,22,"25580584, 25565904",022-22829883,-,armyschoolmumbai@gmail.com,-,1970,Mrs V A Sane,Secondary School,Atomic Energy Edu Society,-,Mumbai
Atomic Energy Central School No 2,1180018,Anushakti Nagar Mumbai Maharashtra,400094,22,"25580584, 25565904",022-22829883,-,armyschoolmumbai@gmail.com,-,1970,Mrs V A Sane,Secondary School,Atomic Energy Edu Society,-,Mumbai
Atomic Energy Central School No 3,1130122,Anushakti Nagar Mumbai Maharashtra,400094,22,25580552,-,-,aecsmum3@yahoo.co.in,http://www.aecsmum3.ac.in,1974,Mr. Lokesh Joshi,Secondary School,Atomic Energy Education Society,-,Mumbai
Atomic Energy Central School No 6,1180024,"Atomic Energy Central School No6, Westernsector, Anushaktinagar, Mumbai, 400094",400094,848,022-25511924,-,022-25511924,aecsmum06@yahoo.co.in,http://www.aees.gov.in,2007,R.K.Sawhney,Secondary School,Atomic Energy Education Society,-,Mumbai
Atomic Energy Central School No 3,1180019,Anushakti Nagar Mumbai Maharashtra,400094,22,25580552,01824-221624,-,vips13@sify.com,-,1974,B Gomathi,Secondary School,Atomic Energy Edu Society,-,Mumbai
Atomic Energy Central School No 6,1130234,"Atomic Energy Central School No6, Westernsector, Anushaktinagar, Mumbai, 400094",400094,848,022-25511924,-,022-25511924,aecsmum06@yahoo.co.in,http://www.aees.gov.in,2007,T. Elango,Secondary School,Atomic Energy Education Society,-,Mumbai
B K Birla Centre For Edn.,1130051,P B  No.1 Distt Talegaon Dabhade Distt Pune Maharastra,410506,2114,9272200305,524716,-,principalbirlacentre@rediffmail.com,-,1991,Dr Saibal Kumar Sanyal,Senior Secondary,B K Birla Institution,-,Pune
B J M Carmel Academy,1130053,D O C Road Tukum Chandrapur P B No. 106 Chandrapur Hpo Maharastra,442401,7172,"277320, 55165",7172255165,261265,binoycmi@gmail.com,www.bjmcarmelacademy.com,2005,Fr  Binoy C U,Senior Secondary,The Cmi Service Society,-,Chandrapur
B V Bhavans Lloyds Vidya Niketan,1130039,Vidya Niketan Bhugaon  Wardha Wardha Maharashtra,442001,7152,282085,82057,-,principalblvn@gmail.com,-,1982,Kirti Mishra,Senior Secondary,"Shri Pa. Digamber Jain Sahatiya Shod Sansthan, Bijoliya",-,Wardha
B.K. Birla Public School,1130054,"Birla College Road, Kalyan,distt. Thane , Maharashtra-421 304",421304,251,2230623,330088,331690,contact@birlaschoolkalyan.com,-,1978,Ranjna Jangra,Senior Secondary,"Kalyan Citizes Edn. Sociey , Kalyan",-,Thane
Bal Bharati Public School,1130103,"Plot No 5, Sector 4 Kharghar Navi Mumbai Maharashtra",410210,22,"9820990645, 30981276",9820990645,-,principal.bbkgr@gmail.com,-,2003,Ms. Kalpana Dwivedi,Senior Secondary,Child Education Society,-,New Mumbai
Bajaj Vidya Bhavan,1130892,"By Pass Road, Babupeth,",442403,-,9422180882,-,-,bajajvidyabhavan@hotmail.com,http://www.bajajvidyabhavan.com/,2016,Mr. Deepika Santoshwar,Secondary School,Sarvodaya Mahila Mandal,-,Chandrapur
B G Academy (Pratham),1130117,Aundh Chest Hospital Road Opp Walked Telephone Exchange Wakad Pune Maharashtra,411027,20,"27277662, 30915541",-,-,-,-,2003,Ms Devyani Mungali,Secondary School,Walchand Industries Charitable Trus,-,Pune
Bal Bharati Public School,1130158,"Rgppl, Post Anjanwel, Taluk, Guhagar, Distt Ratnagiri",415703,2359,24119,-,-,kpadmamohan@yahoo.com,-,-,Mr/ms. Surajeet Chatterjee,Senior Secondary,-,-,Ratnagiri
Bal Seva English Medium School,1130563,"Swami Vivekananda Nagar, Kalakhadak, Wakad",411057,20,65108408,-,-,juthikapahan1@yahoo.com,http://bsemschool.com,2007,Juthika Pahan,Secondary School,Bal Seva Education Society,-,Pune
Balaji English Medium School Shirur,1130756,A/p- Shirur Tel-shiur Dist- Pune,412210,-,02138223677,-,-,balajischoolshirur@gmail.com,http://www.balajieducationshirur.in,2009,Mr.shinde Dilip Rajaram,Secondary School,Balaji Shikshn Prasark Mandal,-,Pune
Ballarpur Public School,1130553,Yenbodi,442701,-,8975644234,-,-,ballarpur_publicschool@gmail.com,-,2010,Missagatha Joseph,Secondary School,Krushi Jeevan Vikas Prathisthan,-,Chandrapur
Balmohan Vidyamandir,1131051,"Shivaji Park, Dadar, Mumbai 400028",400028,-,02224445579,-,-,infobmvm@balmohan.org,www.balmohan.org,2019,Mrs. Rupa Roy,Secondary School,Balmohan Vidyamandir Trust,-,Mumbai
Balniketan Air Fce School,1180009,9-brd Air Force Station Nagar Road Pune Maharashtra,411014,20,7011046,2027011046,-,principalafscn@rediffmail.com,-,2002,Mrs. Urmil Kalia,Senior Secondary,M.p.nandu Charitable Trust,-,Pune
Atomic Energy Central School - 5,1180015,New Mandala Mumbai Maharashtra,400094,22,"25582485, 25569462",0120-2534528,2453987,veena.bhasin@gmail.com,www.vbps.com,1996,Veena Rani Mishra,Secondary School,Atomic Energy Edu Society,-,Mumbai
Bardiya International School,1130785,"Gat No. 97, Jamner Road",425310,-,02582 275181,-,-,principal.bisb@gmail.com,-,2015,Mr.atul I Massey,Secondary School,Swa. Shantilalji Lakhichandji Bardiya Bahuuddeshiya Sanstha,-,Jalgaon
Bharati Vidyapeeth English Medium School,1131020,"Sr.no-35,mauje Lohegaon, Vadgaon Shinde Road, Lohegaon, Pune-411047",411047,-,02020271975,-,-,admin.lohegao@bharatividyapeeth.edu,http://bvemslohegaon.bharatividyapeeth.edu,2013,Mr. Ajay Shivajirao Landge,Secondary School,Bharati Vidyapeeth,-,Pune
Bapusaheb D.D. Vispute Primary English School,1130543,Gut No 104 Devad Vichumbe Adjecent Mumbai Pune Express Highway At Devad  Vichumbe Tal Panvel Dist Raigad,410206,-,9920098088,-,2227462889,dhanrajadarsh@rediffmail.com,http://www.visputeschool.com,2011,Mrs. Aarefa Shaikh,Secondary School,Shree Rishikesh Shikshan Prasarak Mandals Navi Mumbai,-,Raigad
Beacon High School,1130625,"Plot No 2, Sector 11,behind Tulsi Land Markpcndta, Bhosari",411026,-,02027122363,-,2027122363,headmistress@bhs.school,www.bhs.school,2014,Dr. Aarti Hemrajani,Senior Secondary,Late Ishwardas Behl Charitable Trust,-,Pune
Bharati Vidyapeeth English Medium School,1130237,Sec 3 C.b.d. Navi Mumbai. Pin 400614,400614,22,912227572965,-,27571182,bvemsnm@gmail.com,http://www.bvemsnm.edu,1983,Mr. Alok Sharma,Senior Secondary,"Bharati Vidyapeeth, Pune",-,Thane
"Bharati Vidyapeeth English Medium School,Balewadi",1130176,"At: Post Balewadi,tal: Haweli",411045,20,20255845,-,020-65340184,bvpbalewadi@yahoo.co.in,http://www.bharatividyapeeth.edu,2001,Deepti Dilip  Satpute,Senior Secondary,Bharati Vidyapeeth Pune 30,-,Pune
Bankar Patil Public School,1131097,"Yeola- Nashik Highway, A/p-angangaon Tal. Yeola Dist Nashik Maharashtra Pin- 4230401",423401,-,9403571717,-,-,bppsprincipal17@gmail.com,www.ssspm.org,2016,Mr. Nikam Pankaj Chandrakant,Secondary School,"Shri Shivaji Shikshan Prasarak Mandal, Angangaon Tal. Yeola Dist Nashik Maharshatra 423401",-,Nashik
