Abs Oxford International School,1530238,At/po-niali,754004,671,2803122,-,-,abhiramsahoo79@gmail.com,http://www.absoxford.com,2011,Abhiram Sahoo,Secondary School,Abhiram Educational And Charitable Trust,-,Cuttack
Academic International School,1530376,"Po- Ganijang , Via- Barapada",756114,-,9937429695,-,-,aisganijang123.2015@gmail.com,http://www.aisganijang.com,-,Mr  Basanta Kumar Samal,Secondary School,Nc Pati Educational Trust,-,Bhadrak
Adani Public School Dhamra,1530273,"C/o. Dpcl Dav Public Schooldhamra Port,dosinga",756171,91,07925557721,881724688,-,bhadrayu.vachhrajani@adanifoundation.com,-,2012,-,Secondary School,Adani Foundation,-,Bhadrak
Adarsha International School,1530292,"Panchamahala Po Rantalei, Angul , Odisha- 759122",759122,-,06764233789,-,6764233789,adarshaint.school@gmail.com,www.adarshaintschool.com,2016,Mr. Santosh Kumar Gaudu,Senior Secondary,Adarsha Educational Trust,-,Angul
Aditya Birla Public School Uail Campus,1530186,"Doraguda Po-kucheipadar,  Rayagada",765001,6865,287064,-,-,laxmi.dash@adityabirla.com,-,2011,Laxminarayan Dash,Senior Secondary,Utkal Alumina Jana Seva Trust,-,Rayagada
Aditya Residential School,1530164,"At:bhalubahal, Po:sason, Dis:sambalpur",768200,663,9937859888,-,-,adityasambalpurprincipal@gmail.com,-,2006,Krishna Mahajanam,Secondary School,Aditya Educational Society,-,Sambalpur
Ag Mission School,1530305,Gopabandhu Nagar Chandpur Nayagarh Odisha,752024,-,9583586540,-,-,agmissionschoolchandpur@gmail.com,www.agmissionschool.com,2004,Mr. M. Martin,Secondary School,Managing Committee Of Ag Mission School,-,Nayagarh
Amrita Vidyalayam,1530232,"Plot No 508,",752054,674,2460130,437216,-,mona.patnaik@gmail.com,http://www.odisa.amritavidyalayam.org,2013,Mousumi Patnaik,Secondary School,Mata Amritanandamayi Math,-,Khurda
Anand Niketan,1530079,Lamtaput Post Koraput Distt Orissa,764081,686,8272395,06854-251998,251915,ratnakar009@gmail.com,www.modernenglishschool.i,2001,Ratnakar Remalli,Secondary School,Anand Education Society,-,Koraput
Ananda Samvrddhi Vidya Piitha,1530288,"At-kumudapali,p.o/distt-jharsuguda-768201",768201,-,09938016085,-,-,hemanandgupta@hotmail.com,-,2010,Mr. Tarani Sen Durga,Secondary School,Ands Foundation,-,Jharsuguda
Aparna World School,1530230,"Espl Road, Near Boxi Chowk,",768203,664,9238180100,-,6645274411,info@aparna.edu.in,http://www.aparna.edu.in,2015,Mrs. Smitha V Nair,Senior Secondary,Aparna Foundation,-,Jharsuguda
Apeejay School Bhubaneswar,1530307,"Near Durga Mandap,ghatikia",751003,-,7077006609,-,-,sasmitatripathy@apeejaygroup.com,www.apeejayschool.in,2017,Dr. Sasmita Tripathy,Secondary School,Apeejay Education Trust,-,Khordha
Aastha Public School,1530303,"At-patnagarh Road,po-belpara,distt-bolangirpincode-767026",767026,-,07326967555,-,-,apsbelpada@gmail.com,apsbelpada.org,2006,Mr. Bilwa Sarkar,Secondary School,Aastha Charitable Trust,-,Balangir
Army Public School,1580003,Gopalpur Golabandha Ganjam Issa,761052,120,"282490, 372451",2758565,7823233747,pallotti_residential@yahoo.com,http://www.pallottischool.com,1997,A V Narasimham,Senior Secondary,Army Welfare Edn. Society,-,Ganjam
Apex English Medium School,1530119,"At Laliteswar Nagar (baidyarajpur), P.o. Devidwar, Dist. Jajpur, Orissa-755007",755007,6728,222587,-,-,rayaneel4@gmail.com,http://www.aemsodisha.com,-,Mr. Anil Kumar Ray,Senior Secondary,-,-,Jajpur
Aryan English Medium School,1530370,"At & Po - Padmapur, Rayagada",765025,-,06857-266335,-,-,itsaryanschool@gmail.com,http://www.aemspadmapur.com,-,Sanjaya Panigrahi,Secondary School,Mother Memorial Charitable Trust,-,Rayagada
Aryan Public School,1530108,"Po: Kalasandhapur, Aska, Dist: Ganjam, Odisha",761111,682,9692348898,-,0680-2220730,aryan109117@rediffmail.com,http://www.apsaska.in,1998,Mr. Sanjay Kumar Pattnayak,Secondary School,Aryan Educational Society,-,Ganjam
"At- Saruguda, Po- Dangarbheja",1520350,"Ps- Nabarangpur, Dist-nabarangpur",764078,-,06742302344,-,-,nandahandi@oav.edu.in,http://www.oav.edu.in,-,Gupta Kuldipia,Secondary School,Gupta Kuldipia,-,Nabarangpur
Atomic Energy Central School,1580002,Oscom  Ire Housing Complex Post Matikhalo Distt Ganjam Orissa,761045,-,-,-,-,ed-irel@x400.nicgw.nic.in,-,1984,Sh J Pattanayak,Senior Secondary,Atomic Energy Education Society,-,Ganjam
Atomic Energy Central School,1530056,Oscom  Ire Housing Complex Post Matikhalo Distt Ganjam Orissa,761045,-,-,-,-,ed-irel@x400.nicgw.nic.in,-,1984,Sh J Pattanayak,Senior Secondary,Atomic Energy Education Society,-,Ganjam
Aum Valley School,1530129,"At : Charbhata,po : Titilagarh",767033,6655,222282,-,06655-220895,aumbadri@gmail.com,-,2004,Badrinath Mishra,Senior Secondary,Auum Valleyeducation Society,-,Balangir
Balangir Public School,1530061,At/po Balangir Dist  Balangir Orissa,767001,6652,232369,-,-,-,-,1981,Sarita Patnaik,Senior Secondary,Mang. Commtt. Balangir Pub School B,-,Balangir
Balika Vidyalaya,1530069,Khetrajpur Sambalpur Orissa,768003,663,2544127,-,06456-233003,SANTOSH_HOTA12@YAHOO.COM,-,1991,Santosh Kumar Hota,Senior Secondary,Managing Committee Balika Vidyalaya,-,Sambalpur
Believers Church Residential School,1530228,"Believers Church Residential School, Rampur Colliery P O, Brajrajnagar",768225,-,06645213091,-,-,BCRSODISHA@OUTLOOK.COM,http://www.bcrsodisha.org,2011,Mrs. Nimi Mol Abraham,Senior Secondary,Ayana Charitable Trust,-,Jharsuguda
Black Diamond Public School,1530177,Post Box No-21brajrajnagar,768216,664,242987,-,6645242988,principalbdpsbrjn@gmail.com,http://www.blackdiamond.org.in,2001,J Ward,Secondary School,Black Diamond Technical Education Society,-,Jharsuguda
Bnnr Public School,1530290,"At-nial,po-nial,via-aul,distt-kendrapada-754219,odisha",754219,-,06742420903,-,6742420903,bnnrpublicschoolaul@gmail.com,-,2011,Dr.  Manoj Kumar Dwibedi,Secondary School,Bnr Educational & Charitable Trust,-,Kendrapara
Bhubaneswar Model Public School,1530150,"N5/a - 1697, Irc Village, Bhubaneswar (orissa)",751015,674,2360827,-,0674 - 2555728,takshila.bbsr@gmail.com,http://www.takshilaschools.in,1995,Lipsita Mohanty,Senior Secondary,Sanskriti Foundation,-,Khurda
Aryavart Ancient Academy,1530380,"Arjunpur, Khordha",752056,-,6372866816,-,-,aryavartaa.krd@gmail.com,http://www.aryavartancientacademy.in,-,Diptimayee Mohanty,Senior Secondary,Peoples Forum Foundation Trust,-,Khordha
Bridgewell Global School,1530260,At/post Sarkana Balianta,752100,-,06742343561,-,-,gsemschool2@gmail.com,www.gsem2.org,2015,Mr. Suvanarayan Tripathy,Senior Secondary,Gouri Shankar English Medium School (r),-,Khurda
Biju Pattnaik Adarsha Vidyalaya,1520208,"Pallur Hills, Golanthara",761008,-,8917542727,-,-,principalbpav@gmail.com,-,2018,Mr. Golaka Bihari Misra,Senior Secondary,"Collector, Ganjam",-,Ganjam
Blossoms School,1530220,"Plot No- 5 (ga), Bharatpur",751003,674,9937478699,-,-,blossoms@blossomsschool.in,http://www.blossomsschool.in,-,Mrs. Seemita Panda,Secondary School,-,-,Khordha
Bethany Convent School,1530227,"Nagenpali Road, Tora",768040,6646,08895378507,-,-,sheelasubhasini@gmail.com,-,2009,Subhasini,Senior Secondary,Bethany Educational Society,-,Bargarh
Brahmani Public School,1530159,At/po-kharagprasadvia-meramundalidist-dhenkanalpin-759121orissa,759121,673,2212505,-,6764229642,debendrakumar.satpathy@gmail.com,-,1993,Debendra Kumar Satapathy,Secondary School,Brahmani Public School,-,Dhenkanal
Buxi Jagabandhu English Medium School - Ii,1530154,At/po : Satyabhamapurvia : Balakathidist : Khurda,752100,674,09238103190,2315039,0674 - 2310442,kash_deva@rediffmail.com,-,2006,Khyanika Das,Senior Secondary,Buxi Jagabandhu Education Society,-,Khurda
Carmel English School,1530113,"Po: Badatota, Jatnidist : Khurda",752050,674,2492206,27674227,-,principal@carmel-khordha.com,-,2000,Korumelli Raju,Senior Secondary,Carmel English School,-,Khurda
Buxi Jagabandhu English Medium School,1530009,"M/15 Buxi Jagabandhu Nagar, Distt Khurda, Orissa",751014,674,"2310457, 54775",0674-2310442,2310442,sandhyajena.india@gmail.com,http://www.bjemschool.org,1974,Sandhya Jena,Senior Secondary,Managing Committee,-,Khurda
"Centurion Public School, Bolangir",1530251,"Rajib Nagar,idco Land, Behind Bsnl  Office, Bolangir",767001,-,06652235641,-,-,cpsblgr@gmail.com,cpsblgr.cutm.ac.in,2010,Mrs. Meena Kumari Sahu,Senior Secondary,Jitm Trust,-,Balangir
Brundaban Nayak English Medium School,1530209,Tota Streetat:- Hinjilicutpo :- Hinjilicutdist :- Ganjamodisha,761102,680,2222057,-,0680-2222057,principalbnem@gmail.com,-,2007,Bibhu Prasad Mohanty,Secondary School,"Sanjay Memorial Institute Of Technology ( Smit ) Berhampur,odisha",-,Ganjam
Central School For Tibetans,1590001,"P O Chandragiri Ganjam Distt, Orissa",761017,6817,9778311911,5272,2466171,dvarjune@gmail.com,http://www.kv2kota.org,1964,D V Arjune,Secondary School,Sambhota Tibetan Schools Society (stss)??h,-,Ganjam
Chilkarani English Medium School,1530053,Balugaon Khurda Orissa,752031,6756,"9938448360, 20605",-,-,cremsbalugaon@gmail.com,http://www.chilkaranienglishmediumschool.com,-,Mr. Binayak Mahapatra,Secondary School,-,-,Khurda
Chinmaya Public School,1530368,"Po-sonaparbat, Rourkela-16",769016,-,9437649881,-,-,cpsrkl16@gmail.com,https://chinmayapublicschool.co.in,-,Biswakalyani Dash,Secondary School,Manas Memorial Educational Trust,-,Sundargarh
Chinmaya Vidyalaya,1530314,At-sunamunda Po-suguda Ps-deogarh,768108,-,06641226566,-,-,cvdeogarh@gmail.com,www.chinmayavidyalayadebgarh.in.net,2003,Mr. Binaya Kumar Nayak,Secondary School,Central Chinmaya Mission Trust,-,Deogarh
Centurion Public School,1530139,"At - Alluri Nagarpo - R. Sitapur, Via Uppaladaparalakhemundi, Distt Gajpati, Orissa-761211",761211,6815,224850,-,6815222150,principalcpstown@cutm.ac.in,http://jitm.org/cpschool,2006,Nalla Kalapoorna,Senior Secondary,Jitm Trust,-,Gajapati
Cement Nagar English Medium School,1530160,"At :cement Nagar, P.o.bardol, Dist.bargarh",768038,6646,246405,26563073,-,sanatanmahapatra1@gmail.com,-,1987,Sanatan Mahapatra,Secondary School,Vikash Educational Institutions,-,Sambalpur
Centurion Public School,1530243,"Idco Industrial Area, Pitamahal",765002,6856,06856235002,-,-,centurionpublicschool@gmail.com,cutm.ac.in/cpsrayagada,2011,Mrs. Basundhara Karmakar,Senior Secondary,Jagannath Institute For Technology & Management,-,Rayagada
Chandrasekhar English Medium School,1530233,"At-ramla,po-champua",758041,6767,06767211256,-,-,cemschampua@gmail.com,www.cemschool.org,2011,Mrs. Neha Jhajharia,Secondary School,Chandrasekhar English Medium School,-,Keonjhar
Cohen International School,1530280,"Plot No.111(p)&112(p), Haridamada,(adjacent To Iit-bhubaneswar)",752050,-,9777706447,-,-,info@coheninternationalschool.com,http://www.coheninternationalschool.com,2015,Mr. Jag Jeevan Ram Dada Dash,Senior Secondary,Subhadra Charitable Trust,-,Khordha
Chandra Sekhar Academy,1530208,"At-chandrasekhar Square,puri Konark Marine Drive Road,balighai,puri-752002",752002,6752,246543,-,6752251991,amittapattnaik@gmail.com,-,2004,Amita Pattnaik,Senior Secondary,Chandra Sekhar Academy,-,Puri
Chinmaya Vidyalaya,1530019,P O Theruballi Distt Rayagada Orissa,765018,6856,230143,6856230330,6856230084,indira_v09@rediffmail.com,-,1980,V Indira Rao,Senior Secondary,Indian Metals&ferro Alloys Ltd,-,Rayagada
D A V Public School,1530058,"Sadananda Vihar Gosaninuagaon Berhampur, Distt Ganjam Orissa",760003,680,2223631,0680-2222971,-,principal@davberhampur.org,www.davberhampur.org,1989,Deep Gambhir,Senior Secondary,Dav College Trust& Management Soc.,-,Ganjam
D A V Public School,1530020,"Parabdeep Phasphets Ltd Ppl Township, Paradeep Distt Jatsinghpur, Orissa",754145,6722,229623,229210,229623,santanukumardas40@gmail.com,-,1988,Santanu Kumar Das,Senior Secondary,Dav College Trust Management Societ,-,Jagatsinghpur
D A V Public School,1530006,"Unit 8 D A V Bhawan Bhubaneshwar, Distt Khurda, Orissa",751012,674,"2391328, 405276",2391723,2395276,dasipsita67@gmail.com,http://www.davunit8.org,1981,Ipsita Das,Senior Secondary,Dav College Managindg Committee N D,-,Khurda
D A V Model Senior Secondary School,1530017,Jeypore Koraput Distt Orissa,764001,685,241137,6854230627,685424113,rabindranarayan2@rediffmail.com,-,1970,Rabindra Narayan Panigrahi,Senior Secondary,Managing Committee,-,Koraput
D A V Public School,1530033,"Water Works Road,puri Orissa",752002,6752,222208,06752-229860,221844,itu.dav@gmail.com,-,1988,Sangeeta Patnaik,Secondary School,Seva Foundation,-,Puri
D A V Public School,1530030,At &p.o Bandhebahal Via Belpahar Distt Jharsuguda Orissa,768211,6645,233235,9430755435,-,anupama1960@gmail.com,-,1991,Anupama Nath,Senior Secondary,Dav Collge Managing Committee Delhi,-,Jharsuguda
D.A.V. Public School,1530140,"Park Line Dayananda Marg,po/dist:-keonjhar",758001,6766,253641,-,-,davps.kjr@gmail.com,-,1983,Trilochan Satapathy,Secondary School,D.a.v.school Managing Commitee,-,Keonjhar
"D.A.V Public School,Ntpc,Deepshikha,Kaniha",1530029,"Ntpc, Deepshikha, Kaniha Dist- Angul Orissa-759147",759147,676,06760243713,-,-,davntpc2016@gmail.com,www.davntpckaniha.in,2016,Mr. Laxmi Kanta Debta,Senior Secondary,Dav College  Trust & Management Society,-,Angul
D.A.V. Public School,1530176,"Plot No-3679,garage Chhack,puri Road,bhubaneswar-751002,post-oldtown,p.s-lingaraj,dist-khurda,orissa.",751002,91,9861624466,-,-,slmohanty49@gmail.com,-,1992,Soubhagya Laxmi Mohanty,Secondary School,Dayanand Education Trust,-,Khurda
D.A.V. Public School,1530121,"Kalinga Nagar,  Bhubaneswar, Distt Khurda, Orissa",751003,674,2386185,622883,-,sahoobk8@gmail.com,-,1997,Bipin Kumar Sahoo,Senior Secondary,D.a.v. College Trust & Management Society,-,Khurda
D A V Public School,1530047,Near Basanti Colony Rourkela Distt. Sundergarh Orissa,769012,661,2420047,6612504115,2504114,dav_rourkela12@rediffmail.com,-,1990,Lokanath Pradhan,Senior Secondary,Lakshmi Educational & Health Care Charitable Trust,-,Sundargarh
Jawahar Navodaya Vidyalaya,1540003,Kolabnagar Distt Koraput Orissa,764011,6852,251972,-,-,lpp1808@gmail.com,-,1986,Lingaraj Prasad Pattanayak,Senior Secondary,Navodaya Vidyalaya Samiti,-,Koraput
Jawahar Navodaya Vidyalaya,1540030,"At Po Lathipada, Distt Nayagarh",752079,6753,253267,-,-,str.jnv64@gmail.com,-,2008,Syed Tafizul Rahman,Senior Secondary,Nvs,-,Nayagarh
Jawahar Navodaya Vidyalaya,1540010,Nupada At & P O Nupada Orissa,766105,6678,211211,3618,-,pkpanda.48@rediffmail.com,-,1987,Pradip Kumar Panda,Senior Secondary,Navodaya Vidyalaya Samiti,-,Nuapada
Jawahar Navodaya Vidyalaya,1540015,Po Thakur Patra Distt Kandrapara Orissa,124302,6727,274802,86139,-,sudash_rnd@rediffmail.com,-,1987,Sudhansu Kumar Dash,Senior Secondary,Navodaya Vidyalaya Samiti,-,Kendrapara
Jawahar Navodaya Vidyalaya,1540023,Boudh At Jd High School Hostel Boudh Po & Distt Boudh Orissa,451550,6841,9938416477,264450,-,atulkumarray@yahoo.co.in,-,1993,Atul Kumar Ray,Senior Secondary,Navodaya Vidyalaya Samiti,-,Boudh
Jawahar Navodaya Vidyalaya,1540012,Saranh Distt Dhenkanal Orissa,759146,6768,267135,22543,-,nckar2008@gmail.com,-,1986,Nrusingha Charan Kar,Senior Secondary,Navodaya Vidyalaya Samiti,-,Dhenkanal
Jawahar Navodaya Vidyalaya,1540018,At Po Paralakhemundi Gajapati Orissa,761200,6815,215215,86139,-,rajendra.bezzam555@gmail.com,-,1988,B  Rajendra  Rao,Senior Secondary,Navodaya Vidyalaya Samiti,-,Gajapati
Jawahar Navodaya Vidyalaya,1540021,At/po Khatiguda Distt Nabarngpur Orissa,764085,6858,224361,86139,-,srikant.rath2012@gmail.com,-,1993,Srikanta Rath,Senior Secondary,Navodaya Vidyalaya Samiti,-,Nabarangpur
Jawahar Navodaya Vidyalaya,1540011,Salbani P.o Dhanpur Via K C Pur Dist.. Mayurbhanj Orissa,757029,6793,212531,2291,-,moharana59@gmail.com,-,1988,Anadi Charan Moharana,Senior Secondary,Navodaya Vidyalaya Samiti,-,Mayurbhanj
Jawahar Navodaya Vidyalaya,1540024,Malkhangiri At Jr Science College Po Malkangiri Colony So Distt Malbangiri Orissa,764048,6861,231488,2758565,7823233747,tvsprakasarao@gmail.com,http://www.pallottischool.com,1988,Tvs Prakasa Rao,Senior Secondary,Nvs,-,Malkangiri
Jawahar Navodaya Vidyalaya,1540020,Jharsuguda Jharsuguda Engg Sch Campus Po Kali Mandir Road Distt Jharsuguda Orissa,768202,6645,214644,86139,-,dikshyajyoti123@gmail.com,-,1988,Dikshyajyoti Mishra,Senior Secondary,Navodaya Vidyalaya Samiti,-,Jharsuguda
Jawahar Navodaya Vidyalaya,1540013,Chiplima Distt (goshala) P O Kalamati Via Godbhanga Sambalpur Orissa,768111,663,"9776424275, 430809",9856157149,-,bidyasen@yahoo.com,-,1987,Bidyasen Pattnaik,Senior Secondary,Navodaya Vidyalaya Samiti,-,Bargarh
Jawahar Navodaya Vidyalaya,1540016,At Po Tarbha Distt Sonepur Orissa,767016,6654,246285,28710,-,ramajorhat@rediffmail.com,-,1992,T Ramalingam,Senior Secondary,Navodaya Vidyalaya Samiti,-,Sonepur
Jawahar Navodaya Vidyalaya,1540002,Hadagarh Distt Keonjhar Issa,758023,6731,279066,28710,-,jnv.keonjhar@gmail.com,-,1986,Sachidananda Sharma,Senior Secondary,Navodaya Vidyalaya Samiti,-,Keonjhar
Jawahar Navodaya Vidyalaya,1540001,Pilla Salki Dam Site Tudipaju Distt. Phulbani Orissa,762002,684,"211428, 53225",-,-,chaluvadisekharbabu@gmail.com,-,1986,Chaluvadi  Sekhar Babu,Senior Secondary,Navodaya Vidyalaya Samiti,-,Phulbani
Jawahar Navodaya Vidyalaya,1540019,Bissam Cuttack Rayagada Orissa,765019,686,247200,6863247300,686324730,vali-shaikmastan@yahoo.com,-,1993,Shaik Mastan Vali,Senior Secondary,Navodaya Vidyalaya Samiti,-,Rayagada
Jawahar Navodaya Vidyalaya,1540014,At Fci P O Vikrampur Distt Angul Orissa,759106,6764,283100,2291,-,rudraprasad44@rediffmail.com,-,1988,Rudra Prasad Sahoo,Senior Secondary,Navodaya Vidyalaya Samiti,-,Angul
Jawahar Navodaya Vidyalaya,1540005,P O.zinc Nagar Sundergarh Orissa,770072,6621,288569,-,-,tjtomy63@gmail.com,-,1987,T J Tomy,Senior Secondary,Navodaya Vidyalaya Samiti,-,Sundargarh
"Jawahar Navodaya Vidyalaya-2, Balimela",1540031,"Ohpc Road, Near Occ Office, Post- Balimela,dist. Malkangiri,pin-764051",764051,686,06861232838,-,-,jnv2malkangiri@gmail.com,www.jnv2malkangiri.nic.in/,2011,Mr.  P Sai Subba Rao,Senior Secondary,Navodaya Vidyalaya Samiti,-,Malkangiri
Jawahar Navodya Vidyalaya,1540017,Konark Puri At Erbang Po Birtung Issa,752116,6758,236588,6758236599,675823658,dmr-dbr@yahoo.co.in,http://www.jnvpuri.nic.in,1993,D Malleswara Rao,Senior Secondary,Nvs,-,Puri
Jindal English Medium  School,1530096,Soyabali Barbil Distt Keonjhar Orissa,785035,6767,"247082, 277377",06767-248116,-,gkishore@jindalsteel.net,-,1981,Ms.sangeeta Rani Das,Senior Secondary,Jindal Education & Welfare Soc,-,Keonjhar
Johari Mall High School,1530032,Ganesh Ghat P.o. Cuttack Orissa,753002,671,2368202,-,-,pcpattnaik08@gmail.com,-,1988,Prabodh Chandra Pattnaik,Secondary School,Army Welfare Education Society,-,Cuttack
Jupiter International School,1530312,"Prajukti Vihar, Aurobindo Marg, Barijhola Road, Rayagada",765002,-,8895234744,-,-,jisrgda@gmail.com,www.jisrgda.com,2017,Dr. Ashok Kumar Mishra,Senior Secondary,Rabindranath Educational Trust,-,Rayagada
Jupiter Public School,1530235,"Gangapada, Jatni",752054,674,7537073330,-,-,jpsgangapada@gmail.com,http://www.jupiterpublicschool.com/,2014,Mrs. Nirupama Patra,Senior Secondary,Balarampandamemorialcharitabletrust,-,Khurda
K C Public School,1530116,Tata Benz Square,760005,680,06802221154,-,-,kcpublicschool@gmail.com,kcps.edu.in,1984,Mr. A  K Mishra,Senior Secondary,K C Trust,-,Berhampur
Kalinga English Medium School,1530178,"At/po- Kalarabank, Via - Raghunathpur, Dist - Cuttack",754132,671,267452,-,-,ashutosh.mohanty66@gmail.com,-,2007,Ashutosh Mohanty,Secondary School,Management Commettee Of Kalinga English Medium School,-,Cuttack
Kanak Manjari International School,1530301,"Chhend Colony, Rourkela-15, Dist- Sundargarh, Odisha, Pin-769015",769015,-,06612480758,-,-,kmisrourkela@gmail.com,www.kmis.in,2013,Mr. Prasant Kumar Behera,Secondary School,Kanak Manjari Institute Of Pharmaceutical Sciences,-,Sundargarh
Kantabanji Lions Public School,1530083,At Po Kantabanji Distt Bolangir Orissa,767039,6657,"221809, 21809",6657221809,665722090,klps.school@yahoo.in,-,1994,V V R Murty,Senior Secondary,Kantabani Lions Pub Sch Mg Committe,-,Balangir
Kca Public School,1530284,"At- Junia Po- Jageswarpada, Ps- Khantapada, Dist- Balasore, Orissa",756044,-,06788237009,-,-,kcapublics@gmail.com,www.kcaeducate.org,2009,Mr. Jayanta Kumar Hota,Senior Secondary,Kishan Chandra Foundation Trust,-,Balasore
Kendrapara Public School,1530191,"Tinimuhani,dist-kendrapara",754211,6727,220305,117066,-,kpskdp08@gmail.com,-,2008,Bijay  Kumar Jena,Senior Secondary,Managing Committee Of  Kendrapara Public School,-,Kendrapara
Kendriya Vidyalaya,1500028,Nac Guest House Building Po & Post Angul Orissa,759122,6764,231282,36493,-,kvno1angul2019@gmail.com,www.kvntpckaniha.g,1994,Ram Prakash Dwivedi,Senior Secondary,Kendriya Vidyalaya Sangathan,-,Angul
Jyothi Convent School,1530286,"At Gelpur, Via Madhav Nagar, Dist Bhadrak",756181,-,8658535858,-,-,jcsbhadrak@outlook.com,-,2011,Mr. Bino Thomas,Secondary School,Roman Catholic Diocese Of Balasore,-,Bhadrak
Kendriya Vidyalaya,1500027,"Ntpc, Kaniha Deepshikha Distt Angul Orissa",759147,6760,"243658, 52419",-,-,principalkvntpckaniha@gmail.com,www.kvntpckaniha.org,1994,Dhananjay Prasad Sharma,Senior Secondary,K V S,-,Angul
Kendriya Vidyalaya,1500006,Professor Colony Indira Gandhi Marg Balasore Orissa,756001,6782,262175,21187,-,skbpgt@gmail.com,-,1985,Saroj Kumar Behera,Senior Secondary,Kendriya Vidyalaya Sangathan,-,Balasore
Kendriya Vidyalaya,1500037,"Bhadrak At Korkora Road, Spo Arnapal, Bhadrak, Orissa-756 116",756116,6784,240600,9438488662,-,kvbhadrak@gmail.com,-,1986,Mrs. Sujata Mishra,Senior Secondary,Kendriya Vidyalaya Sangathan,-,Bhadrak
Kendriya Vidyalaya,1500030,Bargarh At/po Bardol Distt Bargarh Orissa,768038,6646,246092,33401,3879261208,sbkmishra09@gmail.com,http://www.kvnhpclok.g,1996,Balkrishna Mishra,Senior Secondary,Kendriya Vidyalaya Sangathan N Del,-,Bargarh
Kendriya Vidyalaya,1500018,Ordnance Factory Badmal   Dist Balangir Orissa,767770,6655,"250110, 63294",27049209,-,vijaymishrakv@gmail.com,http://www.kvsvdelhi.com,2003,Vijay Kumar Mishra,Senior Secondary,Kendriya Vidyalaya Sangathan,-,Balangir
Kendriya Vidyalaya,1500039,"At/po Boudh, Distt. Boudh, Orissa",762014,6841,223222,-,-,boudhkv@gmail.com,-,1986,Saroj Kumar Behera,Senior Secondary,Kendriya Vidyalaya Sangathan,-,Boudh
Kendriya Vidyalaya,1500043,"Cisf Mundali, P.o. Mundali, Distt. Cuttack, Odisha",754006,671,2879570,9937187475,-,principalkvcisfmundali@gmail.com,-,1965,Ananta Kumar Seet,Secondary School,Kendriya Vidyalaya Sangathan,-,Cuttack
Kendriya Vidyalaya,1500045,"Deogarh, Govt Girls High School Campus, Deogarh, Distt. Deogarh, Odisha",768108,6641,226055,9439049299,-,biplabsarkar188@gmail.com,-,1984,Biplab Sarkar,Senior Secondary,Kendriya Vidyalaya Sangathan,-,Deogarh
Kendriya Vidyalaya,1500044,"Bhanja Nagar, At- K.s.u.b. College, Old Hostel Campus, Bhanja Nagar, Distt. Ganjam, Odisha",761126,6821,240640,9437633066,-,almeena64@gmail.com,-,1977,Amrit  Lal  Meena,Secondary School,Kendriya Vidyalaya Sangathan,-,Ganjam
Kendriya Vidyalaya,1500040,"Digapahandi, Ganjam, Odisha",761012,681,247177,8895841122,-,skpatrakvd@gmail.com,-,2009,Sanjeev Kumar Patra,Secondary School,Kendriya Vidyalaya Sangathan,-,Ganjam
Kendriya Vidyalaya,1500036,"Gajapati, At-betaguda, Post-jammi, Via Parlakhemundi, Dist, Gajapati, Odisha",761201,8615,9437195775,-,-,jeraldkvs@gmail.com,-,1986,Jerald Arul,Senior Secondary,Kendriya Vidyalaya Sangathan,-,Gajapati
Kendriya Vidyalaya,1500001,Berhampur New Engineering School Distt Ganjam Orissa,760010,680,2404086,-,-,ashokmishra24@yahoo.com,-,1966,Ashok Kumar Mishra,Senior Secondary,Kendriya Vidyalaya Sangathan,-,Ganjam
Kendriya Vidyalaya,1500054,"Aska, At Dhobadi, Po, Kumbhari, Distt. Ganjam, Odisha",761111,682,2272223,9486862008,-,kvaska2010@gmail.com,-,2009,K S P Rao,Secondary School,Kendriya Vidyalaya Sangathan,-,Ganjam
Kendriya Vidyalaya,1500024,Gopalpur Military Station P.o.golabandha Distt.ganjam Orissa,761052,680,2343230,27049209,-,biraja62@gmail.com,http://www.kvsvdelhi.com,1994,Biraja Mishra,Senior Secondary,K V S,-,Ganjam
Kendriya Vidyalaya,1500041,"Jajpur At, Akarpeda Po Sidharpur Via Chitalo Dt Jajpur Odisha-755062",755007,6728,222260,8337999700,-,kamaljeet_7871@yahoo.com,-,1986,Kamal Jeet,Senior Secondary,Kendriya Vidyalaya Sangathan,-,Jajpur
Kendriya Vidyalaya,1500007,Paradip Port Distt Jagatsinghpur Orissa,754142,672,2222243,6722222791,223855,ajayasahookv@gmail.com,http://www.kvparadip.org,1974,Ajaya Kumar Sahoo,Senior Secondary,Kendriya Vidyalaya Sangathan,-,Jagatsinghpur
Kendriya Vidyalaya,1500029,Bhawanipatna Distt Kala Handi Orissa,766001,6670,233401,33401,3879261208,b_n_das2001@yahoo.com,http://www.kvnhpclok.org,1988,Biranchi Narayan Das,Senior Secondary,Kendriya Vidyalaya Sangathan N Del,-,Kalahandi
Kendriya Vidyalaya,1500038,"At Old Ajo High School Campus, Near Office Of The C.i. Of Schools, Main Road, Phulbani, Distt. Kandhmal, Orissa",762012,6842,255335,-,-,kvkdml@gmail.com,-,1986,Santosh Kumar Bal,Senior Secondary,Kendriya Vidyalaya Sangathan,-,Kandhamal
Kendriya Vidyalaya,1500013,Charbatia Cuttack Distt Orissa,754028,671,2494229,-,-,emahesh2212@gmail.com,-,1984,Mahesh Kumar  Kumawat,Senior Secondary,Kendriya Vidyalaya Sangathan,-,Cuttack
Kendriya Vidyalaya,1500008,Khurda Road P O Jatni Khurda Distt Orissa,752050,674,2490654,3879261208,3879261208,patnaikbsp@gmail.com,http://www.kvnhpclok.g,1975,Bighneswar Patnaik,Senior Secondary,Kendriya Vidyalaya Sangathan,-,Khurda
Kendriya Vidyalaya,1500049,"Kendrapara, At Gualsingh, P.o., Thakurpatna, Near D.s. Law College, Distt. Kendrapara, Odisha",754250,672,221303,22344849,-,pc_ratha@rediffmail.com,-,1974,P C Ratha,Senior Secondary,Kendriya Vidyalaya Sangathan,-,Kendrapara
Kendriya Vidyalaya,1500031,"Old Town, Keonjhar, Orissa",758002,6766,"9437011948, 254817",250511,-,prasaddpanda@yahoo.com,-,1996,D P Panda,Senior Secondary,Kendriya Vidyalaya Sangathan N Del,-,Keonjhar
Kendriya Vidyalaya,1500009,P O Koraput Koraput Distt Orissa,764020,685,250387,50449,-,arabindabiswal1973@gmail.com,-,1975,Arabinda Biswal,Senior Secondary,Kendriya Vidyalaya Sangathan,-,Koraput
Kendriya Vidyalaya,1500034,"Malkangiri. Distt. Malkangiri, Orissa",764048,6861,231166,-,-,principalmalkangiri@yahoo.in,-,1986,Bijay Ketan Pradhan,Senior Secondary,Kendriya Vidyalaya Sangathan,-,Malkangiri
Kendriya Vidyalaya,1500050,"Mahuldiha, Rairangpur, At/po, Rairangpur, Ps Rairangpur, Distt. Mayurbhanj, Odisha",757043,6794,222994,8575319335,-,rpsah152@gmail.com,-,2008,Rajendra Prasad Sah,Secondary School,Kendriya Vidyalaya Sangathan,-,Mayurbhanj
Kendriya Vidyalaya,1500019,Baripada Distt Mayurbhanj Orissa,757107,6792,278160,27049209,-,principalkvbpd@gmail.com,http://www.kvsvdelhi.com,1987,Damodar Pati,Senior Secondary,Kendriya Vidyalaya Sangathan,-,Mayurbhanj
Kendriya Vidyalaya,1500022,Nad Sunabeda Distt Koraput Orissa,763004,6853,274077,-,-,KVSUNABEDA@GMAIL.COM,-,1989,A N Meher,Senior Secondary,Kendriya Vidyalaya Sangathan,-,Koraput
Kendriya Vidyalaya,1500051,"Murgabadi, Baripada, Po Bhanjpur, Distt. Mayurbhanj, Odisha",757002,6792,260176,23706,-,bhupe1977@gmail.com,-,1964,Bhupesh Kumar Swami,Secondary School,Kendriya Vidyalaya Sangathan,-,Mayurbhanj
Eklavya Model Residential School,1520001,"At/po Ranki Via Old Town , Distt. Keonijhar, Odisha",758002,6766,9238727170,34018,-,emrsranki@gmail.com,-,1995,Pitambar Palei,Senior Secondary,N V S,-,Keonjhar
Eklavya Model Residential School,1520007,"At Pungarpo Kanduli Via, Semiliguda Distt Korapat, Orissa",770040,6853,250133,-,-,golakha.malik@gmail.com,-,1991,Golakha Chandra Malik,Senior Secondary,Navodaya Vidyalaya Samiti,-,Koraput
Eklavya Model Residential School,1520008,"At-siriguda, Po Haluadistt Rayagada",765002,6856,222051,-,-,santosh120278@gmail.com,-,1991,Santosh Kumar Patra,Senior Secondary,Navodaya Vidyalaya Samiti,-,Koraput
Eklavya Model Residential School,1520009,"Nuapada Khariar Distt Nuapada, Orissa",766105,6678,211018,-,-,pkraiguru@gmail.com,-,1985,Prasant Kumar Raiguru,Senior Secondary,Shri Sajjan Singh Shiksha Samiti,-,Nuapada
Eklavya Model Residential School,1520003,"Hirli Po Agnipur Distt. Nabarang Pur, Orissa",764059,6858,223900,34018,-,rajemrs007@yahoo.com,-,1995,Rajendra Prasad Mohapatra,Senior Secondary,N V S,-,Nabarangpur
Eklavya Model Residential School,1520005,"Dhalghera At/po Dhangira Via-b.c. Pur, Distt. Mayur Bhanj, Orissa",757087,7252,9438469246,34018,-,dhang_2000@rediffmail.com,-,1995,Ambika Prasad Padhy,Senior Secondary,N V S,-,Mayurbhanj
Eklavya Model Residential School,15210,Bhawani Pur Po Kirei Distt. Sundargarh,770073,-,-,-,-,-,-,1991,Suresan Prusty,Senior Secondary,Ministry Of Tribal Affairs,-,Sundargarh
Eklavya Model Residential School,1520006,"At/po Sardhapur Pslahuni Para, Sundergarh, Orissa",770040,662,5232691,-,-,antrayamimishra@gmail.com,-,1991,Antaryami Mishra,Senior Secondary,Navodaya Vidyalaya Samiti,-,Sundargarh
Eklavya Model Residential School,1520013,"Champa Nagar, Malkangiri, Issa",764048,6861,230548,-,-,prpanda1979@gmail.com,-,-,Prafulla Kumar Panda,Senior Secondary,-,-,Malkangiri
Eklavya Model Residential School,1520010,"Bhawani Pur, P.o.-kirei, Distt. Sumdergarh",770073,6622,273057,-,-,sudarsanswain53@gmail.com,-,1991,Sudarsan Swain,Senior Secondary,Navodaya Vidyalaya Samiti,-,Sundargarh
Emil Dav Public School,1530226,"Jilling Township,jilling, Jajang, Jurudi",758034,6767,06767-279230,-,-,davomcjilling@gmail.com,http://www.emildav.com,-,Mr. Nilakantha Rout,Secondary School,-,-,Keonjhar
El Nissi Mission School,1530090,Zion Nagar Dharam Garh Distt Kalahandi Orissa,766015,667,2242596,242396,-,eramiyasvaz@gmail.com,-,1980,Eramiyas Vaz C,Senior Secondary,Philadelphia Ministries & Chari Tr,-,Kalahandi
Freedom International School,1530198,At - Nandola (gangapur) Bhatapada Salipur Cuttak,754200,671,"9437414418,9937600291",-,-,fisodisha@gmail.com,http://www.fisodisha.org,2013,Mrs.rahmita  Mishra,Senior Secondary,Al-noor Educational Trust,-,Cuttack
Eklavya Model Residential School,1520004,"At Laing(mandira Dam)po Laing Colony Distt.sundergarh, Orissa",770034,6624,280342,34018,-,emrslaing.ppl@rediffmail.com,-,1995,Ladu Kishore Misra,Senior Secondary,N V S,-,Sundargarh
Future Bhubaneswar School,1530156,"36, Chandaka I.e.,patiabhubaneswar-751024",751024,674,6050501,-,0674-2725312,mathewp_thomas@yahoo.com,http://www.fbs.org.in,2008,Mathew Thomas,Senior Secondary,Future Focus Initiative,-,Khurda
Gandhi Public School,1530125,"Sriramalingeswar Temple Avenue, Rayagada, Orissa",765022,6857,251697,1204319055,4319066,mohanty_jb@yahoo.com,-,1995,Mr. Subrat Ranjan Pathi,Senior Secondary,Sacst,-,Rayagada
Gautam Budha International School,1530293,"At/po-dandipur,ps-balanga,dist-puri,odisha",752105,-,7873655930,-,-,prafullananda.npr@gmail.com,-,2011,Mr. Prafulla Kumar Nanda,Secondary School,Gautam Budha International School Foundation,-,Puri
Gayatri Central Academy,1530374,"Po-musakhori, Ps -patna",758020,-,9556257112,-,-,gayatricapatna612@gmail.com,www.gaytricentralacademy.com,-,Subhasis Rath,Secondary School,Child And Youth Welfare Society And Educational Trust,-,Keonjhar
Gayatri Residential English Medium School,1530236,At/po- Kesaibahalps- Mahulpali,768228,-,06642225429,-,-,principal.grems.kbl@gmail.com,http://www.grems.in,2010,Mr.gregory Michael Hasda,Senior Secondary,"Gayatri Trust, Kesaibahal",-,Sambalpur
Gayatri Smart School,1530265,"At-sudhasadangi Po-brahmansadandi,p/s Balianta,dist Khordha-752100",752100,-,9437007103,-,6742433114,uttamkumar9009@gmail.com,gayatrischools.com,2016,Mr. Upendra Panigrahi,Senior Secondary,Gayatri Educational Trust,-,Khurda
Ghanshyam Hemlata Vidya Mandir,1530088,Balijhori At Debadihi Po & Distt Jharsuguda Orissa,760003,6645,270738,9437411710,2384512,principal_ghvm@rediffmail.com,-,1989,Bilwa Sarkar,Senior Secondary,Ghanshyam Hemlata Vidya Mandir Soc,-,Jharsuguda
Glorious English Medium School,1530173,"Dala, Jajpur Road,jajpur",755019,6726,9437702249,-,6726222949,cdpani06@rediffmail.com,-,1994,Chakradhar Pani,Secondary School,Glorious English Medium School,-,Jajpur
Ghanashaym Hemalata Vidya Mandir,1530063,R J Vihar Po Chhaitana Puri Orissa,752002,652,246466,22034,01285-271462,ghvm.puri@gmail.com,http://www.devyaniinternation.com,1995,Sanjukta Das,Senior Secondary,Ghanashyam Hemalata Vidya Mandir So,-,Puri
"Gmr Varalakshmi Dav Public School ,",1530213,At/po-kamalanga Dhenkanal,759121,673,2212507,-,-,ahalyabaisahoo@gmail.com,http://www.gmrvdavpsdkl.org/,2011,Ahalya Bai Sahoo,Secondary School,"Dav Cmc , New Delhi",-,Dhenkanal
Green Field School,1530024,P O Palaspanga Distt. Keonjhar Orissa,758031,6766,235581,6766235214,676623531,arunndash@gmail.com,-,1981,Aruna Kumar Dash,Secondary School,Aeronautics Education Society Hal,-,Keonjhar
Gouri Shankar Residential School,1530051,Shriram Nagar Bhubneshwar Distt Khurda Orissa,751002,674,2343184,228379,111704,bntripathy1965@gmail.com,-,2003,Biranchi Narayan Tripathy,Senior Secondary,G S E S Managing Commmittee,-,Khurda
Green Valley Public School,1530093,At Penta Po J K Pur Distt Rayagada Orissa,765017,91,7978212370,2760765,-,principalgvps245@yahoo.com,-,1992,Gouri Prasad Satapathy,Senior Secondary,Green Valley P S Managing Committee,-,Rayagada
Guidance English Medium School (Residencial),1530106,"Plot No. 1125/1,phase-1,dumuduma Housing Board Colony, Bhubaneswar, Orissa",751019,674,2471666,-,-,gemsbbsr@yahoo.co.in,gemsbbsr@yahoo.co.in,1988,Suhasini Pattanaik,Senior Secondary,Guidance English Medium School,-,Khurda
Guru Nanak English Medium Public School Ii,1530304,"Gudiapkhari,sangulai Sasan,pipili,puri, Odisha 752104",752104,-,06742395854,-,-,gnps2bbsr@gmail.com,www.gnps2bbsr.in,2019,Mrs. Madhumita Sahoo,Secondary School,Guru Nanak English Medium Public School Managing Committee,-,Puri
Guru Nanak Public School,1530007,At & Po Khetrajpur Sambalpur Distt Orissa,768003,663,2522690,-,-,dashrabindran@gmail.com,-,1975,Rabindra Nath Dash,Senior Secondary,Indore Education & Cul Centre,-,Sambalpur
Guru Nanak Public School,1530205,"Kaliaboda, Sikharpur , Cuttack",753003,-,9238108326,-,6712491036,sanchita2764@gmail.com,-,1989,Sanchita Mohanty,Secondary School,Managing Committee Of Guru Nanak Public School,-,Cuttack
Guru Nanak Public School,1530128,"Naya Bazar, Sector-21, Rourkela-769001, Dist-sundergarh, Orissa",769001,661,2601171,9938411234,0661-2601171,gnps21rkl@gmail.com,http://www.gpsrkl.edu.in,2000,Dr. Manveen Kaur Chadha,Senior Secondary,Guru Nanak Public School Managing Committee,-,Sundargarh
Gurukul International Public School,1530283,"Goods Shed Road, Lanjipalli, Berhampur, Dist:ganjam (odisha)",760008,-,9937885234,-,-,info.gurukulinternational@gmail.com,www.gurukulinternational.net,2012,Mrs. Madhusmita Parida,Senior Secondary,"Goods Shed Road, Lanjipalli, Berhampur, Ganjam, Odisha-760008",-,Ganjam
Gurukrupa Public School,1530375,"Main Road, At/po- Umerkote",764073,-,-,-,-,gurukrupa.umerkote@gmail.com,https://www.gurukrupapublicschool.com,-,-,Secondary School,Gurukrupa Educational And Charitable Trust Umerkote,-,Nabarangpur
Gurukul Public School,1530241,At/po:haridaspur,755024,6725,9437161973,-,-,gurukulpublicschooljajpur@gmail.com,www.gpscodisha.com,2014,Miss Arati Mishra,Senior Secondary,Sai Learning Trust,-,Jajpur
Gyanajyoti Public School,1530210,"Sector-19, Rourkela, Orissa,769005",769005,661,8093355884,-,-,gpsrkl.principal@gmail.com,http://www.gpsrkl.ac.in,2008,Mr. Jaladhar Mohapatra,Secondary School,Gyana Jyoti Charitable Trust,-,Sundargarh
Gyanjyoti Kanchanben Rasiklal Vidyalaya,1530145,At-godtor.po-maulibhata.dist-nuapada,766107,707,7955923,-,-,lsrinu_05@yahoo.com,www.krdct.com,2000,L Srinivasa,Senior Secondary,"Gyanjyoti Kanchanben Rasiklal Viyalaya Managing Committee, Nuapada",-,Nuapada
H.A.English School,1530231,"Aminabad, Near Ashiyana Colony",770036,661,2612061,-,6612612626,principal.haes@gmail.com,http://www.uewtrkl.com,2007,Saroj Kumar Das,Secondary School,Ummah Educational And Welfare Trust,-,Sundargarh
Gyanjyoti Kanchanben Rasiklal Vidyalaya,1530369,"At.po. - Khariar Road, Dist. - Nuapada",766104,-,09178522272,-,-,gkrvidyalaya@gmail.com,http://gyanjyotikrvidyalaya.com,-,Prabhat Kumar Sahoo,Secondary School,Kanchanben Rasiklal Dholakia Charitable Trust,-,Nuapada
Hariharananda Balashram,1530184,"At- Arua, Po-kadaliban, Via-chaudakulat",754222,91,9437343853,-,-,principalbalashram@gmail.com,http://www.hariharanandabalashram.org,2004,Sunita Devi,Senior Secondary,Prajnana Mission,-,Kendrapara
Harobino Vidya Bhavan,1530021,Hill Patna Berhampur Distt Ganjam Orissa,760005,680,2220599,9337502020,-,harobino@gmail.com,-,1982,Sunita Singh,Secondary School,Registered Private Charitable Trust,-,Ganjam
Hi-Tech Public School,1530248,"Hi-tech Medical Collage And Hospital Campus,health Park,pandara, Rasulgarh , Bhubaneswar - 751025",751025,-,0674-2371098,-,-,schoolhitechpublic@gmail.com,-,2004,Mrs.rita Tripathy,Senior Secondary,Vigyan Bharat Charitable Trust,-,Khurda
Hind Zinc Vidyalaya,1530174,Principalhind Zinc Vidyalayaat/p.o-zinc Nagarsargipalidist.sundargarhpin-770072,770072,91,9437221097,-,-,gnsahay1947@gmail.com,-,1979,Girija Nandini Sahay,Secondary School,Hind Zinc Managing Committee,-,Sundargarh
Holy Angel Convent School,1530080,Vip Road Gopalpur On Sea Ganjam Orissa,761002,680,2343822,0680-3208229,2343822,princiapal.holyangel@hotmail.com,www.holyangelgroup.co.in,1998,Arati Sahu,Senior Secondary,Holy Angel Convent School M Comm,-,Ganjam
"Hi-Tech Public School, Bhawanipatna",1530237,"Hi-tech Public School, Bhawanipatna Duarseni Bhawanipatna",766001,-,06670230961,-,-,htpsbhawanipatna@yahoo.in,htpsbhawanipatna.in,2010,Mrs. Alpana Pattanayak,Senior Secondary,Maa Durga Trust,-,Kalahandi
Imst English Medium Nursery & High School,1530026,Malkangiri Colony P.o. Malkangiri Distt. Orissa,764048,6861,230239,9337502020,-,imstmkg@gmail.com,-,1982,Ivy Primrose,Secondary School,Sikh Educational Society,-,Malkangiri
I D M Public School,1530201,"At-bagbhadi, Bolangir",767002,665,234332,-,-,shashiarchis@gmail.com,-,2010,Rajlaxmi Panda,Senior Secondary,I D M Publicschool Managing Committee,-,Balangir
Indian Public School,1530152,"C/o Principal,indian Public School,remed Khetarajpur-road Remed Sambalpur ,orissa",768006,663,6061005,-,-,ipssbp75@gmail.com,http://www.ipsgroups.in/,2009,Pooja Singh,Senior Secondary,K.s.dalmia Education Trust,-,Sambalpur
Jawahar Navodaya Vidyalaya,1540007,Bagudi P.o. Mahumuhan Distt Balasore Orissa,756045,6788,242205,-,-,ARATIPATTANAYAK2012@GMAIL.COM,-,1987,Arati Pattanayak,Senior Secondary,Navodaya Vidyalaya Samiti,-,Balasore
Jawahar Navodaya Vidyalaya,1540029,P O Paikmal Distt Bargarh Orrisa,768039,668,4211782,-,-,sobhanbabu2007@gmail.com,-,1992,T Sobhan Babu,Senior Secondary,Society Of The Catholic Apostolate,-,Bargarh
Jawahar Navodaya Vidyalaya,1540028,"At/post Biras, Via-basudevpur, Distt Bhadrak, Orissa",756125,6784,215599,-,-,sangitajaiswal08@gmail.com,-,1992,Sangeeta Jaiswal,Senior Secondary,Navodaya Vidyalaya Samiti,-,Bhadrak
Jawahar Navodaya Vidyalaya,1540008,P O Belpada Distt Balangir Orissa,767026,6658,264438,8437,-,pra30sad@gmail.com,-,1987,V Prasad,Senior Secondary,Navodaya Vidyalaya Samiti,-,Balangir
Jawahar Navodaya Vidyalaya,1540026,"Deogarh Distt., Orissa",768108,6641,212200,-,-,mr.tkcjnv@gmail.com,-,1992,T K Chattopadhyay,Senior Secondary,Navodaya Vidyalaya Samiti,-,Deogarh
Jawahar Navodaya Vidyalaya,1540004,Mundali Distt Cuttack Orissa,754006,671,2879522,-,-,rrsinghita@rediffmail.com,-,1986,Ramraj Singh,Senior Secondary,Navodaya Vidyalaya Samiti,-,Cuttack
Jawahar Navodaya Vidyalaya,1540009,Surangi Distt Ganjam Orissa,761037,680,2621128,22543,-,gmbabu1960@gmail.com,-,1987,G M Babu,Senior Secondary,Navodaya Vidyalaya Samiti,-,Ganjam
Jawahar Navodaya Vidyalaya,1540025,"At/post Panikoili, Distt. Jajpur, Orissa",755043,6726,240011,-,-,sktppl11@gmail.com,-,1992,Saroj Kumar Tripathy,Senior Secondary,Navodaya Vidyalaya Samiti,-,Jajpur
Jagatsinghpur Public School,1530247,At/po- Jagatsinghpur,754103,-,06724221451,-,-,bkrath2014@gmail.com,-,1983,Missrajashree Ray,Secondary School,Jagatsinghpur Public School Managing Committee,-,Jagatsinghpur
Jawahar Navodaya Vidyalaya,1540027,"At/post, Rahama, Distt. Jagatsingpur, Orissa",754140,672,248025,-,-,sinha62@yahoo.co.in,-,1992,Satyabrata Sinha,Senior Secondary,Nvs,-,Jagatsinghpur
Jawahar Navodaya Vidyalaya,1540006,P O Narla Distt Kalahandi Issa,766100,6677,240146,-,-,gvsbabu1@gmail.com,-,1987,G V S Babu,Senior Secondary,Navodaya Vidyalaya Samiti,-,Kalahandi
Jawahar Navodaya Vidyalaya,1540022,"At/po Gurujang, Distt.khurda, Orissa",752055,6755,223843,6755223844,223842,narasimha.pulagam@gmail.com,http://jnvkhurdaorissa.or,1988,P Narasimha Rao,Senior Secondary,Nvs,-,Khurda
D'mount Valley School,1530373,"Near Semiliguda College, Semiliguda",764036,-,06853296022,-,-,dmountvalleyschool@gmail.com,www.dmountvalleyschool.comn,-,K Sai Lakshmi,Secondary School,Debadutta Educational Trust,-,Koraput
Dadhichi Public School,1530245,"Vidya-vihar, Sundargram",754002,671,06712856071,-,6712856098,principaldps2005@gmail.com,dadhichipublicschool.com,2006,Mr. Debendranathbhatta,Senior Secondary,Dadhichi Educational Trust,-,Cuttack
Dalmia Vidya Mandir,1530001,Po Rajgangpur Sundargarh Distt Orissa,770017,6624,220321,06624-220283,220933,dvmprincipal@ocl.in,www.dvmrajgangpur.edu.in,1966,Sonia Mishra,Senior Secondary,Dalmia Shiksha Pratishthan N.d.,-,Sundargarh
Darshan Academy Sundargarh,1530281,"Pradhanpat,mahulpalipin:770002",770002,-,06622273914,-,6622273914,principal.sundargarh@darshanacademy.org,http://www.sundargarh.darshanacademy.org,2015,Mr. Padmanav Dhal,Secondary School,Darshan Education Foundation,-,Sundargarh
Dav Madan Mohan Public School,1530379,"Ichhapur, Bhadrak",756127,-,09337320061,-,-,davbhadrak@gmail.com,www.davbhadrak.in,-,Rutuparna Sahu,Secondary School,Dav College Trust And Management Society,-,Bhadrak
Dav Public School,1530052,Mcl Kalinga Area Mahendrapur Badajorada Dt Angul Orissa,759103,6760,"265001, 60110",265500,265011,skbdav@gmail.com,www.davkalinga.org,1995,Surendra Kumar Bhoi,Senior Secondary,Dav College Managing Committee,-,Angul
Dav Public School,1530081,Mcl Jagannath Area Po Dera Distt Angul Orissa,759103,670,"268599, 268699",249617,-,-,-,2002,Lokeswarapp S,Senior Secondary,Dav College Trust & Mgmt Soc,-,Angul
Dav Public School,1530074,Ntpc/ttps Talchar Thermal Distt Angul Orissa,759101,6760,249124,-,8022796330,nisikantadav2017@gmai.com,-,1996,Nisikanta Kar,Senior Secondary,Dav College Managing Committee,-,Angul
Dav Public School,1530136,"Bhatiparatitilagarh, Bolangir, Orissa",767042,91,7606875327,-,6712603481,davpstig2015@gmail.com,-,1990,Gangadhar Behura,Senior Secondary,Dav College Managing Committee,-,Balangir
Dav Public School,1530110,"Sovarampur, Balasore (orissa)",756001,6782,255066,255087,7823233747,pnabakishore@rediffmail.com,http://www.davblsl.org,1999,Naba Kishore Pradhan,Senior Secondary,Dav College Trust & Management Society,-,Balasore
Dav Public School,1530046,Sec Vi  Market Nagar Abhinav Bidanasi Cuttack Orissa,753002,671,2503443,-,-,dasipsita67@gmail.com,-,1990,Ipsita Das,Senior Secondary,Dav College Trust & Mgmt Soc,-,Cuttack
Dav Public School,1530133,"Hilltop Colony,socp, Brajarajnagar,jharsuguda,orissa.",768216,6645,244201,-,6645244402,davsocpbrjn@gmail.com,-,1998,Chinmaya Kumar Mahapatra,Secondary School,"Dav College Managing Committee,new Delhi",-,Jharsuguda
Dav Public School,1530107,"Sarbahal Road, Marwari Para, Jharsuguda, Orissa",768201,6645,214258,-,06645-270642,pkpanda550@gmail.com,-,1998,Prashanta Kumar Panda,Senior Secondary,Dav College Managing Committee,-,Jharsuguda
Dav Public School,1530041,Itps Banharpalli Via Belpahar Distt. Jharsuguda Orissa,768234,6645,"222238, 238",0751-4033202,-,davibthermal@gmail.com,-,1990,Pradeep Kumar Hota,Senior Secondary,Dav College Trust Management Society N D,-,Jharsuguda
Dav Pt. Sr Public School,1530308,"At-shree Vihar,phulbani Road, Po-lalsingh,bhanjanagar,ganjam",761126,-,06821240032,-,-,davbhanjanagar@gmail.com,davbhanjanagar.org,2014,Mr. Basudev Panigrahy,Secondary School,Dav College Managing Committee,-,Ganjam
Dav Public School,1530082,I B Valley Area Mcl Brajrajnagar Distt Jharsuguda Orissa,768216,6645,242242,28562544,-,amritpkn1964@gmail.com,www.davbrajrajnagar.org,1979,Pradipta Kumar Nayak,Senior Secondary,Dav College Trust & Mgmt Soc,-,Jharsuguda
Dav Public School,1530143,"Sail-rmd, Bolani Ores Mines, Bolani.",758037,6767,213033,-,-,kartikcdash@gmail.com,-,2009,Kartik Chandra Dash,Senior Secondary,Dav College Trust And Management Society,-,Keonjhar
Dav Public School,1530147,"Iffco Township,iffcomusadia,paradeep",754142,672,2224951,-,6712503478,balaram.dav@gmail.com,-,2006,Balaram Mahapatra,Senior Secondary,"Dav Cmc, New Delhi",-,Jagatsinghpur
Dav Public School,1530065,"Pokhariput Old Town Bhubaneswar, Distt Khurda, Orissa",751002,674,2352392,9437030284,674,sujatadavpkt@gmail.com,-,1992,Sujata Sahu,Senior Secondary,Dav College Mang. Commtt.,-,Khurda
Dav Public School,1530044,"Chandrasekharpur Bhubaneswar, Distt Khurda Orissa",751021,674,2740651,4751819,744232323,keshaba_satapathy@yahoo.com,-,1993,Keshaba Chandra Satapathy,Senior Secondary,Dav College Trust & Managing Society,-,Khurda
Dav Public School,1530098,"Nimapara, Distt Puri, Orissa",752106,6758,250175,2593126,07752-248007,mdmuntekhab@gmail.com,-,1995,M M Haque,Senior Secondary,Dav College Trust & Managing Society,-,Puri
Dav Public School,1530076,"Burla, Distt Sambalpur Orissa",768020,663,2542392,-,-,burladav@gmail.com,www.davburla.in,1994,Rashmi Mishra,Senior Secondary,Ananthapuri Educational Society,-,Sambalpur
Dav Public School,1530126,L & T Campuskansbahal,770034,6624,280396,-,6624280396,mrashmi.65@gmail.com,-,2008,Rashmi Mishra,Senior Secondary,"Dav College Managing Committee,new Delhi",-,Sundargarh
Dav Public School,1530120,"At/po -tensa   Distt- Sundargarh, Orissa-770042",770042,6625,236241,9917609678,06625-236241,davpstensa2020@gmail.com,www.davtensa.in,2007,Rajendra Kumar Bedbak,Senior Secondary,Dav College Trust And Management Society,-,Sundargarh
Dav Public School,1530066,Mcl Basundhara Area Dt Sundergarh Orissa,770076,6621,286212,3205496,0755- 2642359,davps76@yahoo.com,-,1998,Bibhuti Bhusan Parija,Senior Secondary,Dav College Managing Committee,-,Sundargarh
"Dav Public School, Sector-16",1530289,"Rsp Rourkela Indsutrial Township, Sector-16, Rourkela-769003",769003,-,06612640168,-,-,ispatdav03@gmail.com,www.davsec16.co.in,2010,Mrs. Jaswinder Kaur,Secondary School,"Dav College Managing Committe, New Delhi",-,Sundargarh
Dav Vedanta International School,1530151,"Vedanta Township,val, Lanjigarh",766027,6677,211108,360277,6677211108,chakraborty.sukla@yahoo.co.in,-,2006,Sukla Chakraborty,Senior Secondary,Dav College Managing Committee,-,Kalahandi
Dayanand Public School,1530311,"Dayanand Public School,raseram Vihar Po-padiabahal Via-goudpali Dis-sambalpur Pin-768112 State-odisha",768112,-,919437158817,-,-,dayanandpublicschoolpb2013@gmail.com,DAYANANDPLAYSCHOOL.COM,2013,Mr. Ashok Kumar Panigrahi,Senior Secondary,Cert Trust,-,Sambalpur
"De-Paul School, Aska",1530153,"Rankanath Vihar, College Square, Aska,",761111,6822,9439451950,-,06822 273220,rajanipanda@ymail.com,-,2000,Rajani Panda,Secondary School,"De-paul School, Aska",-,Ganjam
Deepika English Medium School,1530008,Sector 5 Rourkela Sundergarh Distt Orissa,769002,661,"2640782, 6675",0661-2471039,2640782,deepikaemschool@gmail.com,-,1975,Pramod Kumar Sahoo,Senior Secondary,Managing Committee,-,Sundargarh
"Dav Public School, Paradeep Port,Paradeep",1530193,"Vpointbadapadia, Kujang, Jatsinghpur",754142,6722,221005,-,-,sanjukta.1966@yahoo.in,-,2010,Sanjukta Dash,Secondary School,Dav Cmc,-,Jagatsinghpur
Delhi Public School,1530078,Phulnakhara Distt Cuttack Orissa,753001,671,2356015,2545512,-,principal@dpskalinga.edu.in,-,1981,Anuradha Rakshit,Senior Secondary,Vidya Jyoti Trust,-,Cuttack
Delhi Public School,1530014,Nalco Township Damanjodi Koraput Distt Orissa,763008,6853,255336,6.85E+20,685255105,deepanwitadas1@gmail.com,-,1983,Deepanwita Das,Senior Secondary,Delhi Public School Society N Delhi,-,Koraput
Delhi Public School,1530043,Sect 18 Rourkela Dist Sundargarh Orissa,769003,661,2603251,2643251,2641351,sidratha64@gmail.com,-,1993,Sidhartha Ratha,Senior Secondary,Blue Mount Education Trust,-,Sundargarh
Delhi Public School Paradip Refinery,1530202,"Paradip Refinery Township , P.o. Paradipgarh, Via Kujang, District Jagatsinghpur , Odisha -754141",754141,6722,253290,7981077020,-,dpsparadiprefinery@gmail.com,-,2014,Mr.jagneswar Bora,Senior Secondary,"Managing Committee Delhi Public School,paradip Refinery",-,Jagatsinghpur
Delhi Public School Synergy,1530217,"Banamali Prasadby The Side Of Nh-55 By Pass,dhenkanal",759001,6762,"06762-286626,06762-286630",-,06762-225905,principaldpssynergydkl@gmail.com,http://www.dps-synergy.ac.in,2014,Mrs.deepanwita Das,Senior Secondary,Shivani Educational & Charitable Trust,-,Dhenkanal
"Delhi Public School,",1530200,"Gotamara, Banarpal, Angul",759128,6764,06764237401,-,6764236144,soumendramishra99@gmail.com,http://www.dpsbanarpal.com,-,Mr. Hrusikesh Dash,Senior Secondary,-,-,Angul
Demonstration Multipurpose School,1520014,"Regional Instt. Of Education Bhubneshwar, Odisha",751022,674,2541516,-,-,dms.bbsr@gmail.com,-,1964,Akhileshwar Mishra,Senior Secondary,N C E R T,-,Khurda
Deomali Public School,1530214,At-beheraguda,764036,6853,06853225222,-,-,deomalipublicschool@gmail.com,http://www.deomalipublicschool.edu.in,-,Mr. Bijumohan K,Secondary School,-,-,Koraput
Dharmasala Public School,1530298,"At - Sankharidiha, Po/ps - Dharmasala, Dist. - Jajpur, Odisha, Pin - 755 008",755008,-,06725,-,-,dpssankharidiha@gmail.com,www.dpssankharidiha.org,2002,Dr. Bhikari Charana Samal,Secondary School,Divine Educational Society,-,Jajpur
Divya Jyoti Convent School,1530266,"At Sarbana, P.o. Agria",757025,-,09438750649,-,-,djcsbetnoti@gmail.com,-,2012,Miss Sr. Jomol Mathew,Secondary School,Dibya Prasad Aradhana Society,-,Mayurbhanj
Doon Icon International School,1530194,"At-bhabi Narayanapurpo-bhanja Vihar, Berhampur, Dis(beo)-",760007,-,7032055378,9704935653,0680-2296490,sbash02@gmail.com,http://www.dooniconinternationalschool.org,2012,Mr.santosh Kumar Bash,Secondary School,Gajanana Charitable Trust,-,Ganjam
Delhi Public School Sambalpur,1530180,"Jharsuguda Road Sambalpur, P.o- Sason,",768001,663,06632456611,-,6632456611,dpssambalpur@gmail.com,http://www.dpssambalpur.com,-,Mrs. Sujata Lenka,Senior Secondary,-,-,Sambalpur
"Doon International School,",1530203,"Plot No. 109, Adjacent To Aiims Bhubaneswar",751019,674,06746999929,-,6742476220,principal@dooninternational.in,http://www.dooninternational.in,2014,Mr.sanjay Kumar Jena,Senior Secondary,Orissa Education Trust,-,Khurda
Dm Public School,1530285,"Basuaghai, Near Siridi Sai Temple, Tankapani Road",751018,-,8280085286,-,-,dmpublicschool@yahoo.in,http://www.dmpublicschool.org,2015,Mr. Saroj Kumar Padhy,Secondary School,Durga Mohan Memorial Trust,-,Khurda
Delhi Public Senior Secondary School,1530300,"Near Jail Training School,lanjnipalliberhampur",760008,-,7008921399,-,-,dpsbrahmapur@gmail.com,https://dpssbam.co.in/,2016,Mr. Baikuntha Nath Pattanayak,Secondary School,Roland Educational & Charitable Trust,-,Ganjam
Dr Dev Mohanty Public School,1530259,At/po- Khandasahidist- Cuttack,754207,-,0671-2353473,-,-,info@drdevmohantypublicschool.com,http://www.drdevmohantypublicschool.com,2014,Mr. Kalikinkar Das,Senior Secondary,Dev Loka Educational Trust,-,Cuttack
Dr Dev Mohanty Public School,1530244,"At-badathakan,po-khandasahi,pin-754207,dist-cuttack",754207,671,2353473,-,-,principal@drdevmohantypublicschool.com,http://www.drdevmohantypublicschool.com,2013,Kalikinkar Das,Middle Class,Dev Loka Educational Trust,-,Cuttack
Du Public School,1530179,"At: Chandikhol Chhak, Po: Sunguda, Dist: Jajpur, Odisha",754296,672,226320,-,6725226320,dupsckl@gmail.com,-,2007,Rashmita Mishra,Senior Secondary,Mahavinayak Educational And Welfare Trust,-,Jajpur
Doon Public School,1530287,"Badmal,opposite To Badmal Police Station,jharsuguda",768202,-,9755346791,-,-,doonpublicschooljsg@gmail.com,www.doonpublicschooljsg.com,2012,Mrs. Neena Chaudhary,Senior Secondary,Aarel Foundation Trust,-,Jharsuguda
"Ekalavya Model Residential School, Kuarmunda",1520375,"Kuarmunda, Kuarmunda",770039,-,6372092392,-,-,emrskuarmunda2018@gmail.com,www.omtes.org,-,Jyotsnamayee Badnayak,Secondary School,Sunil Kumar Tandi,-,Sundargarh
Durga Prasad Saraf Vidyapeeth,1530048,D P Nagar Bhadrak Odisha,756135,6784,240567,-,240626,dpsvidyapeeth@gmail.com,http://www.dpsvidyapeeth.in,1983,Mr. Ashok Kumar Parida,Secondary School,Shri Durga Prasad Saraf Vidyapeeth Educational Society,-,Bhadrak
East Coast Railwaey Mixed Higher Sec. School,1530101,"Khurda Road, Jatni, Khurd, Orissa",752050,674,2372792,9411561205,-,principal_eastcoastrailwaymhss@yahoo.co.in,-,2003,Sukanti Mohanty,Secondary School,Efson Educational Trust,-,Khurda
"Ekalavya Model Residential School, Kuchinda",1520209,At/po-kuchinda Dist-sambalpurpin-768222 (odisha),768222,-,06642,-,-,emrskuchinda2018@gmail.com,www.sambalpur.nic.in,2018,Mr. Antaryami Swain,Secondary School,Secretary Omtes,-,Sambalpur
"Ekalavya Model Residential School,Bangriposi,Mayurbhanj",1520206,"At/po-shyamsunderpurvia-bangriposi,dist-mayurbhanj",757032,-,09437354397,-,-,emrsbangriposimayurbhanj@gmail.com,-,2018,Mr. Deeptikanta Jena,Secondary School,"0disha Model Tribal Education Society,bhubaneswar",-,Mayurbhanj
"Ekalavya Model Residential School,Karanjia",1520207,"At-biunria Tato,po/via-tato,dist-mayurbhanj",757036,-,9438397552,-,-,emrskaranjia2018@gmail.com,https://emrskaranjia.business.site,2018,Mr. Dambarudhar Marandi,Secondary School,"Omtes,bhubaneswar",-,Mayurbhanj
Eklavya Model Residential School,1520011,"At Rampilo, Po Ollala, Via Danagadi, Distt. Jajpur Orissa",755026,6726,9439913674,-,-,emrsrampilo.jajpur@gmail.com,-,1991,Sujat Kumar Nayak,Senior Secondary,Navodaya Vidyalaya Samiti,-,Jajpur
Delhi Public School,1530018,Nalco Nagar Angul Distt Orissa-759145,759145,6764,"220209,  67641",06764-220236,220738,"vkarora05@rediffmail.com, bkmishrappl@gmail.com",info@dpsnalconagari.org,1984,Vinod Kumar Arora,Senior Secondary,Delhi Public School Society,-,Angul
Eklavya Model Residential School,1520002,"At/po Chandra Giri Teh. Mohina Distt. Gajapati, Orissa",761017,6815,222207,-,-,sarangitrilochana@gmail.com,-,1984,Trilochana Sarangi,Senior Secondary,Nvs,-,Gajapati
Eklavya Model Residential School,1520012,"At.po- Mahasangi Via Balliguda, Distt. Kandhamal",762103,6846,201061,-,-,parida.muralidhar@gmail.com,-,1991,Murali Dhar Parida,Senior Secondary,Navodaya Vidyalaya Samiti,-,Kandhamal
