"A I International School, Uppal Jagir, Nurmahal Nakodar Road, Nurmahal, Dist. Jalandhar.",1631160,Uppal Jagir,144039,91,9876313622,-,1826244704,principal@aiisschool.com,-,2008,Neena Kapoor,Secondary School,"Anand Isher International Trust, Nurmahal",-,Jalandhar
A P J Public School,1630244,Ward No 4 Mandi Kharar Distt Ropar Punjab,140301,160,9878961498,245918,08192-263487,apjkhr@yahoo.com,-,1994,Jasvir Chander,Senior Secondary,Amar Prakash Ji Edu Society,-,Rupnagar
A S Modern School,1630020,Khanna Ludhiana Distt Punjab,141401,364,"20067, 22066",9436998029,-,asmodern@yahoo.com,www.asmodernkhanna.com,1971,D R Jalota,Senior Secondary,The Anglo Sans High Sch Management Society,-,Ludhiana
A S Modern School,1680020,Khanna Ludhiana Distt Punjab,141401,1628,9436998029,231567,-,asmodern1@gmail.com,www.asmodernkhanna.com,1971,Shaminder Verma,Senior Secondary,The Anglo Sans High Sch Management Society,-,Ludhiana
A V Public School,1630314,Fazilka Distt Ferozpur Punjab,152123,1638,"264431, 261875",-,-,sangeetatinnaavps@gmail.com,-,2001,Sangeeta Tinna,Senior Secondary,A V Public School Edu Society,-,Firozpur
A.A.R. Jain Model Senior Secondary School,1630877,"Dera Bassi Sas Nagar,pahari Gate, Near Anaj Mandi, Dera Bassi.",140507,1762,281408,-,-,ishasai9@gmail.com,-,1996,Isha Sharma,Senior Secondary,A.a.r. Jain Educational Society,-,Patiala
A&ms Gems Cambridge International School,1630925,"Opposite Canada Palace, Near A&m Institutes, Jalandhar -dalhousie Bye Pass ,pathankot",145001,186,01866918164,-,-,gcis.pathankot@gmail.com,http://www.gcispathankot.com,2012,Mr.rishi Dogra,Senior Secondary,A&m Educational Society,-,Pathankot
Aadesh International School,1630643,V&po Lakhinder(miani),144304,1886,245220,-,-,rajeshwarkimothi@gmail.com,-,2010,Rajeshwar Prasad,Senior Secondary,Guru Gobind Singh Educational Society,-,Hoshiarpur
Aadhar Public School,1630896,V.p.o Badrukhan,148001,167,220357,-,-,bhupalchann72@gmail.com,-,2011,Bhupal Singh Chann,Secondary School,Swami Ram Tirath Welfare Society,-,Sangrur
Aakarshan Public School,1631185,National Highway Narot Jaimal Singh Tehsil & District Pathankot (punjab),145026,-,01862269018,-,1862269018,aakarshanpublic@yahoo.in,http://www.aakarshanpublicschool.org,2014,Mrs. Paras Sharma,Senior Secondary,Aakarshan Educational Society,-,Gurdaspur
Ac Global School,1630752,"Hulka Road, Banur, Sas Nagar",140601,91,9872462647,-,-,acglobalschool@gmail.com,http://acews.in/,2010,Mr. Martin Antony P,Secondary School,A C Educational Welfare Society,-,Sas Nagar
Academic Heights Public School,1631286,"V.p.o-chagran, Chandigarh Road",146001,-,9501931688,-,-,amitreetika2009@gmail.com,http://www.ahpshoshiarpur.com,2014,Mrs. Parveen Paul,Secondary School,Mehta Educational Society,-,Hoshiarpur
Academic Heights Public School Khokhar,1631111,"Vill Khokhar, Po Gobindgarh",148030,1676,01676278378,-,-,ahpskhokhar@gmail.com,http://www.ahpslehragaga.com,2014,Mrs. Ritu Thakur,Senior Secondary,Shri Bala Ji Educational Welfare & Charitable Society,-,Sangrur
A P S Public School,1630366,V& Po Lubanianwali Teh & Distt Muktsar Punjab,152026,91,9780879911,9838581626,546023005,aaypeess@yahoo.com,-,2002,Awtar Kaur,Senior Secondary,Aay Pee Ess Educational Soceity,-,Muktsar
Acadia World School,1631287,"Near Sitasar Mandir, Jakhepal-budhlada Bye-pass Road",148028,-,9814035705,-,9814035705,acadiaworldschool@gmail.com,http://acadiaworldschool.in,2018,Mrs. Ranjeet Kaur,Secondary School,"Capt. Ram Singh Educational Society, Sunam, Distt. Sangrur (punjab)",-,Sangrur
Acme Public School,1630604,"Muktsar Road, Chak Saido Ke Jalalabad West Ferozepur Punjab",152024,1638,257444,251990,-,acmepublic80@gmail.com,-,2006,Aruna Middha,Senior Secondary,Acme Educational Society,-,Firozpur
Adarsh Public School,1630983,"Kapil Park, Opp.pink Flats,rajpura Road, Haibowal Khurd",141001,161,2301722,-,-,amita.singla@hotmail.com,http://www.adarshpublicschoolludhiana.org,2008,Amita Bansal,Secondary School,Temple Of Humanity Trust(regd.),-,Ludhiana
Adharshila The Foundation,1630352,"# The 4th Milestone, Patiala Road, Vill. Bhaddak, Rajpura (punjab)",140401,1762,01762241813,-,-,atfschool@hotmail.com,http://www.aadharshilaschool.com,-,Miss Rajni Sota,Senior Secondary,-,-,Patiala
Aggarsain International Public School,1630630,"Near O.b.c Bank, Main Road, Samana",147101,1764,228495,2315039,-,anirudhsamana@gmail.com,-,2007,Anirudh Garg,Senior Secondary,"Shri Aggarwal Dharamshala And School Parbandhak Committee(regd.), Samana",-,Patiala
Air Fce School,1680015,Afs Halwara Distt. Ludhiana Punjab,141002,162,4275466,1722623399,NA,shyamlwaraichi@gmail.com,-,-,Shyamli Waraich,Secondary School,-,-,Ludhiana
Air Fce School,1680005,Air Fce Station Pathankot Punjab,145001,288,4376,9904103573,2344092,v_raman2007@yahoo.co.in,http://www.cimp.com,1967,Krishan Gopal Sharma,Senior Secondary,"Air Fce Station, Ptk",-,Pathankot
Akal Academy,1630210,Bhadaur Tehsil & Distt Barnala Punjab,148102,1679,275410,-,-,preeti77@gmail.com,-,1996,Preeti Grover,Senior Secondary,The Kalgidhar Society Barusahib Hp,-,Barnala
Ajit Karam Singh International Public School 123,1631316,"Sector 123, Village Jandpur,new Sunny Enclave,greater Mohali,kharar",140301,-,9501173823,-,1722627878,aksips123@gmail.com,www.aksips.in,2019,Mrs. Anjali Singh,Secondary School,National Educational Development Trust,-,Sas Nagar
Akal Academy,1630340,"Jand Sahib, Vpo Jand Sahib, Near Sadiq, District Faridkot (punjab) - 151203",151203,1639,9417085900,-,-,KHEMSG@YAHOO.CO.IN,-,-,Mrs. Sushil Sunita,Senior Secondary,-,-,Faridkot
Ajanta Public School,1630064,Besant Avenue Amritsar Punjab,143001,183,2224296,227477,-,prashantmehra1978@gmail.com,-,1983,Prashant Mehra,Senior Secondary,Ajanta Educational Centre,-,Amritsar
Akal Academy,1630870,"Chunni Kalan, Tehsil Bassi Pathana, Distt. Fatehgarh Sahib (punjab) - 140406",140406,1763,9646028119,-,-,khemsg@yahoo.co.in,-,-,Mrs. Manjinder Kaur Kalsi,Senior Secondary,-,-,Fatehgarh Sahib
Akal Academy,1630761,"Village Dhanal Kalan , P.o. Phoolpur , District Jalandhar",144026,181,2792982,-,1812792982,aadhanalKalan@akalacademy.ac.in,http://WWW.AKALACADEMY.IN,2007,Amandeep Kaur,Senior Secondary,The Kalgidhar Trust,-,Jalandhar
Akal Academy,1630344,Bilga Po Bilga Distt Jalandhar Punjab,144036,91,9915483594,0484 6520135,-,aabilga@akalacademy.ac.in,-,1988,Harpreet Kaur Sahni,Senior Secondary,The Kalgidhar Society,-,Jalandhar
Akal Academy,1630932,"Vpo Raipur Peer Baksh Wala, Tehsil Bholath, District Kapurthala (punjab) - 144819",144819,-,9875987305,-,-,KHEMSG@YAHOO.CO.IN,-,2009,Mrs. Kulwinder Kaur,Senior Secondary,"The Kalgidhar Trust, Baru Sahib (hp)",-,Kapurthala
Akal Academy,1630350,"Dhindsa, Village & Po Dhindsa, Tehshil Samrala District Ludhiana (punjab) - 141114",141114,1628,9814676684,-,2458339,KHEMSG@YAHOO.CO.IN,http://www.pcsjammu.g,-,Mrs. Arvinderpal Kaur Oberoi,Senior Secondary,-,-,Ludhiana
Akal Academy,1630254,Mander Po Kulrian Teh Budhlada Distt Mansa Punjab,151501,1652,247096,-,-,aamander@akalacademy.ac.in,-,1996,Neelam Sharma,Senior Secondary,The Kalgidhar Trust,-,Mansa
Ajit Karam Singh International Public School,1630430,Phase Xi Mohali Ropar Punjab,160064,172,0172-2234733,-,0172-2627878,aksips65@gmail.com,http://www.aksips.in,-,Mrs. Mrs Rajminder Kaur Jaitla,Senior Secondary,-,-,Sas Nagar
Akal Academy,1630341,"Bhai Desa, Po Katli Kalan Distt Mansa Punjab",151505,1652,266096,-,-,aabhaidesa@akalacademy.ac.in,-,1997,Gurjeet Kaur Chahal,Senior Secondary,The Kalgidhar Trust,-,Mansa
Akal Academy,1630795,"Vpo Kaleke, Tehsil Baghapurana, Distt. Monga",142001,1636,241052,-,0161-2302119,aakaleke@akalacademy.ac.in,-,2007,Seema,Senior Secondary,Kalgidhar Society,-,Moga
Akal Academy,1630851,"Akal Academy Jhandiana, V&po Jhandiana, West Via Ghal Kalan, Teh&distt. Moga",142048,-,0000000,-,-,navsandhu982@gmail.com,-,2008,Navjot Kaur,Secondary School,The Kalgidhar Trust,-,Moga
Akal Academy,1630162,"Akal Academy Sri Muktsar Sahib, Tehsil & District Sri Muktsar Sahib, Malot Road (near Dera Bhai Mastan Singh)sri Muktsar Sahib - Punjab (152026)",152026,1633,"01633-261026,261626, 63526",-,na,khemsg@yahoo.co.in,-,-,Mrs. Symbolpreet Kaur Grewal,Senior Secondary,-,-,Muktsar
Akal Academy,1630386,Bharyal Lahiri Po Rattangarh Teh & Distt Pathankot Punjab,143534,186,2264526,-,011-25012068,aabharyallahri@akalacademy.ac.in,-,1996,Jasbir Kaur Sandhu,Senior Secondary,The Kalgidhar Trust,-,Pathankot
Akal Academy,1630303,Vill Fatehgarh Channa Po Gajewas Teh Samana Distt Patiala Punjab,147101,1764,261143,2355405,24865968,aafatehgarhchhanna@akalacademy.in,-,1996,Ravinder Kaur,Senior Secondary,The Kalgidhar Society,-,Patiala
Akal Academy,1630362,Vill Kuria Wara Po Ahulpur Teh Sardulgarh Distt Mansa Punjab,152026,1659,258250,2185,-,baljeet.kauriwara@gmail.com,-,1997,Baljeet Kaur,Senior Secondary,The Kalgidhar Society,-,Mansa
Akal Academy,1630253,Reeth Kheri Teh & Distt Patiala Punjab,147001,91,9592966001,6637959,-,aareethkheri@akalacademy.ac.in,-,1997,Shaminder Pal Kaur,Senior Secondary,The Kalgidhar Trust,-,Patiala
Akal Academy,1630295,Balbhera Vpo Balbhera Teh & Distt Patiala Punjab,147001,175,"2640204, 2356332",-,-,aabalbehra@akalacademy.ac.in,-,1996,Meera Verma,Senior Secondary,The Kalgidhar Society,-,Patiala
Akal Academy,1630871,"Dadher Sahib, V&po Dadher Sahib, Teh. Patti, Distt. Tarn Taran",143410,91,9814719477,-,-,deepikakaur1980@gmail.com,-,2008,Deepika Kaur,Senior Secondary,The Kalgidhar Trust,-,Tarn Taran
Akal Academy,1630231,V&po Cheema Teh Sunam Distt Sangrur Punjab,148029,16730,84472,-,-,aacheemasahibem@akalacademy.ac.in,-,1991,Ms.sunderpan,Senior Secondary,The Kalgidhar Trust,-,Sangrur
Akal Academy Bagha,1631361,"Akal Academy Bagha, Village Bagha, Post Office Raman, Tehsil Talwandi Sabo, District Bathinda (punjab) - 151301",151301,-,9875987220,-,-,KHEMSG@YAHOO.CO.IN,-,2011,Mrs. Ravinder Kaur,Secondary School,"The Kalgidhar Society, Baru Sahib (hp)",-,Bathinda
Akal Academy Bakarwal,1630942,"Akal Academy Bakarwalvillage & P.o. Bakarwal, Tehsil Dharmkot, District Moga -142042",142042,1682,9875987221,-,-,KHEMSG@YAHOO.CO.IN,-,2008,Mrs. Kiranjot Kaur,Senior Secondary,"The Kalgidhar Trust, Baru Sahib",-,Moga
Akal Academy Basarke,1631371,"Akal Academy Basarke, Village Basarke, P.o. Gumanpura (near Bagichi Wala Bhatha), Tehsil & District Amritsar (punjab) - 143105",143105,-,9875987225,-,-,KHEMSG@YAHOO.CO.IN,-,2012,Mrs. Prabhjot Kaur,Senior Secondary,"The Kalgidhar Trust, Baru Sahib (hp)",-,Amritsar
Akal Academy Benra,1630961,"Benra, V&po Benra, Teh. Dhuri, Distt. Sangrur",148024,1675,224768,-,-,aabenra@akalacademy.ac.in,-,2008,Jasbir Kaur,Secondary School,The Kalgidhar Trust,-,Sangrur
Akal Academy Bharana,1631007,"Bharana, Vpo Bharana, Tehsil Zira, District Ferozepur (punjab) - 142052",142052,1682,01682261011,-,-,KHEMSG@YAHOO.CO.IN,-,2009,Mrs. Pawandeep Kaur,Senior Secondary,"The Kalgidhar Trust,baru Sahib",-,Firozpur
Akal Academy Chak Desraj,1631373,"Akal Academy Chak Desraj, Vpo Chak Desraj, Tehsil Phillaur, District Jalandhar (punjab) - 141418",141418,-,9875987238,-,-,KHEMSG@YAHOO.CO.IN,-,2011,Mrs. Hem Lata,Secondary School,"The Kalgidhar Society, Baru Sahib (hp)",-,Jalandhar
Akal Academy Chak Mander,1631353,"Akal Academy Chak Mander, Village Chak Mander, Post Office Jasso Majara, Tehsil Banga, District Shaheed Bhagat Singh Nagar (punjab) - 144501",144501,-,9875987239,-,-,KHEMSG@YAHOO.CO.IN,-,2011,Mrs. Moninderpal Kaur Sandhu,Secondary School,"The Kalgidhar Trust, Baru Sahib (hp)",-,Sbs Nagar
Akal Academy Chogawan,1631348,"Akal Academy Chogawan, Vpo Chogawan, Tehsil Ajnala, District Amritsar (punjab) - 143109",143109,-,9878251273,-,-,KHEMSG@YAHOO.CO.IN,-,2013,Mrs. Gursharnjit Kaur,Senior Secondary,"The Kalgidhar Society,baru Sahib(h.p)",-,Amritsar
Akal Academy Daula,1631284,"Daula, Village Daula, P.o. & Tehsil Gidderbaha, Distt. Sri Muktsar Sahib - 152101",152101,-,9875987250,-,-,KHEMSG@YAHOO.CO.IN,-,2010,Mrs. Sukhwinder Kaur,Secondary School,"The Kalgidhar Trust, Baru Sahib",-,Muktsar
Akal Academy Dhotian,1630973,"Vpo Dhotian, Tehsil & Distt. Tarn Taran, Punjab-143711",143711,185,9872415109,-,-,khemsg@yahoo.co.in,-,2008,Mrs.kuljit Kaur,Senior Secondary,"The Kalgidhar Trust, Baru Sahib",-,Tarn Taran
Akal Academy Behak Fattu,1631368,"Akal Academy Behak Fattu, Village Behak Fattu, Post Office Behak Gujjran, Tehsil Zira, District Ferozepur (punjab) - 142044",142044,-,9875987227,-,-,KHEMSG@YAHOO.CO.IN,-,2010,Mrs. Mandeep Kaur,Secondary School,"The Kalgidhar Trust, Baru Sahib",-,Firozpur
Akal Academy Fatehgarh Ganduana,1630355,Akal Academy Fatehgarh Ganduanvill Fatehgarh Ganduan Po Lehragaga Teh Sunam Distt Sangrur Punjab - 148031,148031,1676,01676279189,-,-,khemsg@yahoo.co.in,-,1998,Mrs. Swarn Kaur,Senior Secondary,"The Kalgidhar Society, Baru Sahib",-,Sangrur
Akal Academy Jaga Ram Tirath,1631103,"Vpo Jaga Ram Tirath, Tehsil Talwandi Sabo, District Bathinda, Punjab -151302",151302,1655,01655260194,-,-,KHEMSG@YAHOO.CO.IN,-,2008,Mrs. Rajinder Kaur,Senior Secondary,"The Kalgidhar Trust, Baru Sahib",-,Bathinda
Akal Academy Jandiali,1631078,"Vpo Jandiali, Teh. Sahnewal, Via Kohara, Ludhiana (punjab)",141112,161,2448300,-,-,kaurharcharan6@gmail.com,-,2010,Harcharan Kaur,Secondary School,"The Kalgidhar Trust, Baru Sahib",-,Ludhiana
Akal Academy Kakra Kalan,1631326,"Akal Academy Kakra Kalan, Village Nangal Ambian, Post Office Kotla Suraj Mal, Tehsil Shahkot, District Jalandhar, Punjab - 144703",144703,-,9875987275,-,-,KHEMSG@YAHOO.CO.IN,-,2011,Mrs. Istinder Malhotra,Secondary School,"The Kalgidhar Trust, Baru Sahib (hp)",-,Jalandhar
Akal Academy Kamalpur,1631075,"Village Kamalpur, Po Jhalian Kalan, Tehsil Chamkaur Sahib, Distt. Ropar, Punjab - 140111",140111,1881,9464085365,22158046,-,aakamalpur@akalacademy.ac.in,-,2010,Shailza,Secondary School,"The Kalgidhar Society, Baru Sahib",-,Rupnagar
Akal Academy Khamanon,1630962,"Vpo Ward No.5, Khamanon, Tehsil Khamanon, District Fatehgarh Sahib, Punjab (141108)",141108,1628,9875987281,-,-,KHEMSG@YAHOO.CO.IN,-,2008,Mrs. Amarjit Kaur,Senior Secondary,"The Kalgidhar Trust, Baru Sahib (hp)",-,Fatehgarh Sahib
Bachpan International Public School,1631016,V.p.o. Hamirgarh,148033,1676,9815405341,-,-,krishan1280@gmail.com,-,2014,Krishan Paul,Secondary School,Sukhmani Educational And Social Welfare Society (regd.),-,Sangrur
Bal Bharati Public School,1630673,"Phase 2, Urban Estate, Dugri",141013,161,2520870,-,1614645170,ashish.sahni@balbharati.org,http://www.bbpsldh.org,2007,Mr. Ashish Sawhney,Senior Secondary,"Child Education Society, New Delhi",-,Ludhiana
Bal Mandir Model Sr. Sec. School,1630026,Vill Killianwali P O Mandi Dabwali Punjab,151211,1668,"224680, 23212",264873,-,skkaushik3951@gmail.com,-,1963,Surender Kumar Kaushik,Senior Secondary,Public Education Socy Dabwali,-,Muktsar
Bal Vatika Public School,1630615,"Village Tibbi Hari Singh, Tehsil Sardulgarh, Distt Mansa",151507,1659,9465116949,9.19E+11,1659251237,bvpschoolsdg@gmail.com,-,2006,Arvind Kumar Tiwari,Secondary School,Sardulgarh Educational Society,-,Mansa
"Barefeet Public School, Patiala",1631132,"Vill. Jahlan, Po. Ranbirpura, Patiala- Sangrur Road, Nh-64, Patiala 147001",147001,175,9216072100,-,-,rajesh3feb@yahoo.com,www.barefeetpublicschool.com,-,Mrs. Pertigya Garg,Secondary School,-,-,Patiala
Bawa Lalvani Public School,1630328,Guru Kripa Complex No 1 Jalandhar Road Kapurthala Punjab,144601,1822,"01822235814, 233448",-,284069,principal.blps@gmail.com,http://www.blps.edu.in,2002,Mrs. Ekta Dhawan,Senior Secondary,S Tirath Singh Lalvani Educational Foundation,-,Kapurthala
Bbsb Convent School,1631114,"Lakha-chakar Road, Vpo Chakar, Teh. Jagraon, Distt. Ludhiana",142036,1624,280444,-,-,parminderbbsb@gmail.com,http://www.bbsbchakar.in,2014,Parminder Kaur,Secondary School,Baba Banda Singh Bahadur Educational Society,-,Ludhiana
Bcm Arya Model Sr. Sec. School,1630007,Shastri Nagar Ludhiana Punjab,141002,161,01612457393,-,1612423480,bcmeducation@gmail.com,http://www.bcmeducation.org,1977,Dr. Paramjit Kaur,Senior Secondary,Bahadur Chand Munjal Arya Model School (english Medium),-,Ludhiana
Bcm School,1630149,Sector 32/a Urban Estate Chandigarh Road Ludhiana Punjab,141010,161,2225133,0161-2225133,2225133,bcm32@rediffmail.com,bcmschools.org,1996,D P Guleria,Senior Secondary,Lala B C M Cheritable Trust,-,Ludhiana
Bcm School,1630508,"Basant City, Pakhowal Road, Post Office Lalton Kalan, Ludhiana, Punjab",142022,161,0161-2563376,-,-,info.bcmschool@gmail.com,http://basantcity.bcmschools.org,-,Mr. Jai Prakash Singh,Senior Secondary,-,-,Ludhiana
Bds Public School,1630645,Near Govt. College Ajnala Amritsar,143102,1858,222233,-,-,bdsschool13@gmail.com,-,2005,Gurpreet Kaur,Senior Secondary,Baba Deep Singh Educational Society,-,Amritsar
Berrys Global Discovery School,1631070,"Berrys Global Discovery School, Kotli Road",144701,1821,0182-271070,-,271074,bgdsmalsian@gmail.com,http://www.berrysglobaldiscoveryschool.com,2015,Mrs. Vandana Dhawan,Senior Secondary,Parul Educational Society,-,Jalandhar
Bhagwan Mahaveer Public Sr Sec School,1630913,Bhagwan Mahaveer Marg Banga. Distt Sbs Nagar Punjab 144505,144505,1823,260481,-,-,principal.bmps@gmail.com,http://www.bmpsbanga.com,1994,K Vasudha Jain,Senior Secondary,Maa Sumitra Devi Jain Memorail Educational Society( Regd),-,Nawanshahr
"Bhai Behlo Public School, Phaphre Bhaike",1631216,Vpo: Phaphre Bhai Ke,151502,-,01652283006,-,1652283006,bbps.phaphrebhaike@gmail.com,www.bbjmps.org,1996,Mrs. Gurmeet Kaur,Senior Secondary,Shiromani Gurdwara Parbandhak Committee,-,Mansa
Bhai Daan Singh Academy,1631161,"Village-daan Singh Wala, P.o. Mehma Swai,bathinda, Punjab -151201",151201,164,2168891,-,-,Krupinder347@gmail.com,-,2008,Rupinder Kaur,Secondary School,Bhai Daan Singh Ji Educational Society,-,Bathinda
Bhai Gurdas Academy,1630360,Guru Ki Nagri Pandori Ran Singh Taran Taran Road Amritsar Punjab,143401,1852,9814898472,-,-,bhaigurdasacademy@gmail.com,-,2003,Rubinder Kaur,Senior Secondary,Bhai Gurdas Educational Foundation,-,Amritsar
Bhai Gurudas Public School,1630517,"Village & P.o. Kalra, Near Adampur, Jalandhar",144003,181,2718230,-,-,bgpskalra@gmail.com,http://www.bgpskalra.in,2001,Kulwant Kaur,Secondary School,Takshila Educational Society,-,Jalandhar
Bhai Mastan Singh Public School,1630266,Aare Wali Gali Near Bus Stand Malout Road Muktsar Punjab,152026,1633,502008,2214793,-,munishda@gmail.com,-,1995,Munish Chopra,Senior Secondary,Bhai Mastan Singh Intl & Chari Soc,-,Muktsar
Bhai Mohri Ji Memorial Public Senior Secondary School,1631162,V.p.o. Gurusar,152112,1637,231037,-,-,bmssschool@gmail.com,http://www.bhaimohripublicschool.com,2003,Rajinder Kaur,Senior Secondary,Bhai Mohari Ji Educaiotnal&sports Society,-,Muktsar
Bhai Nand Lal Public School,1630663,Mataur Road Via Anandpur Sahib,140118,1881,233055,-,01887 233055,devindermatharu@gmail.com,-,1992,Devinder Kaur,Senior Secondary,Shiromani Gurdwarara Parbandhak Committee,-,Rupnagar
Bhai Roop Chand Public School,1630126,"Bhai Rupa Teh Rainpura Pool, Distt Bhatinda Punjab",151106,1651,230003,1752362204,-,brcssps@gmail.com,-,2005,Bhushan Kumar,Senior Secondary,Athama Education Society,-,Bathinda
Bhai Sahib Randhir Singh Academy,1630618,"F- Block , Bhai Randhir Singh Nagar , Ludhiana",141012,-,01612458570,-,-,loren_455@yahoo.com,-,2002,Kamalpreet Kaur,Senior Secondary,Bhai Sahib Randhir Singh Eductional Society,-,Ludhiana
Bhai Roop Chand Convent School,1631138,Phulle Wala Road,142057,1636,9872131797,-,-,brcconvent97@gmail.com,http://www.brcconvent.com,2016,Mr. Sukhbir Singh,Senior Secondary,B.r.c Educational And Welfare Society,-,Moga
Bharatam World School,1631280,G T Road Khanna Distt. Ludhiana,141401,-,7087203018,-,-,bharatamworldschool@gmail.com,http://www.bharatamworldschool.com,2017,Mrs. Palwinder Kaur Walia,Secondary School,Seth Gaja Nand Goyal Educational And Social Welfare Society,-,Khanna
Bharatiya Vidya Bhavan Sohan Lal Public School,1630108,Amritsar Shivala Road Punjab,143001,183,2272618,1612880530,4132622661,anitaarorabhalla@ymail.com,http://www.auroville.org.in,1994,Dr Anita Bhalla,Senior Secondary,Jog Pal Educational Society,-,Amritsar
Bharatiya Model Sen. Sec. School,1631085,Bharatiya Model Sen. Sec. School,151103,-,"01651-220279, 266879",-,-,schoolbharatiyamodel@gmail.com,-,1978,Mrs.lajwinder Kaur,Senior Secondary,Bharatiya Educational Society,-,Bathinda
Bhartiya Public School,1631135,Bhartiya Public Schoolnear Railway Crossingdhanoni Road Derabassi,140507,1762,283636,-,-,deepika.rathi82@gmail.com,-,2016,Deepika Rathi,Senior Secondary,Shriram Educational & Charitable Society,-,Sas Nagar
Bhartiya Vidya Mandir,1630230,Kitchlu Nagar Ludhiana Punjab,141001,161,"2301523, 473523",2344548,8212546790,neelammittar@yahoo.com,http://www.spschool.in,1993,Neelam  Mittar,Senior Secondary,Bhartiya Vidya Mandir Trust,-,Ludhiana
Bhupendra International Public Sch,1630330,Behind Sheesh Mahal Dakala Road Opp Dear Park Vpo Sular Patiala Punjab,147001,175,"2306170, 2208087",3564255395,255395,bipspatiala@gmail.com,-,2001,Indu Sharma,Senior Secondary,Bhupendra Society,-,Patiala
Bhartiya Vidya Mandir Senior Secondary School,1631295,"Sec.-39,chandigarh Road, Ludhiana",141010,-,01612609696,-,-,bvmsec39@rediff.com,http://bvmchdrd.com,2002,Mrs. Upasna Modgil,Senior Secondary,Bhartiya Vidya Mandir Trust,-,Ludhiana
Bhartiya Vidya Mandir Sr. Sec. School,1630774,"Shaheed Udham Singh Nagar, Ludhiana",141001,161,2302660,9431018786,1612303762,bhartiyavidya_usn@rediffmail.com,-,1971,Bandana Sethi,Senior Secondary,Bhartiya Vidya Mandir Trust,-,Ludhiana
Bhupindra Global School,1630957,Vill. Binjoki Kalan Mlerkotla Sangrur,148023,1675,01675275107,-,1675275107,bhupindraglobalschool@gmail.com,www.bgsonline.in,2012,Mrs. Harvinder Kaur,Senior Secondary,Sardar Inderjit Singh Dhindsa Charitable Trust,-,Sangrur
Bibi Kaulan Ji Public School,1630704,"Near Gurdwara Tahla Sahib , Tarantaran Road , Amritsar",143001,91,8727802184,3335557,1832483920,principalbkjschool2@yahoo.com,-,2010,Jagjit Kaur,Senior Secondary,"Mata Kaulan Ji Bhalai Kender Insidegilwali Gate , Amritsar",-,Amritsar
Bibi Satwant Kaur Public School,1630623,Vpo Musahibpurtehsil Mukerian,144211,1883,7508874275,-,-,bskpublic25385@gmail.com,-,2004,Parveen Bala,Senior Secondary,Bibi Satwant Kaur Educational And Social Welfare Society,-,Hoshiarpur
Bliss Public School,1630282,Manna Phagwara Road Hoshiarpur Punjab,146001,1882,"327292, 279692",9814028986,-,manjulakharbanda@gmail.com,-,1998,Manjula,Secondary School,Bps Educational Soc,-,Hoshiarpur
Blooming Buds School,1630449,"Village Talwandi Bhangerian, Distt Moga, Punjab",142001,1636,278275,-,-,hamiliya_rani@yahoo.com,-,1994,Hamiliya Rani,Senior Secondary,Jehovah Jireh Educational Society,-,Moga
Bloosom Convent School,1630418,"Vpo Leelan Mega Singh Jagraon, Distt Ludhiana, Punjab",142033,1624,281080,-,-,bcschairman@gmail.com,-,1995,Amarjit Kaur Bajaj Naaz,Senior Secondary,Baba Nanak Education Society,-,Ludhiana
Blossoms Senior Secondary School,1630107,Naba Road (near Centenary Enclave) Patiala Punjab,147001,175,"2302597, 213057","2359205, 9872830703",2205535,binduvaid@gmail.com,-,1981,Bindu Vaid,Senior Secondary,Patiala Education Trust,-,Patiala
Brahmrishi Mission School,1630262,"Hanuman Garh Road Abohar, Distt Fazilka Punjab",152116,1634,229615,230615,08816 227769,nandkishore85@gmail.com,-,1999,Nand Kishore,Senior Secondary,International Brahmrishi Mission,-,Sbs Nagar
Bkjs Apple Orchard School,1630768,Chahal Nagar,144401,1824,7355610051,-,-,info@bkjappleorchard.com,http://www.bkjappleorchard.com,2009,Inderjeet Kaur,Secondary School,Bhai Khanahia Ji Chartable Organisation,-,Kapurthala
Bright Land School,1630773,"Village Pandori Wariach, Majitha Road, Amritsar",143008,183,2222676,-,-,ravinder@brightlandeducation.net,-,2003,Harsh Thukral,Senior Secondary,Maa Saraswati Educational Society,-,Amritsar
British International School,1631145,Jaitu Kotkapura Road,151204,-,09779511770,-,-,britishschoolkkp@gmail.com,-,2014,Mrs. Ramanpreet Kaur,Secondary School,British Educational & Welfare Society,-,Faridkot
British Public Academy,1631139,"Merdanheri,(dakala)",147001,175,01756522122,-,-,britishpublicacademy@gmail.com,BRITISHPUBLICACADEMY.COM,2006,Mrs. Geeta Devi,Secondary School,Vikas Educational Society,-,Patiala
British Olivia School,1630442,"National Avenue, Rama Mandi Jalandhar Cantt Punjab",380061,181,2414809,1832210230,2711913,british_olivia_school@yahoo.co.in,-,2003,Parminder Minhas,Senior Secondary,Bos Educational Society,-,Jalandhar
British Victoria School,1631258,Gazipur Roadsultanpur Lodhi Distt: Kapurthalapin Code: 144626,144626,-,01828222888,-,-,info@britishvictoriaschool.com,www.britishvictoriaschool.com,2017,Mr. Ashwani Kumar,Senior Secondary,Baba Sri Chand Ji Educational Society,-,Kapurthala
Broadway Public School,1630505,"Vill:-manal,p/o:-kurar Teh&distt:-barnala",148104,1679,224700,243303,-,maarifsaify@yahoo.com,-,2005,Mohammad Aarif Saify,Senior Secondary,"S. Harbans Singh Cheema Memial Trust,manal",-,Sangrur
"Braintree World School, Amargarh (Distt. Sangrur) Punjab.",1630910,"Dhuri Road, Amargarh",148022,1675,285613,-,-,ritupathak36@gmail.com,http://www.braintreeworldschool.in,2013,Ritu Pathak,Senior Secondary,Om Educational And Charitable Society,-,Sangrur
Budding Brains International School,1631223,"Baranala Road, Raikot",141109,-,09501180174,-,-,bbisraikot@hotmail.com,www.bbis.co.in,2016,Mrs. Mandeep Kaur,Senior Secondary,Bhagat Sucha Singh Ji Memorial Education Society,-,Ludhiana
Budha Dal Public School,1630124,Patran Road Samana Distt Patiala Punjab,147101,1764,221203,-,221205,bdpssamana@gmail.com,http://www.bdpssamana.com,-,Mrs. Harpreet Kaur,Senior Secondary,-,-,Patiala
Buds Senior School,1630318,"Ajnala Road Vill Kamboj, Po Heer Via Rayabansi Near Police Post, Amritsar Punjab",143181,813,"9876429744, 2500514",2222155,2227606,budsseniorschool@gmail.com,-,2001,Jpuri,Secondary School,Jyoti Institute Of Education,-,Amritsar
Budha Dal Public School,1630046,Lower Mall Patiala Punjab,147001,175,"5050533,964676001",76049,-,20046@cbseshiksha.in,-,1979,Mrs.harpreet Kaur,Senior Secondary,The Sikh Eductional Socy Budha Dal Patiala,-,Patiala
C F C Public School,1630008,Bhai Randhir Singh Nagar Ludhiana Punjab,141001,161,2455181,2455074,2454881,decastro.samir@yahoo.co.in,-,1973,Mrs. Priya Simon,Senior Secondary,Christian Fellowship Centre Socy,-,Ludhiana
Brookfield International School,1631420,"Dist. Sas Nagar, , Punjab-140110",140110,-,7895946595,-,-,principalbis1@gmail.com,https://www.bfis.in/,-,Jay Kumar Singh,Senior Secondary,Chaman Educational And Charitable Trust,-,Sas Nagar
C J S Public School,1630213,Near Milk Plant Amritsar Bye Pass Jalandhar Punjab,144004,181,"2690630, 2690730",25473765,05162-254500,ranbirkaur108@gmail.com,-,1997,Ranbir Kaur,Senior Secondary,J S Educational Trust Jalandhar,-,Jalandhar
C T World School,1631324,"66 Feet Main Road,near Ct Institutions,v&po Udopur",144020,-,01815032700,-,-,principal.ctw@ctgroup.in,www.ctworld.in,2018,Mrs. Madhu Sharma,Secondary School,C T Educational Society,-,Jalandhar
C T Public School,1630177,"Greater Kailash,maqsudan, Jalandhar City (punjab)",144008,181,"0181-5009555, 258802",-,181-2672318,ctps_school@yahoo.co.in,http://www.ctpublicschooljal.com,-,Mrs. Suman Rana,Senior Secondary,-,-,Jalandhar
C.L. Sachdeva Dav Centenary Pub Sch,1630163,Jaitu Distt.  Faridkot Punjab,125201,1635,230427,210562,230050,bhanotsaroj@gmail.com,-,1987,Saroj Bhanot,Senior Secondary,Dav College Managing Committee,-,Faridkot
C.S. International School,1630451,"Vill. Kumbh, Amloh Road,mandi Gobindgarh, Distt Fatehgarh",147301,1765,324129,-,01765-255687,jimmyshahi007@gmail.com,-,2004,Jimmy Kataria,Senior Secondary,C.s. Education & Welfare Society Mandi Gobindgarh,-,Fatehgarh Sahib
C.M. Public School,1630631,"C.m. Public School Mahashay Shanti Prakash Marg,jandoli Road,rajpura",140401,1762,243002,27041300,-,cmps64@yahoo.co.in,-,1996,Usha Chopra,Senior Secondary,C.m. Public Senior Secondary School Society Rajpura Town,-,Patiala
"Cambridge Convent High School, Kot Ise Khan",1631137,V.p.o.kot Ise Khan Distt. Moga,142043,1682,01682240200,-,1682240200,cambridgeschoolkik@gmail.com,http://www.cambridgeschoolkik.com,2005,Dr. Sanjay Kumar,Senior Secondary,Cambridge Convent School Society P.o. Kot Ise Khan Distt Moga,-,Moga
Army Public School,1680003,"Hoshirpur Road, Jalandhar Cantt, Punjab",144205,181,2630776,-,-,armyschoolub@gmail.com,-,1973,Ashok K Jain,Senior Secondary,Army Welfare Education Socy Delhi,-,Jalandhar
Army Public School,1680014,Madhopur Tehsil Pathankot Distt. Gurdaspur Punjab,145024,1870,292092,1722623399,NA,asmadhopur@gmail.com,asmadhopur.org,1993,Mrs.anju Saini,Senior Secondary,Army Welfare Education Society,-,Pathankot
Army Public School,1680013,Beas Vill.godana P.o.dhilwan Distt Kapurthala Punjab,144804,1822,273218,273091,274764,apsbeas@rediffmail.com,-,1995,Mr. Subhash Joshi,Senior Secondary,Army Edn Welfare Society,-,Kapurthala
Army Public School,1680010,40 Baradari Near G P O Patiala Punjab,147001,-,-,200340,-,-,-,1985,Lt. Col. H.s.mallin,Senior Secondary,Army Welfare Educational Society,-,Patiala
Army Public School,1680017,Jalandhar Road Kapurthala Cantt. Punjab.,144601,-,-,200340,-,-,-,1992,Capt. R P Arjun,Senior Secondary,Army Welfare Edn. Society,-,Kapurthala
Army Public School,1680004,"Army Area,pathankot, Punjab",145001,186,01862227387,-,-,apspathankot@gmail.com,http://www.apspathankot.g/,1982,Mrs. Meetu Rathe,Senior Secondary,Awes,-,Pathankot
Army Public School,1680016,Sangrur Cantt Punjab,148001,1672,221172,9876577721,-,armyschool4684@yahoo.co.in,-,1991,Mr Shailesh Singhal,Secondary School,A W E S,-,Sangrur
Army Public School,1680012,Mamun Cantt Pathankot Distt Pathankot Punjab,145001,1826,21886,264873,-,armypublicschoolmamun@gmail.com,-,1997,Sushil Bhardwaj,Senior Secondary,Army Welfare Education Society,-,Pathankot
"Aryabhatta International School, Barnala",1630835,"Nh - 71, Bazakhana Road ,barnala.- Punjab",148101,1679,288053,-,01679-288053,principal.aryabhattaschool@gmail.com,http://www.aryabhataschool.com,2012,Shashi Kant Misra,Senior Secondary,Aryabhatta Educational & Charitable Socity  Barnala,-,Sangrur
Army School,1680021,Military Station Abohar Punjab,152116,1634,2482,68313,-,askanb94@rediffmail.com,-,2003,Mrs Shubha Chandran,Secondary School,Army Welfare Education Society,-,Firozpur
Ashok Vatika Public School,1630804,"Four Fields Avenue, G.t.road",143001,183,2589963,-,-,anchalmahajan1980@gmail.com,-,1995,Anchal Mahajan,Senior Secondary,Ashok Vatika Educational Trust,-,Amritsar
Ashmah International School,1630918,"Near House No. 115, Sector 70, Sas Nagar Mohali (punjab)",160071,172,4628139,095010-07131,-,arorapreeti005@gmail.com,http://www.ashmah.com,2005,Amarpreet Kaur,Secondary School,Lovewalk Educational & Welfare Trust,-,Rupnagar
Army Public School Kandrori,1630241,V&po Nangalbhur Teh Pathankot Distt Gurdaspur Punjab,145101,186,68424,68313,-,askanb94@rediffmail.com,-,1994,Smt Arati Patel,Senior Secondary,Awe Society,-,Gurdaspur
Aspire International School,1631003,Near Village Gobindgarh,152116,1634,9878143489,-,-,aspireschool3@gmail.com,http://www.aspireschool.in,2011,Saroj Rani,Secondary School,Aspire Educational Society,-,Firozpur
Asra International School,1631311,Po Nidampur Tehsil Bhawanigarh Distt Sangrur,148026,-,01672265727,-,1672265727,asracollege27@gmail.com,asracollege.edu.in,2016,Mrs. Pankaj Singla,Senior Secondary,Ram Asra Goyal Education & Research Society,-,Sangrur
Atam Public Sr. Sec. School,1631011,"Atam Public Sr. Sec. School, Atam Nagar, Ludhiana",141003,161,0161-2493877,-,-,atampublicschool@gmail.com,http://www.atamschool.ac.in,1974,Mrs.uma Devi,Senior Secondary,Atam Public Sr. Sec. School,-,Ludhiana
Atam Vidya Mandir School,1630769,Kanech Chowkguru Gobind Singh Margg.t Road,141120,161,2847304,-,-,avm.principal@ymail.com,-,2008,Pushpinder Kaur,Senior Secondary,"Atam Public Senior Secondary School,ludhiana",-,Nawanshahr
Atma Ram Memorial Convent School,1630719,Water-wrks Road,151501,165,2242072,-,-,benedict143@gmail.com,-,2001,Emanuel Benedict,Senior Secondary,Atma Ram Educational Charitable Trust,-,Mansa
Ats Valley School,1631071,"Ats Meadows,",140507,91,9988240247,8558837466,-,principal@atsvalley.edu.in,http://www.atsvalley.edu.in,2013,Deepak Dubey C,Secondary School,Ats Education Trust,-,Sas Nagar
Auckland Grammar Senior Secondary School,1631173,Auckland Grammar Senior Secondary School,142043,1682,8847014980,-,-,ACHARYASOMA16@GMAIL.COM,-,2016,Soma Acharya,Secondary School,Educational Research Promoting Society,-,Moga
Auxilium International School,1631255,"Opp. Police Lines, Bagguana,sangrur (punjab)",148001,-,9216400019,-,9216400019,auxiliumint.school@gmail.com,-,2016,Mrs. Anjali Arora,Secondary School,Mother Marry Educational Society Sangrur Punjab,-,Sangrur
Aukland Public School,1630624,"Village Trehti, Tehsil Dharkalan, Distt. Gurdaspur",143521,1870,263764,-,-,mandythakur@hotmail.com,-,2005,Swaran Lata,Senior Secondary,Aukland Educational Society,-,Gurdaspur
Atam Devki Niketan,1630573,"Kidwai Nagar,behind Mini Rose Garden, Ludhiana",141008,161,5073945,-,0161-2224682,ablashmridhu@yahoo.in,-,2002,Mridhu Ablash,Senior Secondary,S.s.jain Girls School  Commitee(registered),-,Ludhiana
B B M B D A V Public School,1630057,Talwara Township Distt Hoshiarpur Punjab,144216,1883,01883-236143,-,01883-236143,bbmbdavtalwara@yahoo.com,-,-,Mrs. Archana Kulshrestha,Senior Secondary,-,-,Hoshiarpur
Avm Senior Secondary School,1631116,Avm Senior Secondary School Thathiari Gate Batala,143505,1871,240500,-,1871270707,avmbatalakk@gmail.com,-,1967,Ritu Mahajan,Secondary School,The Managing Committe Avm Sr.sec School,-,Gurdaspur
B B M B D A V Public School,1630058,Nangal Township Distt Ropar Punjab,140124,1887,223124,01887-224924,-,rajneeshsharmadav@gmail.com,-,1985,Rajneesh Sharma,Senior Secondary,D A V College Managing Committee,-,Rupnagar
B C International High School,1630928,"Zira Road, Makhu",142044,1682,271003,-,-,bcischoolmakhu@gmail.com,-,2007,Savita Sharma,Secondary School,Kahlon Gill Educational Society,-,Firozpur
B C M School,1630380,Basant Avenue Dugri Road Ludhiana Punjab,141013,161,01612819843,-,161281634,bcmbasant@yahoo.com,http://dugri.bcmschools.org/,2004,Dr. Vandna Shahi,Senior Secondary,"Managing Commitee Bcm School, Dugri Road, Ludhiana",-,Ludhiana
B S F Sr Sec School,1680023,B S F Campus Jalandhar Cantt Punjab,144005,181,2225050,68313,-,bsfschooljalandhar@yahoo.com,-,2003,Dr. Bharat Bhushan Chauhan,Senior Secondary,Army Welfare Education Society,-,Jalandhar
B S T School,1630252,Beharipur Distt Kapurthala Punjab,144602,91,9814104301,-,-,singhjudge97@gmail.com,-,1994,Santokh Singh,Senior Secondary,Bersahib Trust,-,Kapurthala
B.G.N.Adarsh Public School,1631106,Village Shergarhvpo Bhagwangarh,151301,1655,248288,-,-,AMITGUPTA1168@GMAIL.COM,-,2001,Jasvinder Kaur,Secondary School,Blasomai Govindram Charitable Society,-,Bathinda
B.S.M.S.D.Rajput Public School Sujanpur,1631159,Near Bridge No.4 Jugial Road Sujanpur,145023,186,01862244372,-,1862243228,bsmsdrajputpublicschool@gmail.com,www.bsmsdrajput.com,2013,Mrs. Poonam Verma,Secondary School,Smsd Rajput High School,-,Pathankot
"Baba Aapo Aap Guru Nanak Public School,",1630805,"Chhintanwala Mansoorpur, Nabha Patiala Punjab",147201,1765,267551,-,-,baags.principal@gmail.com,-,2012,Sandeep Sharma,Senior Secondary,Aapo Aap Educational Society,-,Patiala
Baba Ajay Singh Khalsa Public School,1631242,Vpo Gurdas Nangal,143519,-,01874201223,-,-,gurdasnangal@yahoo.com,-,2014,Mr.gurdial Singh,Secondary School,Shiromani Gurdwara Parbandhak Committee,-,Gurdaspur
Baba Appo Aap Guru Nanak Public School,1630076,V P Chhintanwala Teh Nabha Dist. Patiala Punjab,147201,484,22764,23764,-,gtbps@dl2.vsnl.net.in,-,1987,Mrs Lovleen Syal,Senior Secondary,Baba Appo Aap Guru Nanak Education Society,-,Patiala
B.C.S International School,1630938,"Vill. Khalwara, Po.dhak Pandori, Teh. Phagwara, Distt. Kapurthala",144401,1824,270830,-,-,parveenlata581@gmail.com,-,2008,Parveen Lata,Senior Secondary,New B.c.s Educational Society,-,Kapurthala
Baba Aya Singh Riarki Public School,1631012,"Baba Aya Singh Riarki Public School, V.p.o Tughalwala, Gurdaspur 143527, Punjab",143527,-,9814748844,-,1872252246,indrakaur30@gmail.com,http://www.riarkipublicschool.com,2013,Inderjit Kaur,Senior Secondary,Baba Aya Singh Riarki Sports And Welfare Society,-,Gurdaspur
Baba Banda Singh Bahadur Public School,1630731,"Batala Road, Near Bidhipur Railway Crossing, Dhariwal",143519,91,9463494634,-,275183,bbsbps@gmail.com,-,2007,Brij Mohan,Senior Secondary,Baba Banda Bahadur Educational Trust,-,Gurdaspur
Baba Banda Singh Bahadur Public Sen. Sec. School,1631422,"Samana-patiala Road, Samana",147101,-,01764225538,-,-,sunita2612rani@gmail.com,https://bbsbpss.com,-,Sunita Rani,Senior Secondary,Baba Banda Singh Bahadur Public School,-,Patiala
Baba Deep Singh Modern Senior Secondary School,1631364,"V - Sangatpur, Tehsil - Kalanaur, District - Gurdaspur",143530,-,9814688806,-,-,bdsmodernschool@gmail.com,-,2005,Mr. Jasbir Singh,Senior Secondary,Bab Deep Singh  Ji Educational Society,-,Gurdaspur
Baba Deep Singh Public School,1631178,V.dehra Sahib; P.o.:jamarai,143411,91,8437994164,-,-,bdsps2016@gmail.com,http://www.bdsps.org,2014,Mrs. Ramandeep Kaur,Senior Secondary,Baba Deep Singh Public School Society,-,Tarn Taran
Baba Farid Public School,1630168,Harindera Nagar Fridkot Punjab,151203,1639,251102,01639-253779,-,mehrakuldeepkaur@rediff.com,-,1993,Kuldeep Kaur,Senior Secondary,Dr.vidya Parkash Gupta Edn. Trust,-,Faridkot
Baba Farid International School Kulgarhi,1631292,Vpo Kulgarhi Distt Ferozepur,152005,-,01632270399,-,1632270399,bfischool2018@gmail.com,www.babafaridinternationalschool.com,2018,Mrs. Ritu Chopra,Secondary School,Baba Jogi Peer Educational Society Kulgarhi,-,Firozpur
Baba Gandha Singh Public School,1631029,Vpo. Mehal Kalan Teh. & Dist. Barnala,148104,1679,01679256403,-,1679256404,bgspsmkl@gmail.com,http://www.bgsmkl.com,-,Dr. Himanshu Dutt,Secondary School,-,-,Barnala
Baba Gandha Singh Public School,1630045,Barnala Punjab,148101,1679,"230903, 2403",9815164360,-,bgsschool77@gmail.com,www.bgsbarnala.com,1980,Somanchi Srinivasulu,Senior Secondary,Baba Gandha Singh Education Trust (regd.),-,Barnala
Baba Isher Singh (N) Sr. Sec. Public School,1630753,"D-block, Brs Nagar, Ludhiana",141001,161,2456252,-,4628252,ranjusohal@gmail.com,-,1987,Ranjit Kaur,Senior Secondary,Baba Isher Singh (n) Charitable Education Trust,-,Ludhiana
Baba Isher Singh ( N) Public School,1630555,"D-block , Ranjit Avenue Amritsar",143001,183,2501705,251990,1832501705,bisnpss@yahoo.in,-,1992,Nisha Chaba,Senior Secondary,Baba Isher Singh (n) Education Trust,-,Amritsar
Baba Gandha Singh Public School,1630379,Bhadaur Barnala Road Distt Sangrur Punjab,148102,1679,"274164, 275176",230891,-,thoundasseryjoshi@gmail.com,-,1999,Joshi Joseph Thoundassery,Senior Secondary,Baba Gandha Singh Education Society,-,Sangrur
Baba Isher Singh Baba Kundan Singh (Nanaksar) Public School,1630791,"Village & P/o Jhoraran Tehsil Raikot, District Ludhiana",142032,91,9592212252,-,-,bisbksschool@gmail.com,-,2010,Palwinder Singh Cheema,Senior Secondary,Baba Isher Singh (nanaksar) Charitable Education Trust,-,Ludhiana
"Baba Isher Singh(N)public School,",1630628,"V.p.o.kattianwali,via Alamwala, Muktasar, Pubjab",151210,1637,250058,-,-,RAJVEERKAUR718@GMAIL.COM,-,2001,Rajveer Kaur,Senior Secondary,"Baba Isher Singh (n) Education Trust, H/o Ludhiana",-,Muktsar
Baba Ganda Singh Public Sr. Sec. School,1631047,"Vill. Langrian, Amargarh, Tehsil Malerkotla, District Sangrur",148023,1675,01675285526,-,1675285526,bgslangrian@gmail.com,http://www.bgsamargarh.com,-,Mrs. Harkawaljeet Kaur,Senior Secondary,-,-,Sangrur
Baba Jora Singh Memorial Public School,1630999,"Vill.gurbaxpura P.o.tibba Teh.dhuri,distt.sangrur",148025,1675,01675236327,-,1675236327,bgsgurbaxpura@gmail.com,http://www.bjsgurbaxpura.com,-,Mr. Yashpaul Singh,Secondary School,-,-,Sangrur
Baba Manjh Convent School,1630224,Kang Mai Distt Hoshiarpur Punjab,144208,1886,09855964452,-,-,jasbir665091@yahoo.in,http://www.bmcshsp.com,-,Mrs. Paramjit Kaur Sidhu,Senior Secondary,-,-,Hoshiarpur
Baba Shaheed Singh Public School,1630696,"Vill & P.o. Balian,tehsil & District Sangrur",148001,1672,247040,-,01672-247040,makhan_nangal@rediffmail.com,-,2007,Makhan Lal,Senior Secondary,Baba Shaheed Singh Educational Trust,-,Sangrur
Baba Shri Chand Public School,1630788,"Baba Shri Chand Public School ,nurpura P.o Halwara Teh. Raekot Distt . Ludhiana",141107,162,4266222,-,-,bscpschool@gmail.com,-,2004,Karamjit Kaur,Senior Secondary,"Shri Udasin Acharya Baba Shri Chand Educational Society,village Nurpura, Teh Raekot, Distt Ludhiana",-,Ludhiana
Baba Sahib Dass Public Senior Secondary School,1631196,Village Phaguwala,148026,-,9417276198,-,9417276198,babasahibdassschool@yahoo.com,-,1998,Baljit Kaur,Senior Secondary,"Baba Sahib Dass School Society (regd.), Bhawanigarh (sangrur)",-,Sangrur
Baba Wadhawa Singh Ji Vidya Kender,1631058,Vpo Bhucho Kalan,151101,164,2754013,-,-,babawadhawasinghbhucho@gmail.com,http://www.bwsjvk.com,-,Mrs. Sukhdeep Kaur Sidhu,Secondary School,-,-,Bathinda
Babu Brish Bhan Dav Pub School,1630219,Moonak Distt Sangrur Punjab,148033,1676,"276573, 76573",234243,06433-223037,ssanjeev.15041976@gmail.com,-,1996,Sanjeev Sharma,Senior Secondary,Dav College Managing Committee,-,Sangrur
Baby Convent School,1630912,Banur Ambala Road Mohali Banur Patiala Punjab,140601,91,7837151313,-,-,anptasr@yahoo.com,-,2010,Anmoldeep Kaur,Secondary School,The Baby Convent Education Society,-,Patiala
Bachpan English School,1630470,"Sangrur, Panjab",148001,1672,232725,-,-,bachpanschool@hotmail.com,-,2000,Anu Sudan,Secondary School,"Sangat Sahib Bhai Pheru Sikh Educational Society, Faridkot",-,Sangrur
Akal Academy Killi Nihal Singh Wala,1630875,"Killi Nihal Singh Wala, P.o.bhissiana, Via Goniana Mandi, Tehsil & District Bathinda - 151201",151201,-,01642447641,-,16123002119,KHEMSG@YAHOO.CO.IN,-,2010,Mrs. Narinder Kaur Dhillon,Senior Secondary,"The Kalgidhar Society, Baru Sahib",-,Bathinda
Akal Academy Madhir,1631360,"Akal Academy Madhir, Vpo Madhir, Near Focal Point, Tehsil Gidderbaha, District Sri Muktsar Sahib (punjab) - 152101",152101,-,9875987288,-,-,KHEMSG@YAHOO.CO.IN,-,2010,Mrs. Rajwinder Kaur Brar,Secondary School,"The Kalgidhar Trust, Baru Sahib (hp)",-,Muktsar
Akal Academy Navan Quilla,1631334,"Akal Academy Navan Quilla, Village Navan Quilla, Post Office Karma, Tehsil Guruharshai, District Ferozepur (punjab) - 152023",152023,-,9875987302,-,-,KHEMSG@YAHOO.CO.IN,-,2013,Mrs. Mohanjit Kaur,Secondary School,"The Kalgidhar Trust, Baru Sahib (hp)",-,Firozpur
Akal Academy Manoli Surat,1631313,"Akal Academy Manoli Surat, Village Manoli Surat, P.o. Naggal Charbar, Tehsil Dera Bassi, District S.a.s. Nagar Mohali (punjab) - 140601",140601,-,9464669025,-,-,KHEMSG@YAHOO.CO.IN,-,2012,Mrs. Rajni Thakur,Secondary School,"The Kalgidhar Society, Baru Sahib (hp)",-,Sas Nagar
Akal Academy Mehal Kalan,1631049,"Mehal Kalan, Vpo Mehal Kalan, Barnala - Raikot Road, District Barnala - (punjab) - 148104",148104,1679,01679255400,-,-,KHEMSG@YAHOO.CO.IN,-,-,Mrs. Balwinder Kaur Cheema,Secondary School,-,-,Barnala
Akal Academy Rampur Narotampur,1631235,"Village Rampur Narotampur, Po Jalalabad, Tehsil Khadoor Sahib, District Tarn Taran -(punjab) - 143118",143118,-,9875987310,-,-,KHEMSG@YAHOO.CO.IN,-,2012,Mrs. Rajbeer Kaur,Senior Secondary,"The Kalgidhar Trust, Baru Sahib (hp)",-,Tarn Taran
Akal Academy Puranewala,1630968,"Vpo Puranewala, Tehsil & Distt. Moga, Punjab-142038",142038,1636,273747,-,-,aapuranewala@akalacademy.ac.in,-,2008,Prabhjot Kaur,Secondary School,"The Kalgidhar Trust, Baru Sahib (hp)",-,Moga
Akal Academy Ratta Khera,1631133,"Ratta Khera, Vpo Ratta Khera (punjab Singh Wala), Tehsil & Distt. Ferozepur,  (punjab)",142052,1632,250444,-,-,aarattakhera@akalacademy.ac.in,-,2009,Ramandeep Kaur,Secondary School,"The Kalgidhar Trust, Baru Sahib",-,Firozpur
Akal Academy Seona,1631157,"Seona, Akal Academy Seona, Village Navan Pind, P.o.kulbanoo, Tehsil Patran, District Patiala- 147102",147102,1764,01764-224101,-,-,KHEMSG@YAHOO.CO.IN,-,2008,Mrs. Kushma Rani,Senior Secondary,"The Kalgidhar Trust, Baru Sahib",-,Patiala
Akal Academy Sowaddi Kalan,1631358,"Akal Academy Sowaddi Kalan, Village & Post Office Sowaddi Kalan, Tehsil Jagraon, District Ludhiana (punjab) - 142001",142001,-,9875987328,-,-,KHEMSG@YAHOO.CO.IN,-,2013,Mrs. Gurbinder Kaur,Secondary School,"The Kalgidhar Society, Baru Sahib",-,Ludhiana
Akal Academy Teja Singh Wala,1631010,"Akal Academy Teja Singh Wala, Village Kot Jaspat, P.o.bakipur, Tehsil & District Tarn Taran (punjab)-143401",143401,1852,9875987331,-,-,KHEMSG@YAHOO.CO.IN,-,2008,Mrs. Sandeep Kaur,Senior Secondary,"The Kalgidhar Trust, Baru Sahib",-,Tarn Taran
Akal Academy Theh Kalandhar,1631362,"Akal Academy Theh Kalander, Village Theh Kalander, Post Office Behak Khas, Tehsil & District Fazilka (punjab) - 152123",152123,-,9875987333,-,-,KHEMSG@YAHOO.CO.IN,-,2013,Mrs. Paramjit Kaur,Secondary School,"The Kalgidhar Trust, Baru Sahib (hp)",-,Fazilka
Akal Academy Uddat Saidewala,1631020,"Uddat Saidewala, Vpo Uddat Saidewala, Tehsil Budhlada, Distt. Mansa (punjab)-151503",151503,1652,9815988426,-,-,khemsg@yahoo.co.in,-,-,Mrs. Gurjeet Kaur Walia,Secondary School,-,-,Mansa
Akal Academy Vachhoa,1631367,"Akal Academy Vachhoa, P.o. Vachhoa, Via Chetanpura, Tehsil Ajnala, District Amritsar (punjab) - 143606",143606,-,9875987337,-,-,KHEMSG@YAHOO.CO.IN,-,2010,Mrs. Jatinder Kaur,Secondary School,"The Kalgidhar Trust, Baru Sahib (hp)",-,Amritsar
Akal Academy Tibber,1631030,"Vpo Tibber, Tehsil & Distt. Gurdaspur, Punjab-143529",143529,1874,01874253513,-,-,khemsg@yahoo.co.in,-,2010,Mrs. Gurvinder Kaur,Senior Secondary,"The Kalgidhar Society, Baru Sahib",-,Gurdaspur
Akal Galaxy Convent School,1631307,"Vill- Sidhupur, Lohian Khas, Distt- Jalandhar",144629,-,01828222625,-,-,agcs.lohian@gmail.com,http://akalgroupofinstitutions.org,2017,Miss Amanpreet Kaur,Secondary School,Akal Academy International(society),-,Jalandhar
Akal Academy Nawanpind Sujanpur,1631097,"Akal Academy Navan Pind Sujanpur,village Sujanpur, Near Power House Colony, Tehsil & District Pathankot (punjab) -145023",145023,-,9875987329,-,-,KHEMSG@YAHOO.CO.IN,-,2008,Mrs. Rupinder Kaur,Senior Secondary,"The Kalgidhar Trust, Baru Sahib",-,Pathankot
Akal Galaxy Convent School,1630735,"Vill Alladadchack , P.o. Sarain Jattan, Tehsil Sultanpurlodhi , Ditrict Kapurthala",144626,1828,293634,2346779,1828222918,principal.akalgalaxy@yahoo.com,-,2010,Mona Ghai,Senior Secondary,Akal Academy International Society,-,Kapurthala
Akal Sahai Academy,1630815,"Vill: Bhutal Kalan,sunam, Lehragara, Sangrur Punjab",148031,1676,320213,-,-,singh-baldev@hotmail.com,-,2004,Parveen Kumar,Secondary School,Puri Medical Institute Research Education Technology,-,Sangrur
Alpine International School,1630089,Dr. Hira Singh Road Civil Lines Ludhiana Punjab,141001,161,2770372,5014288,-,ALPINESCHOOL2@GMAIL.COM,http://www.alpineints.com,1986,Rajeshwari Dhir,Senior Secondary,Rajeshwari Kala Mandir,-,Ludhiana
Alpine International Public School,1631176,"Vpo Bholath, Kapurthala",144622,181,01815050165,-,-,alpineaipsbholath@gmail.com,alpineinternationalpublicschool.in,2009,Mrs. Pardeep Kaur,Secondary School,Baba Deep Singh Educational Society,-,Kapurthala
Alliance International School,1631039,"Chd-patiala National Highway ,sec-8 Ram Nagar Near Banur",140601,-,01762-507888,-,01762-507333,allianceinternationalskool@gmail.com,http://www.ais.ac.in,2015,Mrs. Aruna Bhardwaj,Senior Secondary,Shri Raghunath Rai Memorial Educational And Charitable Trust,-,Patiala
Alpine Public School,1630592,Patiala Road Bhadson Nabha,147202,1765,0765260082,-,-,alpine_bhadson@yahoo.in,www.apsbhadson.com,2005,Mrs. Kavita Kapoor,Senior Secondary,Alpine Educational Society,-,Patiala
Alpine Public School,1630678,"Nm College Road, Mansa",151505,1652,01652510188,-,-,aps.mansa@gmail.com,http://apsmansa.com,-,Mr. Pawan Thakur,Senior Secondary,-,-,Mansa
Alpine Public School,1630137,Kakra Road Bhawanigarh Dt. Sangrur Punjab,148026,1672,272470,9872073808,-,aromanarang@gmail.com,-,1995,Parminder Kaur Toor,Senior Secondary,Alpine Pub Sch Edn.trust,-,Sangrur
"Alpine Public School,",1630958,"Dhuri-barnala Road, Village Kakarwal (dhuri)",148024,1675,220177,-,01675-633597,alpinepublicschool7@gmail.com,http://www.apsdhuri.com,2003,Kusha Gupta,Secondary School,Alpine Educational Society,-,Sangrur
"Alpine Valley Public School, Akalia",1630996,Vpo - Aklia,151510,1652,01652262365,-,262365,alpinevalleyaklia@gmail.com,http://www.avpshoolaklia.com,2013,Mr. Iqbal Singh,Senior Secondary,Alpine Valley Educational And Welfare Society Aklia,-,Mansa
Amarpuri Public School,1630050,Siri Goindwal Sahib Distt Tarn Taran Punjab,143422,1859,9501356108,-,0183-2700808,amarpuripublicschool@gmail.com,http://www.amarpuripublicschool.in,-,Mrs. Anuradha Chandel,Senior Secondary,-,-,Amritsar
American School,1631149,"Verowal Road,vpo Dharar,jandiala Guru",143001,998,9988851756,-,-,americanschoolprincipal@gmail.com,-,2011,Rajinder Kaur,Secondary School,Brilliant Brainz Educational Society,-,Amritsar
Ambika Public School,1630304,"Vill Badli, Badala Road Teh Kharar Distt Ropar Punjab",147001,172,2725220,-,-,ambikacollege123@gmail.com,-,2004,Om Parkash Sharma,Senior Secondary,Ambika Prasad Pandey Edu & Res Foun,-,Rupnagar
Amity International School,1631423,"Sector 79, , Near Nipccd Building",140308,-,0172-4607880,-,-,principal@aismohali.amity.edu,https://www.amity.edu/ais/mohali/,-,Urvashi Kakkar,Secondary School,Ritnand Balved International Educational Foundation,-,Sas Nagar
Amrit Indo Canadian Academy,1630443,"Vill- Ladian Khurd, Distt Ludhiana, Punjab 141008",141421,161,"6550181, 2801988",-,-,amritindoca@yahoo.co.in,-,1989,Jaskiran Poonam,Senior Secondary,Mehta Institute Of Education,-,Ludhiana
Amritsar Public School,1630247,"Focal Point, G T Road Amritsar Punjab",143001,91,"7355544465, 2588001",76049,-,gurpreetoberoi98@gmail.com,-,1998,Gurpreet Kaur Oberoi,Senior Secondary,Amritsar Edn Society,-,Amritsar
Alpine Wood School,1631431,"Near Civil City, Ludhiana",141001,-,01612915121,-,-,alpinewoodsandhunagar@gmail.com,http://www.apssandhunagar.in,-,Aarti Bansal,Secondary School,Jodh Singh Memorial Educational Society,-,Ludhiana
Anand Isher Sr.Sec.Public School,1630611,V.p.o.chhapar,141204,1675,01675-240286,-,01675-240286,anandisher@gmail.com,-,-,Mr. Bipan Sethi,Senior Secondary,-,-,Ludhiana
Akal Jot Public Senior Secondary School,1631340,"Opp. Garg Filling Station, Village Shergarh, Distt. Patiala (punjab)",147105,-,9815301672,-,9815301672,akaljt8@gmail.com,http://www.akaljotshergarh.in,2005,Dr. Jaspal Kaur,Senior Secondary,"Akal Educational Society, Khanouri Mandi-148027, Distt. Sangrur (punjab)",-,Patiala
Anand Public School,1630098,Mandi Road Kapurthala Punjab,144601,1822,"502801, 32489",1822239132,1822501807,aps_professional@yahoo.co.in,-,1990,Arvinder Singh Sekhon,Senior Secondary,Ashi Anand Cheritable Trust,-,Kapurthala
Anand Sagar Academy,1630552,"Koir Singh Wala ,tehsil Rampuraphul, Bhatinda",151108,1651,253217,-,-,principalsuman@rediffmail.com,-,2005,Suman Sharma,Senior Secondary,"Anand Sagar Educational Society ( Regd. )  Koir Singh Wala , Tehsil Phul , District Bhatinda",-,Bathinda
Anee's School,1630565,Shivjot Enclave Kharar Ropar,140301,91,7527066621,-,0172-4642657,anees.school@yahoo.com,www.aneesschool.com,2008,Sunil Kumar,Senior Secondary,Aggarwal Educational Trust (regd),-,Rupnagar
Anee's School,1630868,Sector-69 Mohali,160062,91,9464644444,-,1725044741,aneeschool.69@gmail.com,-,2002,Jitender Saxena,Senior Secondary,Aggarwal Educational Trust,-,Rupnagar
Angel Heart Convent School,1630326,Goal Chowk Dharmkot Punjab,142042,1682,"220118,220077, 220077",-,-,angelheartschool@yahoo.com,http://www.angelheartschool.com,-,Mrs. Harwinder Kaur,Senior Secondary,-,-,Moga
Angels Valley School,1631231,Angels Valley Schoolvillage Pabrisiel Chemical Roadrajpura,140401,-,"9872633742,9779113742",-,-,angelsvalleyrajpura@gmail.com,http://www.angelsvalley.edu.in,2017,Mrs. Ruth Shefali Malhotra,Senior Secondary,Brij Mohan Sardana Educational Society,-,Patiala
Angels Wld School,1630837,"Village Barhi Marauli , P.o. Minda ,kharar Minda Road , Tehsil Chamkaur Sahib",140101,91,7508140551,-,-,sharmadeep855@gmail.com,-,2011,Deepika Sharma,Secondary School,Piara Singh Bajwa Charitable Society,-,Rupnagar
Angels World School,1631217,Miri Piri Academy Road Chheharta Amritsar,143105,-,09501802168,-,-,angelworldschool2016@gmail.com,http://angelsworldschool.org,2006,Mrs.satinder Khurana,Secondary School,Amritsar Educational Society,-,Amritsar
Apeejay School,1630392,Rama Mandi Hoisharpur Road Jallandhar Punjab,144023,181,"2410253, 2413835",1352771216,-,prin.rmd.jln@apeejay.edu,http://www.doonglobalscho,2002,Madhu Sharma,Senior Secondary,Apeejay Education Society,-,Jalandhar
Apeejay School,1630010,New Jawahar Nagar Mahavir Marg Jalandhar City Punjab,144001,181,2458546,2221559,2453607,prin.ms.jln@apeejay.edu,http://www.apeejay.edu,1968,Girish Kumar,Senior Secondary,Apeejay Educatin Socy Pragti Bhawan,-,Jalandhar
Apex International Public School,1630485,"Kapurthala Road , Nakodar, Distt Jalandhar, Punjab",144040,1821,220164,-,1821293995,shallugupta13@gmail.com,-,2004,Shallu Gupta,Senior Secondary,Sardar Bishan Singh Dosanjh,-,Jalandhar
Apkf Public School,1630844,"Village Kalla,tarntaran-goindwal Road,",143401,91,09041012698,-,-,ravapkf@gmail.com,http://www.apkfschool.net,2010,Ravinder Kaur,Secondary School,Apkf Educational Society (regd.),-,Tarn Taran
Angel's Pub School,1630192,Dalhousie Road Mamun Chowk Mamun Pathankot Punjab,145001,186,2347006,2434604,-,shivalikadhillon@angels-school.com,-,1998,Shivalika Dhillon,Senior Secondary,Angel's Pub School Soceity,-,Pathankot
Apollo Public School,1631184,Ghanour,140702,-,01762-267007,-,01762- 267007,apsghanourprincipal@gmail.com,http://www.apsghanour.nic.in,2016,Mrs.luckhwinder Kaur,Secondary School,Apollo Society Of Education,-,Patiala
Apollo Public School,1630221,Urban Estate Near Radio Station Patiala Punjab,147002,175,"2282131, 283938",-,-,rupasandhu39@yahoo.in,-,1999,Rupinder Dhillon,Senior Secondary,Apollo Society Education,-,Patiala
Apple International School,1630890,Channu,152113,1637,01637290310,-,-,appleinternationalschoollambi@gmail.com,http://www.appleinternationalschool.in,-,Mrs. Gagandeep Kaur,Senior Secondary,-,-,Muktsar
Army  Public School,1680002,Unchi Bassi P O Lamin Tehsil Dasuya Hoshiarpur Distt Punjab,144205,1883,"322250,8146111719",-,-,biobhupesh@gmail.com,-,1973,Mr. Bhupesh Angra,Senior Secondary,Army Welfare Education Socy Delhi,-,Hoshiarpur
Aprajita International Co.Ed School,1630783,Vpo Bhater Tehsil Mukerian Distt Hoshiarpur,144224,1883,8968267190,-,-,aicsbhater@gmail.com,http://www.aprajitaeducationalgroup.org,2008,Mr. A K Sharma,Secondary School,Aprajita Charitable Trust,-,Hoshiarpur
Army Public  School,1680006,Amritsar Cantt Punjab,143001,-,6917,9915006805,-,armypublicschoolasr@gmail.com,-,1985,Mrs Rajdeep Jain,Senior Secondary,Army Welfare Education Society,-,Amritsar
Army Public School,1680008,"Hospital Road, Ferozpur Cantt, Punjab",152001,1632,245437,-,248209,armyschoolfzr@rediffmail.com,-,1984,Dr Sanjeev Jain,Senior Secondary,Hq Inf Div,-,Firozpur
Army Public School,1680007,"Fazilka Cantt, Distt Ferozepur, Punjab",152123,1638,"264403, -",-,-,apsfazilka@gmail.com,-,1976,Mrs. Nirdosh Soni,Senior Secondary,Army Board,-,Firozpur
Army Public School,1680009,"Bhatinda Cantt, Punjab",151004,164,6933,2290057,-,apsbathindacantt@gmail.com,-,1976,Mrs Anisha Ghuman,Senior Secondary,Hq Inf Div,-,Bathinda
Army Public School,1680011,Tibri Gurdaspur Punjab,143530,1874,329504,1874329504,241418,armyschool_tibri@yahoo.com,-,1991,Mrs. Sukhwant Kaur,Senior Secondary,Army Welfare Educational Society,-,Gurdaspur
Army Public School,1680019,Faridkot Faridkot Military Station C/o Hq 16 Artillery Brigade C/o 56 Apo,151301,1639,263788,1639263788,-,armysch_fdk@rediffmail.com,-,1991,Mr. Rajesh Kumar Sharma,Secondary School,Army Welfare Edu Society,-,Faridkot
