Academic Heights Public School,3630321,"Sy No 78, Venakataramana Colony, Gokul Plots, Hafeezpet, Serilingampally Mandal",500072,-,9000103540,-,-,academicheightskphb@gmail.com,http://www.academicheightskphb.com,2018,Mrs. K Madhavi Krishna,Secondary School,Ims Educational Society,-,Rangareddy
Academic Heights Public School,3630375,"Plot No,1&2, Opp.venkateshwara Colony,injapur, Abdullapurmet Mdl, Ranga Reddy Dist",501510,-,9121019898,-,-,principalinj@academicheightshyd.com,-,2019,Mrs. Yerra Jhansi Latha,Secondary School,Ksr Educational Society Injapur,-,Rangareddy
Academic Heights Public School,3630234,"18-4-42/a, Aliabad Sahmshergunj",500053,40,04064546403,-,-,ahpscharminar@yahoo.com,http://ahpscharminar.com/,2015,Mrs. Najmaunisa Begum,Senior Secondary,Athena Educational Society,-,Hyderabad
Academic Heights School,3630180,Bachpan Campus Jagadeevpur Road Hanmapur  Bhongir,508116,8685,243693,-,-,ahps.principal@gmail.com,-,2012,Teegala Jayalaxmi,Secondary School,Pragnak12 Educational Society,-,Nalgonda
Akshara The School,3630381,"Bharath Nagar, Kushaiguda, Kapra Mandal, Medchal-malkajgiri Dist",500062,-,9502655515,-,-,principal@akshara.edu.in,AKSHARA.EDU.IN,2016,Mrs. Divya Devi,Secondary School,Akshara Educational Society,-,Rangareddy
Air Fce School,3680005,Begumpet Air Fce  Station Begumpet P.o Hyderabad Andhra Pradesh,500011,40,7753551,6507607,-,-,-,1977,Mrs. B Magdalene Roy,Senior Secondary,Iaf Educational Cultural Society N.d,-,Hyderabad
Almas High School,3630247,"6-69,chincholi Road, Allahpur",501411,-,08411-202525,-,-,almas202525@gmail.com,http://almasilm.com/,2012,Mrs.tabassum Sultana,Secondary School,Almas Educational And Charitable Trust,-,Rangareddy
Academic Heights Public School,3630210,"Survey No:51, Venkat Reddy Colony, Bolligudem Road, Boduppal",500039,40,7093903311,-,-,ahpsboduppalprincipal@gmail.com,-,2014,Sinita Yempati,Secondary School,Koushik Reddy Educational Society,-,Rangareddy
Arka School,3630356,"Arka School, Sy.no.89 & 90, Almasguda, Balapur(m),ranga Reddy District.",500058,-,04029888881,9492441441,-,arkainternationalschool@gmail.com,www.arkainternationalschool.com,2019,Mr. Allam Ratna Reddy,Secondary School,New Gayatri Educational Society,-,Rangareddy
Army Public  School,3680008,"Golconda, Artillery Centre, Hyderabad, Andhra Pradesh",500031,40,23522885,-,-,-,-,1982,Vidya Muralidharan,Senior Secondary,Army Welfare Education Society,-,Hyderabad
Atomic Energy Central School,3680001,E C I L Campus  Near Tifr E.C.I.L. Post Hyderabad Andhra Pradesh,500062,40,"7120268, 7120131",7134301,-,rkdas@nfc.ernet.in,-,1973,S G Bajwa,Senior Secondary,Atomic Energy Education Society Bombay,-,Hyderabad
Al - Falah School,3630295,"# 8-1-423/127, Behind Seven Tombsdiamond Hills Colony,tolichowkihyderabad - 500008",500008,-,7207075772,-,7207025772,frontofficealfalah@gmail.com,http://www.alfalahschool.co.in,2013,Mrs. U K Juveria,Secondary School,Yawar Educational & Charitable Society,-,Hyderabad
Abhaya School,3630083,"Gundla Pochampally Village, Near Apparel Textile Park, Medchal Mandal Dist, Rangareddy,",500014,1734,08008222356,1741224366,-,abhaya_school@yahoo.co.in,http://www.abhayaschool.in,2008,L.shailaja,Senior Secondary,Abhaya Educational Society,-,Rangareddy
Anna Memorial  High School,3630367,Choutuppal(v & M) Yadadri - Bhongir  District,508252,-,08694272808,-,-,fatherchinna@rediffmail.com,www.annamemorialschool.com,2002,Mrs. Sunitha G,Secondary School,St. Pauls Charitable Trust,-,Nalgonda
Atomic Energy Central School,3680007,Dae Colony Ecil Po Hyderabad Andhra Pradesh,500062,40,7123363,7125759,-,-,-,1981,M Sitamahalakshmi,Secondary School,Atomic Energy Educational Society,-,Hyderabad
Atomic Energy Central School,3680003,Heavy Water Plant Colony Aswapuram Khammam Distt. Andhra Pradesh,507116,8746,24351,24376,24340493,aecs_manuguru@rediffmail.com,-,1984,Shobha Dove,Senior Secondary,"Atomic Energy Education Society, Bo",-,Khammam
Alphores High School,3630162,"Hno : 3-205/1/2, Jagtial Road, Kothapally (H), Karimnagar",505451,-,9247021444,-,8782239644,alphoresc@gmail.com,http://www.alphores.com,2015,Mrs.m. Aruna Kumari,Senior Secondary,Alphores Educational Society,-,Karimnagar
Academic Heights Public School,3630288,"Academic Heights Public School, Kistareddypet Village,ameenpur Mandal, Sangareddy Dist",502032,-,9618380022,-,-,academicheightsbeeramguda@gmail.com,-,2017,Mrs. J.lakshmi Raghavendra,Secondary School,Deeksha Beeramguda Educational Society,-,Medak
Atomic Energy Central School,3630275,E C I L Campus  Near Tifr E.c.i.l. Post Hyderabad Andhra Pradesh,500062,40,"7120268, 7120131",7134301,-,rkdas@nfc.ernet.in,-,1973,S G Bajwa,Senior Secondary,Atomic Energy Education Society Bombay,-,Hyderabad
Atomic Energy Central School,3630276,Heavy Water Plant Colony Aswapuram Khammam Distt. Andhra Pradesh,507116,8746,24351,24376,24340493,aecs_manuguru@rediffmail.com,-,1984,Shobha Dove,Senior Secondary,"Atomic Energy Education Society, Bo",-,Khammam
Atomic Energy Central School,3630280,Dae Colony Ecil Po Hyderabad Andhra Pradesh,500062,40,7123363,7125759,-,-,-,1981,M Sitamahalakshmi,Secondary School,Atomic Energy Educational Society,-,Hyderabad
Aurobindo Public School,3630034,Ravindra Nagar Nalgonda Andhra Pradesh,508001,8682,223020,9866219793,-,aurobindonlg@yahoo.com,-,1983,Mr. M Marreddy,Secondary School,Maharishi Shiksha Sansthan,-,Nalgonda
Aryabhatta High School,3630323,"Sy. No. 26/1, Mallapur Village, Bheemsari Grampanchayat,adilabad (rural) Mandal, Adilabad District - 504001 (t.s.)",504001,-,8985656900,-,-,aryabhattahsmallapur@gmail.com,aryabhattainternationalschool.com,2018,Mrs. Cheruku Sandhya Reddy,Secondary School,Adil Educational Society,-,Adilabad
Avn Vida School,3630300,"Sy No.74(p)journalists Colony,gopanpally Serilingampally (m)rangareddy District",500032,-,04029880398,-,4029880398,avnvidaacademics@gmail.com,http://avnvidainternationalschool.com/,2017,Dr. Kiran Singh,Secondary School,Sri Surya Educational Society,-,Rangareddy
Azaan International School,3630106,"9-4-136, Seven Tombs Road, Tolichowki Golkonda, Hyderabad",500008,-,"04064509370,04024413483",-,4024412197,azaan.cbse@gmail.com,http://azaanschool.com,2010,Mrs.perween Sultana Shikoh,Senior Secondary,Anwar Charitable Trust,-,Hyderabad
Azra Public School,3630024,10-2-510/1  Asif Nagar Mehdipatnam Main Road Hyderabad Andhra Pradesh,500028,40,"3530453 3530262, 3530262",3010127,-,azra.school@gmail.com,http://www.azrapublicscho,1984,Mrs. Mumtaz Jahan,Secondary School,A.p. Modern Educational & Social Services Society,-,Hyderabad
Balaji High School,3630221,Laknepally,506133,9187,8978954224,-,-,rpbts@yahoo.com,http://www.btswgl.in,2010,P Rajendra Prasad,Secondary School,Maheshwara Educational Society,-,Warangal
Bhadrachalam Public School & Jr. College,3630006,Sarapaka Khammam Dist. Andhra Pradesh,507128,8746,"217066, 42340",243312,242460,prabhakar123_in@yahoo.co.in,http://www.itcptel.com,1979,Mr. G.prabhakar Reddy,Senior Secondary,B P L Society,-,Khammam
Bharatiya Vidya Bhavan's Public School,3630007,Jubilee Hills Road No.71 Hyderabad Andhra Pradesh,500033,40,"3544934, 3600122",3548849,-,bvbpsjh@rediffmail.com,-,1979,C Ramadevi,Senior Secondary,B V Bhavan,-,Hyderabad
Bharat Public School,3630047,Subhash Chandra Bose Nagar Ramavaram Kothagudam Andhra Pradesh,507118,8744,0874423102,-,-,msubbarao_2000@yahoo.com,-,-,Mr. M.subba Rao,Secondary School,Gurazada Educational Society,-,Khammam
Bharatiya Vidya Bhavan's Vidyashram,3630030,Nird Campus Rajendranagar Hyderabad Andhra Pradesh,500030,40,"4016404, 4015001",3814856,-,apbso4@rediffmail.com,-,1996,V S N Raju,Secondary School,Bvb's Vidyashram,-,Hyderabad
Bharatiya Vidya Bhavans Atmakuri Rama Rao School,3630078,"Road No.45 (end), Jubilee Hills, Hyderabad",500033,-,040-64556630,-,23607772,bvbarrshyd@gmail.com,http://www.bvbarrs.edu.in,2009,Dr.r. Arulmozhi Rani,Senior Secondary,Bharatiya Vidya Bhavan,-,Rangareddy
"Bhartiya Vidya Bhawan, Bhavans Sri Ramakrishna Vidyalaya",3630003,"Sainikpuri Post, Malkajgiri Mandal,medchal District,secunderabadpin 500094telangana",500094,40,04027112561,-,4027113981,principalbsrkv@gmail.com,www.bsrkv.edu.in,1974,Mrs. B Jyothi Aparna,Senior Secondary,Bharatiya Vidya Bhavan,-,Rangareddy
Bharatiya Vidya Bhavans Public Schoo,3630009,"Bhel Township, R C Puram, Hyderabad",500032,40,"040-23024910, 3021902",06767-248116,040-23023922,ramahap@yahoo.co.in,http://www.bhavansbhelhyd.com,1981,Mr.ms/m.uma,Secondary School,Jindal Education & Welfare Soc,-,Medak
Bhashyam Blooms School,3630343,"J.j.colony, Kapra, Kapra Mandal, Medchal Malkajigiri",500062,-,8886633796,-,-,tulsinanda@bhashyam.in,http://www.bloomsecil.in,2018,Mrs. M Savitha,Senior Secondary,Bhashyam Educational Society,-,Rangareddy
Bhashyam Blooms School,3630362,"Mithilanagar Colony, Pragathinagar, Gajularamaram Village, Bachupally Mandal",500090,-,9121326111,-,-,sangeeta.p@bhashyam.in,http://www.bloomspragathinagar.in,2019,Mrs. P Sangeeta,Secondary School,Bhashyam Educational Society,-,Rangareddy
Bhashyam Blooms School,3630361,"Apr Nagar, Near Gmr Function Hall, Patancheru Town",502319,-,9121326555,-,-,mahalakshmi.k@bhashyam.in,https://www.bloomsbeeramguda.in,2019,Mrs. P Anupama,Secondary School,Bhashyam Educational Society,-,Medak
Bhashyam Blooms School,3630428,"Lecturers Colony , Hayathnagar, Rangareddy District",501505,-,7337446464,-,-,vijayalakshmi.ganta@bhashyam.in,https://bloomshayathnagar.in/,-,Vijaya Lakshmi,Secondary School,Bhashyam Educational Society,-,Rangareddy
Bhashyam Blooms School,3630273,"Sy.no. 1/aa & I/ee, 1/part, Ward No. 12, Block No. 1, Fathullaguda (v), Uppal (m), L.b.nagar, Rangareddy Dist.",500068,-,040-29704920,-,-,archana.t@bhashyam.in,http://www.bloomsnagole.in,2017,Mrs. R Komali,Secondary School,Bhashyam Educational Society,-,Hyderabad
Bhashyam Blooms The School,3630274,"Bhashyam Blooms The School, Mohabath Nagar, Thummaluru (v), Maheshwaram (m), Rangareddy (d)",501359,-,9603855532,-,-,nageshbabu.m@bhashyam.in,http://www.bhashyamblooms.com,2017,Mr. M Nagesh Babu,Secondary School,Bhashyam Educational Society,-,Rangareddy
Bhashyam Brooks Ups,3630141,"Balakrishna Nagar, Kukatpally",500072,-,04064630044,-,-,brooks@bhashyam.in,-,2011,Mrs.r Komali,Secondary School,Bhashyam Educational Society,-,Rangareddy
Bhavisyaa School,3630355,"Sr No 58/1, Kamranghat Village, Saroor Nagar Mandal, Hasthinapuram",500074,-,9848228936,-,-,sribhavishyaaschool@gmail.com,http://www.bhavishyaaschool.com,2017,Mr. Srinivas Reddy,Secondary School,Shri Bhavisyaa Educational Society,-,Rangareddy
Birla Open Minds International School,3630147,"Survey No.192 & 193, Kollur,9th Km Off The Outer Ring Road From Gachibowli To Patancheru,kollur(v),ramachandrapuram(m),medak District.",502300,-,91 07337391976,-,-,openminds.hyd@gmail.com,http://www.openminds.in,2010,Mrs. Syamali Chowdhury,Senior Secondary,Dsr Educational Society,-,Medak
Birla Open Minds School,3630308,"H.no.33-7-187,thimmapoor Village,fort Warangal Mandal,",506005,-,08702577141,-,-,principal.warangal@openminds.in,-,2018,Mr. Sanjay Dewangan,Senior Secondary,Bhavitha Educational Society,-,Warangal
Birla Open Minds School,3630235,"Survey No. 23&24, Sriram Nagarsahara Road, Mansoorabadrangareddy Telangana-500068",500068,40,04024121235,-,-,Principal.lbnagar@birlaopenminds.com,www.shlokaschool.com,2016,Mr. M.j.thomas,Senior Secondary,Bodha Educational Society,-,Rangareddy
Blooming Minds Central School,3630115,"Kaikondaigudem Post, Rural Mandal, Near Trinity Pg College, Ballepalli, Khammam Dt, Andhra Pradesh",507002,-,09542518594,-,-,bloomingminds.khammam@gmail.com,http://www.bloomingminds.co.in,2011,Vajrala Kiran Kumar,Senior Secondary,B.m.educational Society,-,Khammam
Brahm Prakash D A V School,3630017,Midhani Township Kanchanbagh Hyderabad Andhra Pradesh,500058,40,24342036,4024344882,402434203,bpdavschool@yahoo.com,bpdav@indiatimes.com,1985,Mr. B. Prabhakar,Secondary School,Dav College Trust Management Societ,-,Hyderabad
C A L Public School,3630036,1-50  Kapra Main Road Kapra Hyderabad Andhra Pradesh,500762,40,"7120807, 7123672",7731583,-,chaos_ns@yahoo.com,-,2001,C Inna Reddy,Senior Secondary,"Ratlam Maruti Educational Society, Ratlam",-,Hyderabad
Brigade Public School,3630240,"4-1-100 Near Pillar No. 122, Attapur,rajendranagar Circle, Rangareddy, Telangana-500048.",500048,-,040-24010520,-,-,jaipalreddypp@gmail.com,http://brigadepublicschool.com/,2012,Mrs. Urmila Nair,Secondary School,Supraja Educational Society,-,Rangareddy
Canary The School,3630368,"1-110/3/g,madinaguda,miyapur",500049,-,9100090038,-,-,chairman@canaryschool.in,www.canaryschool.in,2016,Mrs. Aparna Cherukuri,Secondary School,Gautami Educational Society,-,Rangareddy
Candor Shrine I School,3630175,"Sy.no.612, Laxmareddy Palem,peddamberpet Nagar Panchayath,hayath Nagar Mandal.r.r.dist.",501505,-,040-24209222,-,040-24209222,principal.csis@gmail.com,http://www.candorshrineischool.com/contact.html,2013,Mrs.sowjanya K,Senior Secondary,Shri Vani Vaishnavi Educational Society,-,Rangareddy
Carmel Convent School,3630087,Acc Mancherialadilabad Dt,504208,484,"08736250051,08736-252417",-,8736252417,cchscbse@gmail.com,http://carmelcbsemancherial.com/,-,Miss Sr. Jancy Thomas,Secondary School,-,-,Adilabad
Carisbrook School,3630313,"2-99/1, Survery No 43, Venkriyala Villalge, Bibinagar, Yadadri Bhongir",508126,-,7995057758,-,-,saher@carisbrookschool.com,www.carisbrookschool.com,2017,Mr. Ch. Hemath Asher,Secondary School,Knowledge Province Education System,-,Nalgonda
Chirec International School,130148,"1-55/12, Kondapurkothaguda [po]rangareddy District Hyderabad - 500084 Telangana",500084,40,"04044760999, 3010029",-,3010903,office.kp@chirec.ac.in,http://www.cbse.chirec.ac.in,1989,Mrs. Iffat Ibrahim,Senior Secondary,Chirec Educational Society,-,Hyderabad
Cmr International School,3630122,"173, Plassey Lane, Bowenpally Secunderabad Hyderabad Balanagar Andhra Pradesh",500011,-,04027758892,-,-,cmrschool@ymail.com,http://www.cmrschools.com,2010,Mrs.lizzey Benedict,Secondary School,C Malla Reddy Educational Society,-,Hyderabad
Cmr International School,3630148,"Sy No. 163/2 & 163 & 174, Suraram Colony, Quthbullapur(m), Medchal District",500055,-,"04023091079,9441051672",2.86E+17,-,cmrinternationalsuraram@gmail.com,www.cmrschools.in,2014,Mrs.anuradha Indla,Senior Secondary,B.k.educational Society,-,Hyderabad
Creekside School,3630261,"Creekside School, C/o Mohammed Misbahuddin, D.no.3-267, Via Chaitanya Bharati, Aziznagar Village, Moinabad Mandal, Hyderabad - 500 075.",500075,-,09490071302,-,-,creeksideschool@gmail.com,http://www.creeksideinternational.com,2011,Mr.mohammed Misbahuddin,Senior Secondary,Qamer Educational Society,-,Rangareddy
Cmr International The School,3630126,"32-117, Shapur Nagar, Jeedimetla, Quthbullapur, Hyderabad, Telangana- 500 055",500055,-,04023094528,-,-,swaroop4240@gmail.com,-,2004,Mr.maria Das,Secondary School,Malla Reddy Educational Society,-,Hyderabad
City Central School,3630334,"3-124/1, Gandhi Nagar, Chillepally Village, Nereducherla Mandal, Suryapet District, Telangana State - 508218",508218,-,9440097157,-,-,ccschillepally@gmail.com,http://www.citycentralschools.com,2011,Mr. R Srinivasa Chary,Secondary School,Vallamsetla Venkatramaiah Rukminamma Memorial Society,-,Nalgonda
Chinmaya Vidyalaya,3630042,Kundan Bagh  Begum Pet Hyderabad Andhra Pradesh,500016,40,3317594,3747739,-,pvgrao@hotmail.com,-,1993,P Ramalakshmi,Senior Secondary,Chinmaya Sewa Trust Hyderabad,-,Hyderabad
Kendriya Vidyalaya,3600008,Ntpc  Jyothi Nagar Ramagundam  Karimnagar Distt. Andhra Pradesh,505215,8728,62119,71290,-,kvwaltair@yahoo.com,-,1980,S H Sarath,Senior Secondary,Kendriya Vidyalaya Sangathan,-,Karimnagar
Kendriya Vidyalaya,3600018,"Village Polpally, Near Karunagiri, Khammam, Andhra Pradesh",507003,8742,210599,-,-,-,-,1986,K Laxmaiah,Senior Secondary,Kendriya Vidyalaya Sangathan,-,Khammam
Kendriya Vidyalaya,3600009,A.f.s. Begumpet Hyderabad Andhra Pradesh,500011,40,"7751560, 7751006",7751006,322223220,kenvidya@yahoo.com,www.kvno1afskkd.org,1982,Mrs Prabha M Mulay,Senior Secondary,Kendriya Vidyalaya Sangathan,-,Hyderabad
Kendriya Vidyalaya,3600019,"Mahabubnagar, Red Cross Building, Yenugonda, Mahabubnagar, Andhra Pradesh",509002,8542,270270,08942-240084,-,kvsklm2000@yahoo.com,-,1994,N.s.s. Prasad,Senior Secondary,K V S,-,Mahbubnagar
Kendriya Vidyalaya,3600010,Ordnance Factory Eddumailaram Dist. Medak Andhra Pradesh,502205,40,"3241021, 38255",3241021,-,principal508@yahoo.com,-,1985,Smt. D Sudhamani,Senior Secondary,Kendriya Vidyalaya Sangathan,-,Medak
Kendriya Vidyalaya,3600006,Bolarum  Allenby Lines J J Nagar (p.o) Secunderabad Andhra Pradesh,500087,40,27862525,8179769402,4027862525,kvbolarum087@gmail.com,http://www.kvbolarum.org,1983,Veena Anil Kumar Rote,Senior Secondary,Kendriya Vidyalaya Sangathan,-,Rangareddy
Kendriya Vidyalaya,3600016,Nfc Nagar Colony Ghatkesar R R Distt Andhra Pradesh,501301,8415,22011,25579035,242258,kv-no3patiala@yahoo.co.in,-,1986,V Ramayya,Senior Secondary,Kendriya Vidyalaya Sangathan,-,Rangareddy
Kendriya Vidyalaya,3600023,"Miryalaguda, Opp. Nsp Camp Ground, Miryalaguda Town, Nalgonda Dist. Telangana- 508 207",843334,-,-,-,-,-,-,1994,-,Secondary School,Kendriya Vidyalaya Sangathan,-,Nalgonda
Kendriya Vidyalaya,3600022,"Besides Ysr Part, Ramnagar Nalgonda, Telangana -508001",508001,8682,230123,223123,-,basaut@bitsmart.com,-,1993,N. Chalapathi,Senior Secondary,Kendriya Vidyalaya Sangathan,-,Nalgonda
Kendriya Vidyalaya,3600024,"Nandamuri Nagar Colony, Mahabudabad Warangal Dt. Telangana-506 101",-,-,-,-,-,-,-,1994,-,Secondary School,Kendriya Vidyalaya Sangathan,-,Warangal
Kendriya Vidyalaya,3600025,"Lmd Aluguno, Karimnagar, Karimnagar District, Telengana- 505 527",505527,878,2223031,-,-,singhabhunath1@gmail.com,-,1993,Dr Prabhu Nath Singh,Senior Secondary,Ministry Of Defence Govt Of India,-,Karimnagar
Kendriya Vidyalaya Bodhan,3600029,"C/o Madhumalncha Jurnior College, Bellal , Shakkar Nagar Post , Bellal , Bodhan District : Nizamabad, Telangana - 503180",503206,-,9491203060,-,-,kvbodhan@gmail.com,www.kvbodhan.org,2015,Mr. V Balakrishna Rao,Secondary School,Kendriya Vidylaya Sangathan,-,Nizamabad
Kendriya Vidyalaya Nizamabad,3600150,"Chakradhar Nagar , Nagaram",503003,-,919491256605,-,-,kvnizamabad@gmail.com,https://nizamabad.kvs.ac.in/,-,B Venkateshwar Rao,Secondary School,Deputy Commissioner,-,Nizamabad
Kendriya Vidyalaya Jharasangam,3600028,"Kendriya Vidyalaya Jharasangam  Mandal Parishad Primary School Building, Beside Panchayat Office, Sangareddy District, State Telanganapin: 502246",502246,-,08451288301,-,-,kvjharasangam@gmail.com,WWW.KVJHARASANGAM.IN,2015,Mr. Y.surender,Secondary School,Kendriya Vidyalaya Sangathan,-,Medak
Kendriya Vidyalaya No.1,3600002,"Uppal Hyderabad, Andhra Pradesh",500039,40,27200314,27200314,27207304,kv1uppal@hotmail.com,http://kv1uppal.ap.nic.in,1972,Mr. G.rama Rao,Senior Secondary,Kendriya Vidyalaya Sangathan,-,Hyderabad
Kendriya Vidyalaya No.1,3600004,Air Force Academy Dundigal Hyderabad Andhra Pradesh,500043,40,"3307433, 9285423",7730442,24340232,kv1afa@yahoo.co.in,http://kvkanchanbagh.ap.i,1971,Smt. Sandhya Rastogi,Senior Secondary,Kendriya Vidyalaya Sangathan,-,Hyderabad
Kendriya Vidyalaya No.2,3600015,"Air Fce Academy   Dundigal,hyderabadandhra Pradesh",500043,8418,254229,984649206,08418-2542,principalkv2afa@yahoo.co.in,-,1986,Mr. Md.masood Ali,Senior Secondary,Kendriya Vidyalaya Sangathan,-,Hyderabad
Kendriya Vidyalaya,3600017,"Warangal, Madikonda, Hanamkonda Mandal, Distt. Warangal, Andhra Pradesh",506142,870,2100455,-,-,-,-,1986,M. Surender Reddy,Senior Secondary,Kendriya Vidyalaya Sangathan,-,Warangal
Kendriya Vidyalaya Bhongir,3600031,"Kendriya Vidyalaya Bhongir C/o Alimineti Laxmamma Narsa Reddy Memorial Govt.girls Junior College Campus,banjara Hills Bhongir-508116(t.s.)",508116,-,08685244400,-,-,kvbhongir@gmail.com,https://bhongir.kvs.ac.in/,2017,Mrs. G.priya Rani,Secondary School,Kendriya Vidyalya Sangathan,-,Nalgonda
Kendriya Vidyalaya No.2,3600007,Survey Of India Uppal Hyderabad Andhra Pradesh,500039,40,7202031,7204546,-,kv2uppal80@rediffmail.com,-,1980,Dr A Lakshmi Kumari,Senior Secondary,Kendriya Vidyalaya Sangathan,-,Hyderabad
Kendriya Vidyalaya Sircilla,3600026,Kendriya Vidyalaya  C/o Mpp School Subhashnagarsircilla,505301,-,9490119454,-,-,kvsircilla@gmail.com,www.kvsircilla.org.in,2015,Mr. N Nageswara Rao,Secondary School,Kendriya Vidyalaya Sangathan,-,Karimnagar
Kendriya Vidyalaya Siddipet,3600151,"Ellenki Engineering College Campus, Near Rural P.s , Chinnagundavalli",502107,-,9000347806,-,-,kvsiddipet@gmail.com,https://siddipet.kvs.ac.in,-,Markandeyulu Suri,Secondary School,Deputy Commissioner Kendriya Vidyalaya Sangathan,-,Medak
Kennedy High - The Magnet School,3630310,Plot No 14-22 Mythri Nagar Kukatpally,500072,-,7207352591,-,-,kennedy.magnet@gmail.com,www.kennedyhighthemagnetschool.com,2009,Mrs. Pasumala Saritha,Secondary School,Kennedy Educational Academy,-,Rangareddy
Kiran International School,3630171,"# 9-35/2, Keshav Nagar Colony, Boduppal [v], Ghatkesar [m].",500092,-,040 64554435,-,-,correspondent.kis@gmail.com,http://www.kiraninternationalschool.com,2011,Mrs.sri Latha Channapragada,Secondary School,Ks Educational Society,-,Rangareddy
Kennedy High The Global School,3630052,"Bachupally (v) Qutubullapur (m) Ranga Reddy Distt Hyderabad, Ap",500072,40,65288187,040-23312140,23325302,rama195522@yahoo.co.in,-,2004,Mrs. N.k. Radhika,Senior Secondary,Kennedy Global School Edu Society,-,Rangareddy
Kothakota Pupils High School,3630245,Kothakota,509381,-,08545226269,-,-,kpskkt86@gmail.com,-,2017,Mrs. A Krishnaveeni,Secondary School,Sarala Educational Society,-,Mahbubnagar
Laurus - The School Of Excellence,3630230,"Main Road, Nizampet Village, Quthbullapur Mandal, Rr Dist.",500080,40,64640909,-,-,jkparlapalli@gmail.com,http://www.laurustheschool.com,2011,P Gopala Krishna,Senior Secondary,Oxford Educational Society,-,Rangareddy
Lead India Bharat Ratnas School,3630166,"Bandlaguda Village, Keesara Mandal, Ranga Reddy District, Hyderabad.",501301,-,040-65407777,-,-,acharya.leadindia@gmail.com,-,2012,Mr.n.b. Sudershan,Senior Secondary,Nallaboina Charable Educational Foundation Trust,-,Rangareddy
Kshatriya School,3630372,"Survey No:- 367, 367/2 Nh-63,chepur Armoor Beside Of Kshatriya Engineering College Armoor.",503224,-,7569335576,-,-,kshatriyaschool19@gmail.com,-,2019,Mrs. Salla Sujatha,Secondary School,Pandit Deendayal Upadhyay Educational Society,-,Nizamabad
Kgr Public School,3630266,"Kgr Public School, Mothe, Gollapally Road, Near Godavari Valley, Jagtial, Telangana 505327",505327,-,9949997627,-,-,Reddy.kgr@gmail.com,-,2016,Mr.k Govardhan Reddy,Secondary School,Nava Vignan Vidya Bharathi Educational Society,-,Karimnagar
"Knowledge Park International School, Nizamabad",3630236,"Knowledge Park International School, Auto Nagar, Bodhan Road, Nizamabad - 503 001 (t.s)",503001,8462,9502370736,9849061791,-,kpisnzb@gmail.com,http://www.kpisnz.com,2010,Dr.syed Irfan,Secondary School,A & B Educational & Welfare Society,-,Nizamabad
Little Flower Cbse Innovative School,3630102,"Sanjeevaiah Nagar, Nalgonda,",508001,484,08682232317,-,-,lfcbsenlg@gmail.com,http://www.littleflowercbseinnovativeschool.com,-,Miss Sr.mary Vijaya Laxmi T,Secondary School,-,-,Nalgonda
Little Flower School,3630069,"Uppal, Hyderabad.",500039,1285,"040-27202525, 27200444",01285-235803,040-27201375,info@lfjrc.com,http://www.lfs.org.in,2007,Bro. Ravi Kumar Reddy,Secondary School,Brothers Of St. Gabriel Educational Society,-,Rangareddy
Little Scholar School,3630039,"Door No. 7-2-a5, Sy. No.54, Ward No.7, Block No.2, Sanath Nagar, Hyderabad",500018,40,27760696,4027907070,27760696,lssmyhome@gmail.com,-,2010,Mrs.s.g.sunitha,Secondary School,My Home Educational Society,-,Hyderabad
Lotus Lap Public School,3630345,"Survey No: 259,sri Sri Nagar Colony, Kammaguda Road Turkayamjal R.r Dist 501510",500070,-,09848993003,-,-,lotuslapschoolty@gmail.com,lotuslapschool.net,2017,Mrs. P Usha Kiran,Secondary School,Lotus Lap Educational Society,-,Rangareddy
Lotus National School,3630062,Hyderguda Rajendra Nagar Mandal Rangareddy Dist.,500050,1392,04023350629,-,-,hyderguda@lotusschool.in,http://www.lotusschool.in,2006,Mrs. Kamini,Senior Secondary,Lotus Learning Systems Society,-,Rangareddy
Lotus National School,3630060,"Gautham Nagar Near Doctors Colony Opp: Koti Cheruvu,mulugu Road",506011,8548,08706589469,543373,-,admin@lotusschool.in,http://www.lotusnationalschool.com,2003,Mahalakshmi Ml,Secondary School,Lotus Learningsystemsociety,-,Warangal
Lotus National School,3630093,"Shilpa Nagar Layout, Nagaram Village, Keesara Mandal, Hyderabad - 500062",500006,-,"040-65292489, 040-65292589",-,040-23350629,lotusnagaramhoc@lotusschool.in,http://www.lotusschool.in,2004,Mrs.shamshad Begum,Secondary School,"Lotus Learning Systems Society, (regd) Govt, A.p 408/2003,28-03-2003",-,Rangareddy
M.S.R. Central School,3630263,"Survey No.:223,durajpally,chivemla(m),suryapet(dt)",508213,-,08684220097,-,-,msrcentralschool@gmail.com,www.msrschool.in,2017,Mr. B.prabhakar,Secondary School,Sree Venkateswara Educational Society,-,Nalgonda
M.V.Raman High School,3630248,"Atmakur,",509131,-,08504223674,-,-,mvramantechnoschool@gmail.com,http://www.mvramanhighschool.com,2009,Mrs.m.ancysreedhar,Senior Secondary,Sri Raman Educational Society,-,Mahbubnagar
Madhu Vidyalayam,3630426,"Wyra Mandal, District Khammam",507165,-,7331106006,-,-,madhuvidyalayam2021@gmail.com,http://www.madhuvidyalayam.in,-,Dvr Cheri,Secondary School,Chaitanya Vidya Samasta,-,Khammam
Maharishi Vidya Mandir,3630045,"Girish Park Kondapur Hyderabad Distt, Andhra Pradesh",500032,40,3111247,7718459,-,vasanthy.parasuraman@gmail.com,-,2001,Mrs Vasanthy Parasuraman,Senior Secondary,Maharshi Siksha Sansthan,-,Hyderabad
Lyceum School,3630363,"Plot No.72,73 Vasantha Vihar,adarsh Nagar, Zaheerabad",502220,-,08451283344,-,-,zakir52003@yahoo.com,www.lyceum.com,2014,Mrs. Marriate Nelson,Secondary School,Luceum Educational Society,-,Medak
Mahatma Gandhi Memorial High School,3630222,"Mch No. 8-3-250, Yelareddugudda, Yousufguda, Hyderabad",500045,-,04023743350,-,-,mgmhighschoolm@gmail.com,http://www.mgmhighschool.com,2014,Mr.m.m.naidu,Secondary School,Naidu Education Centre,-,Hyderabad
Manthan School,3630173,"Sy No 368/p & 369/p, Tellapur Village Ramachandrapuram Mandal Hyderabad",502032,-,08455297919,-,-,principal@manthanschool.com,http://www.manthanschool.com,2014,Mrs. Vijayalakshmi Chillarige,Senior Secondary,Manthan Educational Society,-,Medak
Mahesh Vidya Bhavan High School,3630199,"6-3-120/1, Shivarampally",500052,11,040- 20024151,-,-,mvbhschool@gmail.com,-,1995,Mr.abdul Raheem,Secondary School,Mahesh Vidya Bhavan Trust,-,Rangareddy
Manuu Model School,120001,"Fatima Nagar, Falaknuma, Hyderabad, Andhra Pradesh",500053,40,24473770,9490463263,-,kafilpatna@yahoo.co.in,-,1961,Kafil Ahmad,Senior Secondary,-,-,Hyderabad
Marica High School,3630059,Nizam Colony Tolichowki,500008,493,6240214,0484 6520135,-,ggschool@sancharnet.in,-,1988,-,Secondary School,Gyan Ganga Vidyapeeth Society,-,Hyderabad
"Masterji High School, Madikonda,Hanamkonda, Warangal Dist",3630358,"30-2-65 (new), 30-2-41/1 (old), Madikonda, Khazipet,warangal (urban)-506142",506142,-,08702542421,-,-,masterjischools@gmail.com,www.masterjischools.com,2020,Mr. P Kalyan Kumar,Secondary School,Sangamreddy Laxmirajam Educational Society,-,Warangal
Mathioli Vidhya Bhavan,3630181,Jbs Peacock Valley,501401,8418,200266,-,-,mathiolividhyabhavan@gmail.com,-,2008,Meena Kumari,Middle Class,Yogasaras Educational Academy,-,Hyderabad
Meluha School,3630400,"Sy No.4/20/2, Himayathnagar Village, Moinabad Mandal, Ranga Reddy District",500075,-,9581767666,-,-,principalacademic@meluhaedu.com,www.meluhaedu.com,2019,Mr. Y Vamshi Chandra,Senior Secondary,Meluha Educational Society,-,Rangareddy
Meridian School,3630091,"Sy. No.11/4 & 11/5 Opp. Hitech City, Kukatpally Bypass Road, Khanamet Village, Serlingampally Mandal, Ranga Reddy District, Hyderabad.",500033,485,040-65262631,824600,040-23420563,madhapurmeridian@gmail.com,http://www.meridianschool.in,2006,Mrs. K. Bhavani,Senior Secondary,M/s Meridian Educational Society,-,Rangareddy
Meridian High School,3630405,"H No 18-16-126/dblockoffice To Ensanpally Roadnear Komaticheruvuprashanth Nagar,siddipet - 502103near",502103,-,08457230699,-,-,meridianhighschool2016@gmail.com,www.meridiansiddipet.com,2016,Mr. V Rajender Reddy,Secondary School,Maruthi Educational Society,-,Medak
Meridian School For Boys & Girls,3630044,8-2-541 Road No-7 Banjara Hills Hyderabad Andhra Pradesh,500034,40,23420561,23420562,23420564,meridian_society@rediffmail.com,http://www.meridianschool,2003,Mrs.  D.usha Reddy,Senior Secondary,Meridian Edn. Society,-,Hyderabad
"Meridian School, Kukatpally",3630133,"Vi Phase Kphb, Kukatpally, Balanagr(m), Ranga Reddy District",500072,-,040 65248003,-,-,meridiank186@gmail.com,http://www.meridianschool.in,2008,Mrs.geeta Shyamsundar,Secondary School,Meridian Educational Society,-,Hyderabad
Meru  School,3630289,"Sy.no. 97(p) & 98, Madeenagudaserilingampally,ranga Reddy",500049,-,04068139900,-,-,principal@meruinternationalschool.com,www.meruinternationalschool.com,2018,Mr. Pramod Kumar G Pillai,Senior Secondary,Meru Educational Society,-,Rangareddy
Matrusri Dav Public School,3630136,"Matrusri Nagar Colony,miyapur",500049,-,04064644865,-,-,davmiyapur@gmail.com,-,2010,Mrs.k.anandavalli,Senior Secondary,Dayanandanglovediccollegetrustandmanagementsociety,-,Rangareddy
Millennium High School,3630176,G P House No 3-140/1 Po Post.mucherla Mdl;hasanparthydist.warangalteanganapin-506015,506015,-,08702830206,-,8702830207,millenniumhighschoolwgl@gmail.com,http://www.mhswgl.edupage.org,2002,Mr. Mariya Vara Prasad J.,Senior Secondary,Vidya Vikas Educational Society,-,Warangal
Mnr School Of Excellence,3630138,"Reddy Colony, Chandanagar, Opp: Bhel",500050,40,23035558,-,040-23897380,lavanya.arumbaka@gmail.com,http://www.mnrindia.org,2012,P Hannah Lavanya,Senior Secondary,Mnr Educational Trust,-,Rangareddy
Mnr School Of Excellence,3630072,"Mnr Nagar, Narsapur Road, Fasalwadi Village, Sangareddy Mandal",502294,154,08455-277022,-,08455-277688,info@mnrindia.org,http://www.mnrindia.org,2008,M.s.v.s.durga Prasad,Secondary School,Mnr Educational Trust,-,Medak
Gateway International High School,3630167,"1-2-13, Budvel Rajendranagar Rangareddy Hyderabad",500030,-,04065885556,-,-,GIHSHYD@GMAIL.COM,-,1993,Mr.jairam Reddy,Secondary School,Kanakateegala Educational Society,-,Rangareddy
Gautami Vidya Kshetra,3630125,"1-110/3/a, Deepthisrinagarmadinagudaserilingampally (m)r.r.disthyderabad-500049.",500049,-,09963921111,-,-,gvkschool@gmail.com,http://www.gvkschools.com,2001,Mrs.p.arathi Jayaram,Secondary School,Gautami Educational Society,-,Rangareddy
Geetanjali High School,3630168,Sy No 88 Part Gundla Pochampally Medchal Mandal Rr Dist,501401,-,7330777736,9248920002/8,-,premdubey1972@gmail.com,-,2008,Mr. Prem Shankar Dubey,Senior Secondary,Sri Chaitanya Bharathi Educational Society,-,Rangareddy
Geetha Shri High School,3630284,"Badepally, Mp Jadcherla,jadcherla",509301,-,9948596361,-,-,geethasrischool@gmail.com,-,2015,Mr. D. Balraj,Secondary School,Vidya Jyothi Educational Society,-,Mahbubnagar
Genesis School,3630404,"Sy.no.782,785,787,792,beeramguda,ameenpur,sangareddy-502032",502032,-,07396041865,-,-,genesisschool.bg@gmail.com,genesisintschool.org,2020,Mrs. Swathi Reddy,Secondary School,Eden Educational Society,-,Medak
Genesis School,3630219,500072,500072,40,69991865,-,-,rajaudamula1963@gmail.com,http://genesisintschool.org/,2015,U Rajareddy,Secondary School,Alfa Educational Society,-,Rangareddy
Global Edge School,3630089,"1-98/b/85/1, Vittalrao Nagar, Madhapur, Hyderabad",500033,487,040-65888855,425227,040-23320389,euroschool@sify.com,euroschoolhyd.com,2006,Namrata Kaur,Secondary School,Mbr Educational Society,-,Rangareddy
Genius High School,3630158,"Opp. Area Hospital, Main Road, Thatha Nagar,",508116,-,08685 645647,-,-,nehemia.shaw12@gmail.com,-,2012,Mr.s.nehemia Shaw,Senior Secondary,Sri Valmiki Educational Academy,-,Nalgonda
Gitanjali Public School,3630256,Vikas Nagar,506167,-,9885598333,-,-,vvivekrao@gmail.com,http://gitanjalipublicschool.com/?ckattempt=2,2015,Mrs.m.vijayalakshmi,Secondary School,Jagoan Vikas Education Society,-,Warangal
Global Indian International School,3630073,"Survey No.8 & 9, Peerjadiguda Villageghatkesar Mandal",500039,-,"040-20052199, 918790333365",-,040-27622727,principal@arca.co.in,-,2009,Mr. Atanu Rath,Senior Secondary,Arca Education Society,-,Rangareddy
Gmr Chinmaya Vidyalaya,3630085,"Shamshabad Hyderabad, Rangareddy Pin - 501218",501218,-,09247087621,-,040-23413125,PGEERVANI@GMAIL.COM,-,2008,Y. Sailaja,Secondary School,Chinmaya Seva Trust,-,Rangareddy
Good Shepherd High School,3630402,"Logos Bhavan, Jeedimetla Village, Quthuballapur Mandal, Medchal Malkajgiri District Suchitra Post, Secunderabad, Talangana 500067",500067,-,9440667661,-,9440667661,goodshepherdhighschool2020@gmail.com,https://www.omindia.org,2019,Mr. Kuriachan C P,Secondary School,Operation Marcy India Foundation,-,Rangareddy
Genesis International School,3630120,"H.no: 1-55/98/1, Madinaguda, Miyapur,hyderabad ? 500 049.",500049,-,040 23044672,-,-,info@genesisintschool.com,http://www.genesisintschool.com,2008,Ms. Nalini Dadi,Secondary School,St.paul??fs Educational &welfare Association,-,Hyderabad
Greenwich Academy The School,3630144,"Bandlaguda,8-5-2/7katedan Road",500005,-,040-65141531,-,-,info@greenwichacademy.in,http://www.greenwichacademy.in,2011,Mrs.b. Srilatha,Senior Secondary,Greenwich Educational Academy,-,Rangareddy
Greenwood High School,3630081,"#10-69/1,near Kits,erragattugutta",506015,-,08702564267,-,-,rabbani@greenwoodwgl.com,www.greenwoodschools.ac.in,2003,Mr. Vvv Naveen Kumar,Senior Secondary,Akarshmanasa Educational Society,-,Warangal
Gurukula Vidyapeeth High School,3630080,"Gurukula Vidyapeeth High School,ibrahimapatan,ranga Reddy District",501506,-,08414-222089,-,-,gvpdsrao@yahoo.co.in,-,1998,D.srinivasa Rao,Secondary School,Rural Employment & Literacy Society,-,Rangareddy
Hal High School,3630082,"Hal Po Balanagar,hyderabad-500042",500042,-,040-23878582,-,-,halhighschool.school@gmail.com,http://halhighschool.com,1968,Lata Panickar,Secondary School,Atec,-,Rangareddy
Harvest Public School,3630058,"5-7-200/11, Near Mamata Hospital, Pakabanda Bazar, Khammam, A.p  507001",507001,485,08742-652095,563305,-,harvest_khammam@yahoo.co.in,-,2002,R.parvathi Reddy,Senior Secondary,Quest Educational Society,-,Khammam
Hi -Tech Modern High School,3630342,"Hi-tech Modern High School Plot 114, 115 Swarnadhama Nagar Opp Military Dairy Farm Old Bowenpally Secunderabad",500011,-,04042007750,-,-,hmhsschool@gmail.com,www.hitechresidential.com,2010,Mrs. Kursheed.shaik,Secondary School,Hara Gopal Educational Society,-,Rangareddy
Hi Tech Scholars Residential High School,3630401,"Sr. No 268, Athvelly Village, Medchal",501401,-,9550239492,-,-,aishpokuri28@gmail.com,http://www.hitechscholars.com,2015,Mrs. Vijaya Pramod,Senior Secondary,Haragopal Educational Society,-,Rangareddy
Howard Public School,3630025,3-6-568  Himayat Nagar  Hyderabad Andhra Pradesh,500029,40,"7630610 7634156, 7634156",407634156,402763061,sashikala_ts@rediffmail.com,-,1986,Mrs. Dr. T S Sashikala,Secondary School,Sri Satyanarayana Educational Socty,-,Hyderabad
Hrd School Of Excellence,3630254,Sitarampet(v) Ibrahimpatnam(m) Rangareddy(d) 501506,501506,4637,9912362220,-,-,hrdschoolibp@gmail.com,http://www.hrdschools.com,2013,Mrs. Madhuri Gianchandani,Secondary School,Hrd Society,-,Rangareddy
Hrd School Of Excellence,3630174,"Dindi Road, Devarakonda",508248,-,08691240040,-,8691240040,hrdschooldvk@gmail.com,http://www.hrdschools.com,2013,Mr.n.v Subba Rao,Secondary School,Hrd Society,-,Nalgonda
Indus Universal School,3630063,"Near Tulsi Gardens, Yapral Village, J.j. Nagar Post",500087,121,040-27111801,2455074,-,principal@indusuniversalschool.com,http://www.induswldschool.com,2006,Aparna Shankar,Senior Secondary,Sri Lakshmi Saraswathi Educational Society,-,Rangareddy
Indian High School,3630407,"# 4-32/1, Pembarthy,hasanparthy, Warangal Urban-506371",506371,-,7702291194,-,-,ipshnk@gmail.com,www.ipshnk.com,2014,Mrs. Vyamasani Raju,Secondary School,Yerragattu(v) Shivaparvathy Educational Society,-,Warangal
Indus Valley School,3630299,"Sy.no.603,604 & 605, Turkayamjal Village,nagarjuna Sagar Road",501510,-,9848230828,-,-,indus_valley2016@yahoo.com,www.indusvalleyinternationalschool.com,2017,Mrs. Jaya Mani,Senior Secondary,Gayatri Education Society,-,Rangareddy
Hindu Public School,3630029,Sanath Nagar Hyderabad Andhra Pradesh,500018,40,23704355,9866366610,-,hindu_pschool88@yahoo.com,-,2000,Ms.alaknanda Dubey,Senior Secondary,Siddharthpublichool,-,Hyderabad
Infant Jesus International School,3630135,"4-224,vellankanninagar, Shamshabad, R.r(dt)",501218,-,08413200162,-,-,arogyamallam@gmail.com,-,1997,Mr.fr.allam.arogyareddy,Secondary School,Hyderabad Archdiocese Educational Society,-,Rangareddy
Iqbalia School,3630257,"Plot No 767, Road No. 44, Next To Fernandez Hospital, Jubilee Hills, Hyderabad.",500033,-,04065345625,-,-,iis.jhills@gmail.com,http://www.iishyderabad.com,2014,Mrs.jwairia Saleem Haqqani,Secondary School,Educational Endowment Trust,-,Hyderabad
Jain Heritage-A Cambridge School,3630154,Masjidpur Village Shamirpet Mandalsecunderabad.,500078,-,0841842617284,-,-,kadiyalalakshmi@gmail.com,http://www.jainheritage.in,2012,Mrs.lakshmi Rao,Senior Secondary,Arka Education &cultural Trust,-,Rangareddy
Ivy League Academy,3630026,Bommadale  Bommarasipet Village Via Hakimpet  R.r.dist Andhra Pradesh,500014,8418,236202,236202,-,ivyacd@hotmail.com,www.ivyleagueacademy.com,1988,Mr. Deep Khare,Senior Secondary,Ivy League Foundation,-,Rangareddy
Jawahar Navodaya Vidyalaya,3640005,Choppadandi Karim Nagar Dist.,505415,8722,81476,81476,-,-,-,1986,Janardhan Reddy C,Senior Secondary,Navodaya Vidyalaya Samiti,-,Karimnagar
Janapriya School,3630306,Westcity Campusmaktha Village Miyapurserlingampally Mandal,500049,-,040-23040010,-,-,westcity@janapriya.school,http://www.janapriya.school,2012,Mr. B V Sri Rama Sarma,Secondary School,Janapriya Education Society,-,Rangareddy
Jawahar Navodaya Vidyalaya,3640004,Sirpur-kagaz Nagar  R R O Camp Trishul Pahad  Adilabad Distt.,504296,8738,38021,62631,-,-,-,1987,Dr P Satyanarana,Senior Secondary,Navodaya Vidyalaya Samiti,-,Adilabad
Jawahar Navodaya Vidyalaya,3640009,Vattem Distt Mahabubnagar,509203,8540,28710,9550378827,-,kvnk1936@gmail.com,-,1994,K.v. Nagaraja Kumar,Senior Secondary,Navodaya Vidyalaya Samiti,-,Mahbubnagar
Jawahar Navodaya Vidyalaya,3640006,Pamalaparthy (post)  Wargal Medak Dist. Andhra Pradesh,502279,8454,253055,253166,253055,jnvmedak@rediffmail.com,-,1988,Mr. R Rama Rao,Senior Secondary,Navodaya Vidyalaya Samiti,-,Medak
Jawahar Navodaya Vidyalaya,3640003,Chalakurthy Camp Nalgonda Distt,508202,8680,75430,75406,228722,kvchc@bom2.vsnl.net.in,http://www.jnvnellore.org,1986,K Sagarika,Senior Secondary,Navodaya Vidyalaya Samiti,-,Nalgonda
Jawahar Navodaya Vidyalaya,3640001,Nizam Sagar Nizamabad Distt.,503302,8465,75541,75457,-,-,-,1987,V Venkata Reddy,Senior Secondary,Navodaya Vidyalaya Samiti,-,Nizamabad
Jawahar Navodaya Vidyalaya,3640007,Hcu Campus  Gachibowli Hyderabad  R.r.dist Andhra Pradesh,500046,40,3010338,86139,-,saitours@satyam.net.in,-,1987,H Ravichandran,Senior Secondary,Navodaya Vidyalaya Samiti,-,Rangareddy
Jawahar Navodaya Vidyalaya,3640008,Mamnoor Warangal Andhra Pradesh,506166,8712,89373,57454,-,-,-,1992,K Sadagopan,Senior Secondary,Navodaya Vidyalaya Samiti,-,Warangal
Jawahar Navodaya Vidyalaya Ii,3640010,"Via. Gmr Polytechnique, Viii. & Mandal: Yetapaka, Sarapaka Post, East Godavari Dist. Andhra Pradesh- 507128",507111,8743,216060,231807,-,-,-,1990,D. Gunasekaran,Senior Secondary,Navodaya Vidyalaya Samiti,-,Khammam
Jawahar Navodaya Vidyalaya,3640002,Palair-post Vil.paleru Kusumanchi Ma Khammam Distt.,507157,8742,"81625, 81827",81827,-,imsaap@hd1.vsnl.net.in,-,1987,A K Sharma,Senior Secondary,Navodaya Vidyalaya Samiti,-,Khammam
Jiva Gurukulam,3630369,"H.no. 2-23/b, Plot No. 139 To 147, Samatha Nagar, Opp. J.n.t.u., Kukatpally,",500072,-,04029564564,-,-,info@jivagurukulam.com,www.jivagurukulam.com,2014,Mrs. Raghubala Pasupuleti,Secondary School,Jeeyar Educational Society,-,Rangareddy
Joshitha School,3630429,"And Panchayat Near Medical Device Park,, Ameenpur Mandal Sangareddy District",502319,-,9573706660,-,-,info@joshithaschool.com,www.joshithaschool.com,-,M Usha Rani,Secondary School,Mrk Educational Society,-,Medak
Johnson Grammar School,3630066,"Nacharam, Rangareddy Dist, Andra Pradesh.",500014,8924,04027150122,-,4027150122,lok_lib@indiatimes.com,http://www.jgs.com,2007,Vasanthi Vishwanathan,Senior Secondary,Johnson Grammar School Educational Society,-,Rangareddy
Jubilee Hills Public School,3630020,Block - Iii  Road No. 71 Jubilee Hills Hyderabad Andhra Pradesh,500033,40,"3548584 3607797, 3607797",040-66881672,23550493,info@jhpublicschool.com,http://jhpublicschool.com,1986,Mrs. M. Varalakshmi,Senior Secondary,Jubilee Hills Education Society,-,Hyderabad
Jyothi Vidyalaya High School,3630376,"Jyothi Vidyalaya High School ,bhel Township, Ramachandrapuram, Sanga Reddy District",502032,-,040230263641,-,-,jyothi.bhelmdk@gmail.com,WWW.JYOTHIVIDYALA.COM,1979,Mrs. Uma Maheshwari,Secondary School,Divine Word Eduactional Society,-,Medak
"Jubilee Hills Public School, Rampally",3630364,"Rampally, Dayara Village, Keesara Mandal",501301,-,9849997343,-,-,info@jhpsrampally.com,http://www.jhpsrampally.com,2016,Mrs. Namrata Sandhu,Secondary School,Jubilee Hills Education Society,-,Hyderabad
Jyothishmati Academy,3630033,9/3  Km Hyderabad Road Nustulapur Village Karim Nagar Dist. Andhra Pradesh,505481,0878-22,"83249 43504, 43504",8324943504,-,-,-,1992,Mr. Francina,Secondary School,Shalini Vidya Sanstha,-,Karimnagar
Kencrest International School,3630088,"Jyothinagar, Shiva Theatre Road, Karimnagar.",500101,-,"08782230767,08782235435",-,-,kencrestschool@yahoo.com,http://www.kencrestinternationalschool.com,1998,Joy Chakroborty,Secondary School,Kencrest Educational Society,-,Karimnagar
Kendriya Vidyalaya  No.1,3600001,Langer House Golconda Hyderabad Andhra Pradesh,500008,40,23513701,23514668,23513701,kvg1@gmail.com,http://kv1golconda.ap.nic,1966,Mrs P V V Prasanna,Senior Secondary,Kendriya Vidyalaya Sangathan,-,Hyderabad
Kendriya Vidyalaya,3600020,"Adilabad, Old D.m. House, Nirmithi Kendram, Adilabad, Andhra Pradesh",504000,8732,220506,-,-,-,-,1994,Mr. K. Venaiah,Secondary School,K V S,-,Adilabad
Kendriya Vidyalaya  No.2,3600012,Nanal Nagar X Roads Golconda Hyderabad Andhra Pradesh,500008,40,3513301,7110735,-,prinkv2@rediffmail.com,-,1984,M Vasudev,Senior Secondary,Kendriya Vidyalaya Sangathan,-,Hyderabad
Kendriya Vidyalaya,3600021,"University Of Hyderabad Campus, C.r. Rao Road, Gachibowli, Hyderabad, Andhra Pradesh",500046,40,23012200,-,-,-,-,1988,V. Jayabal,Senior Secondary,Kvs,-,Hyderabad
Kendriya Vidyalaya,3600013,C C I  Township Adilabad Andhra Pradesh,504003,8732,26503,27488,-,kvnadvsp9@yahoo.co.uk,-,1988,P Eswara Sarma,Senior Secondary,Kendriya Vidyalaya Sangathan,-,Adilabad
Kairos School,3630268,"Survey No.246/1, Chitrapuri Hills, Manikonda Jagir Village, Rajendranagar Mandal, Ranga Reddy District",500089,-,8143300111,-,-,sashreeken@gmail.com,http://kairosgs.com,2017,Mrs.kanupriya Wahi,Secondary School,Sashreek Educational Society,-,Rangareddy
Kendriya Vidyalaya,3600003,Kanchan Bagh Hyderabad Andhra Pradesh,500058,40,24340232,4024342258,24340232,kvkbagh@yahoo.com,http://kvkanchanbagh.ap.i,1974,Mr. S.subba Reddy,Senior Secondary,Kendriya Vidyalaya Sangathan,-,Hyderabad
Kendriya Vidyalaya,3600011,Sardar Vallabhai Patel National Police Academy Shivarampally  Hyderabad Andhra Pradesh,500052,40,"4015535, 4015151",4013833,-,-,-,1983,K R Gowri Devi,Senior Secondary,Kendriya Vidyalaya Sangathan,-,Hyderabad
Kendriya Vidyalaya,3600014,Gachibowli Hyderabad Andhra Pradesh,500133,40,3000261,3001316,-,saitours@satyam.net.in,-,1987,Glf.alfred,Senior Secondary,Kendriya Vidyalaya Sangathan,-,Hyderabad
Kendriya Vidyalaya,3600005,Crpf  Barkas Chandrayangutta  Hyderabad Andhra Pradesh,500005,40,4440338,4441115,2580425,kv1svn@sancharnet.in,-,1978,Shri P.vishwakiran,Senior Secondary,Kendriya Vidyalaya Sangathan,-,Hyderabad
D A V  Public School,3630012,Santoshima Nagar Ramakrishnapuram Post Hyderabad Andhra Pradesh,500056,40,"27223721, 7223721",4027110855,27225919,seetha_kiran@yahoo.co.in,http://www.davsafilguda.c,1983,Mrs. Seetha Kiran,Senior Secondary,D A V College Trust New Delhi,-,Hyderabad
Crpf Public School,3680006,Jawahar Nagar Hakeempet Ranga Reddy Andhra Pradesh,500078,-,7867257,862368,-,-,-,1991,D. Aparna,Senior Secondary,Rpf Employees Edu. Society,-,Rangareddy
D R S International School,3630050,"523, Gundlapochampally Near Apparel Park Medchal Mandal R R Distt Ap",520008,40,23792123,040-23792124,23792125,principal@drsinternational.com,http://www.drsinternation,2003,Mr.s.a.m.v.prasada Rao,Senior Secondary,D R S Edn Society,-,Rangareddy
Daffodils High School,3630338,"Ho No 8-98,netaji Road,",506132,-,08718231357,-,-,daffodils587@gmail.com,WWW.DAFFODILSNARSAMPET.COM,2000,Mrs. Y Vijaya Lakshmi,Secondary School,Daffodils Educational Society,-,Warangal
Dav Bdl Public School,3630023,B D L Township Bhano Medak Distt. Andhra Pradesh,502305,40,04023469609,-,2437812,davbdlbhanoor1@gmail.com,www.bdl.in,1989,Mr. V N N K Seshadri,Secondary School,"Dav College Trust And Management Society, New Delhi",-,Medak
Defence Laboratories School,3680002,Kanchanbagh Po Hyderabad Andhra Pradesh,500058,40,"24340493, 4440769",24340493-040,24340493,dlsk_hyd@hotmail.com,-,1973,Mrs. Girija Vardarajan,Secondary School,"Drdl Kanchanbagh, Hyderabad",-,Hyderabad
Dav School,3630382,"Iith Campus, Kandi (v)sangareddy Districtpin - 502285",502285,-,-,-,-,daviithyd@gmail.com,www.daviitcampus.org,2018,Mr. V.s.prashanth,Secondary School,Dav College Trust And Managing Society New Delhi,-,Medak
Dav Public School,3630043,Vivekanand Nagar Colony Kukatpally Hyderabad Andhra Pradesh,500072,40,3065024,3064883,-,bvmgiri@sanchernet.in,-,1980,Vasantha S Raman,Senior Secondary,Kakatiya Academy,-,Hyderabad
Defence Laboratories School,3680004,Vignyankancha Research Centre Imarat (Rci) Hyderabad Andhra Pradesh,500069,40,3311880,4445582,7577222731,rcischool@rediffmail.com,-,1986,Rita Dhall,Secondary School,"Atomic Energy Education Society, Bo",-,Hyderabad
Defence Laboratories School,3630281,Kanchanbagh Po Hyderabad Andhra Pradesh,500058,40,"24340493, 4440769",24340493-040,24340493,drdoschool1998@gmail.com,-,1973,Mr. C.b. Sankara Rao,Secondary School,"Drdl Kanchanbagh, Hyderabad",-,Hyderabad
Delhi Public School,3630297,"Survey No 861/1, Bowrampet Village & Grampanchayat, Ranga Reddy Dist-500043",500043,-,7331100202,-,-,hanumanth.yamarthi@dpsmiyapur.com,-,2015,Mrs. Gowri Sarkar,Senior Secondary,Vidyananda Educational Society,-,Rangareddy
Defence Laboratories School,3630282,Vignyankancha Research Centre Imarat (rci) Hyderabad Andhra Pradesh,500069,40,3311880,040-24301753,7577222731,DLSRCI.PRINCIPAL@GMAIL.COM,-,1986,Tsr Sastry,Secondary School,"Atomic Energy Education Society, Bo",-,Hyderabad
Delhi Public School,3630057,"Plot No- 44,42a, Behind Nacharam Dtelephonic Exchange, Malkajgiri Mandal, Ranga Reddy Distt.",500076,40,27737295,22267175,22384643,shsdtol@hotmail.com,-,1982,Annapurana Sarma,Senior Secondary,Balajee Arun Educational Society,-,Rangareddy
Delhi School Of Excellence,3630140,"8-2-404/1, Road No 6, Lane Opp To Gvk, Banjara Hills",500034,-,04023355345,-,-,principal.dseb@gmail.com,http://www.delhischoolofexcellence.in,2013,Mrs.suparna Mehrotra,Secondary School,Sri Krishna Education Trust,-,Hyderabad
Delhi School Of Excellence,3630123,"Beside More Super Market, Attapur(hyderguda),rajendranagar Mandal",500048,-,04064508666,-,-,dse.attapur@gmail.com,http://www.delhischoolofexcellence.com,2012,Mr.p.v.joy,Secondary School,Sree Venkateshwara Educational Charitable Society,-,Rangareddy
"Delhi School Of Excellence, Manikonda",3630182,"1-13/14, Beside Jaihind Valley, Near Andhra Bank, Manikonda,rajendranagar Mandal, Hyderabad, Telangana",500089,5923,04064530999,01392-295300,-,principal.dsem@gmail.com,http://www.dsehyd.com/,2012,Mrs.sistla Hemalatha,Secondary School,Sree Venkateshwara Educational Charitable Society,-,Rangareddy
Delhi World Public School,3630329,"5-72/1 Patelguda (v),kistareddypet (g.p.),ameenpur (mandal)",502319,-,07997655552,-,-,dwps.beeramguda@gmail.com,www.dwpsbeeramguda.in,2017,Mrs. Nasreen Syed,Secondary School,Coral Education Society,-,Medak
Delhi Public School,3630051,"74, Khajaguda Village Golkonda Post Hyderabad Ap",500008,40,23548587,-,23006288,mmpsedkm@gmail.com,-,2001,Rekha Aggarwala,Senior Secondary,Vidyanandan Educational Society,-,Hyderabad
Delhi World School,3630307,"Pratap Estate, Manikya Nagar,chintal, Quthbullapur Mandalmedchal Dist, Hyderabad 500054",500054,-,9885001050,-,9885001050,dwshyd99@gmail.com,http://www.delhiworldschool.com,1990,Mrs. Bhavana Patak,Secondary School,Vidya Eductional Society,-,Hyderabad
Dhatrak Model School,3630360,"Sy.no:48/2,jeedimetla Village,medchal (dist)",500055,-,04027230231,-,-,tvinnym@gmail.com,-,2003,Mr. Vinny Mathew,Senior Secondary,Dhatrak Educational Society,-,Hyderabad
Diksha School,3630259,Survey  No 362 & 363door.no 4-36/4,500078,-,08418-247972,-,-,dikshawaldorf@gmail.com,http://www.dikshawaldorfschool.in,2016,Mrs.sandhya Kate,Secondary School,Vajramani Kailasam Educational Society,-,Rangareddy
Don Bosco School,3630150,"Don Bosco Nagar Post, Bandlaguda Jagir, Gandipet Mandal, Ranga Reddy District, Telangana",500086,-,9440054076,-,-,donboscobandlaguda@gmail.com,www.donboscobandlaguda.org,-,Mr. Fr. Banda Suresh,Senior Secondary,-,-,Rangareddy
Dps Nadergul,3630285,"Survey No. 469/1, Nadergul Village, Balapur Mandal, Ranga Reddy District - 501510",501510,-,7337396307,-,-,principal@dpsnadergul.in,http://www.dpsnadergul.in,2016,Mrs. T Padma Jyothi,Secondary School,Balajee Arun Educational Society,-,Rangareddy
"Dr K.K.R's Gowtham Concept School,Iit Foundation School",3630068,"Opp.manisha Gardens,moulali-ecil X Roads,",500040,6152,"04032567788,04032568899",22458,-,kkr_gis@yahoo.co.in,http://www.gowthamconcept.net,2008,A.ratna Reddy,Secondary School,Sri Gowtham Educational Society,-,Hyderabad
Dr.K.K.R Gowtham School,3630319,"Smr, Enclave, Padmavathi Colony, Kushiguda, Hyd-62",500062,-,04027148933,-,-,gcshyd@rocketmail.com,www.kkrgowthamkushaiguda.com,2013,Mrs. G. Shubhangi Rao,Secondary School,Sri Gowtham Educational Society,-,Rangareddy
Durga Bhavani School,3630209,"No.20-154/a, Mattampally Road",508204,-,-,-,-,meetprincipal2014@gmail.com,http://www.dbsschool.com,2014,Dr.v. Durga Prasad,Middle Class,Narayana Reddy Educational Society,-,Nalgonda
Dwaraka School,3630201,Singaram X Road,509210,8506,200200,-,-,ganapa.srinu@gmail.com,-,2013,G Srinivas,Secondary School,Dwaraka Educational Society,-,Mahbubnagar
Edify World School,3630165,"Survey No.90 Balapur Rci Road, Beside Balaji Township",500005,-,04065444044,-,-,principal@ewsbalapur.com,http://www.edifyworldschoolbalapur.com/index.html,2014,Mrs.turaga Jyothi,Secondary School,Venkateshwara Education Society,-,Rangareddy
Ekalavya Model Residential School Cherla,3620103,"Ashok Nagar, Bhadrachalam",507111,-,040 2955 16,-,-,emrs.cherla@gmail.com,https://telanganaemrs.in/Cherla/aims.php,-,Shakunthala,Secondary School,Principal,-,Khammam
"Ekalavya Model Residential School, Singareni",3620105,"Near Railway Gate, Karepalli, Singareni Mandal",507122,-,09948933010,-,-,emrs.singareni@gmail.com,https://telanganaemrs.in/Singareni/index.php,-,K Satyanandam,Secondary School,Emrs Singareni,-,Khammam
Ekashila Angels School,3630341,H No 1-3-73/8srinagar Colonymahabubabad(mandal&  District - 506101,506101,-,9885179258,-,-,ekashilaangel@gmail.com,www.ekashilaschools.com,2019,Mr. G. Thirupathi Reddy,Secondary School,Ekashila Educational Society,-,Warangal
Ekashila High School,3630352,"H.no:30-1-471,madikonda Village,kazipet Mandal,warangal District,telangana State.",506142,-,9010682108,-,-,ekashilapublicschools@gmail.com,www.ekashilaschools.com,2019,Mr. G Thirupathi Reddy,Secondary School,Ekashila Educational Society,-,Warangal
Ekashila High School,3630283,H.no 4-21/13-2 Thummanapally(v)huzurabad (m)karimnagar(d)pin 505468,505468,-,7660046800,-,-,ekashilaeduschool@gmail.com,-,2018,Mr. G Thirupathi Reddy,Secondary School,Ekashila Educational Society,-,Karimnagar
Delhi World School,3630403,"Teachers Colony, Shadnagar,farooqnagar Mandal, Rangareddy District, 509216, Telangana.",509216,-,9885001050,-,9885001050,dwsshadnagar2020@gmail.com,http://www.delhiworldschool.com,2015,Mrs. Sujatha Varma,Secondary School,Vidya Education Society,-,Rangareddy
Ekashila High School,3630293,"H.no: 6-191/1, Damera (v&m), Warangal",506006,-,9492586637,-,-,ekashilaco@gmail.com,-,2005,Mr. G.thirupathi Reddy,Secondary School,Ekashila Educational Society,-,Warangal
Ekashila High School,3630203,"H.no.: 3-81kits College Road,pembarthy (v)hasanparthy (m)warangal (dist)telangana - 506371",506371,-,9032832832,-,-,suvijareddych@gmail.com,-,2005,Mr. Gouru Thirupathi Reddy,Senior Secondary,Ekashila Educational Society,-,Warangal
Ekashila International School,3630346,"Ekashila International Schoolhouse No. 5-70,erravally Gram Panchayath,thimmapur Shivar,itikyal Mandal,alampur Tq,jogulamba Gadwal Dist,telangana.pin- 509 128",509128,-,9542907462,-,-,eisgadwal@gmail.com,www.ekashilaschools.com,2020,Mr. G Thirupathi Reddy,Secondary School,Ekashila Educational Society,-,Mahbubnagar
Ekashila High School,3630198,"Khammam Highway Road,punnel (v)wardhannapet (m)warangal (dist)telangana - 506310",506310,91,8790882727,4602,-,ekashilaco@gmail.com,-,2011,Gouru Thirupathi Reddy,Secondary School,Thirumala Ekashila Educational Society,-,Warangal
Eklavya Model Residential School,3620010,Tekulapally Kothagudem Chunchupally Telangana-507119,-,-,7032266792,-,-,emrsb.tekulapally@gmail.com,-,1964,Mr. Sri.k. Bhadraiah,Secondary School,Kendriya Vidyalaya Sangathan,-,Khammam
Eklavya Model Residential School,3620012,"Kalwakurthy, Mahbubnagar, Telangana-509301",-,-,9493586510,-,-,emrsb.kalwakurthy@gmail.com,-,-,Mrs. Nandi Saraswathi,Secondary School,-,-,Mahbubnagar
Eklavya Model Residential School,3620013,"Ramavaram, Khammam Telangana-507101",-,-,-,-,-,-,-,-,-,Secondary School,-,-,Khammam
Eklavya Model Residential School,3620011,"Gundala, Telangana-507111",243727,-,8978556948,-,-,emrsg.gundala@gmail.com,-,1995,Cheemala Sandhya Rani,Secondary School,Kaynat Shiksha Vikas Samiti,-,Khammam
Eklavya Model Residential School Bayyaram,3620009,"Warangal, Telangana-507211",-,-,-,-,-,-,-,1964,-,Secondary School,Kendriya Vidyalaya Sangathan,-
Eklavya Model Residential School Narnoor,3620008,"Telangana, Adilabad 504311",505305,-,9490957307,-,-,principal.narnoor@gmail.com,-,1964,Upendar Karisha,Secondary School,Kendriya Vidyalaya Sangathan,-,Adilabad
Elate School,3630324,"Door.no.6-1-24,vekateshwara Colony, Neknampur, Gandipet Mandal Rangareddy District",500089,-,04023232341,-,-,director@elateschool.com,WWW.ELATESCHOOL.COM,2017,Mr. Shaik Mahaboob Basha,Secondary School,Ssk Educational Society,-,Rangareddy
Emrs Marrimadla,3620051,"Vill;marrimadla,mdl:konaraopeta,dist:siricilla",505305,-,04023303041,-,-,emrs.mrdl@gmail.com,http://www.tgtwgurukulam.telangana.gov.in,2004,Sr.v Bhaskar Rao,Secondary School,Tribal Welfare Deportment (gurukulam) Hyderabad,-,Karimnagar
Emrs Mulkalapally,3620102,"Dammapet Mandal, Bhadradri Kothagudem Dist",507306,-,7013497915,-,-,emrs.mulkalapalle@gmail.com,https://telanganaemrs.in/Mulkalapalle/index.php,-,Kunja Rajesh,Secondary School,Kunja Rajesh,-,Khammam
"Emrs Utnoor Girls, Hntc Building",120022,"Beside Rdo Office, Vil & Mand: Utnoor, Distt. Adilabad, Telangana-504311,",-,-,-,-,-,-,-,-,-,Secondary School,-,-,Adilabad
English Union School,3630031,2-10-853/1 Jyothinagar Behind Court  Karimnagar Dist. Andhra Pradesh,505001,878,2243039,2265353,-,englishunionschool@yahoo.co.in,-,1991,Mr. Baldwin Faife,Secondary School,Marthoma Educational Society Kochi,-,Karimnagar
Eklavya Model Residential School Adilabad,3620014,Telangana-504296,-,-,9866058664,-,-,venkataiahmaddela123@gmail.com,-,-,M.venkataiah,Secondary School,-,-,Adilabad
Fortune Butterfly School,3630137,"Kadthal Village, Amangal Mandal",509358,-,08543203456,-,4023555852,president.fbs@fortunebutterflycity.com,http://www.fortunebutterflyschool.com,2009,Mrs.bharathi Ponna,Senior Secondary,Fortune Educational Society,-,Mahbubnagar
Epistemo Vikas Leadership School,3630292,"Plot#b4, Nallagandla Residential Complex, Huda Layout, Nallagandla",500019,-,040-64645177,-,-,principal@epistemoglobal.com,http://www.epistemoglobal.com,2011,Mr. Ravi Kumar M,Senior Secondary,Samaikya Education Society,-,Rangareddy
Euro School,3630142,"Survey No-54, Near Hotel Quality Pearl Inn, Hitech City Gachibowli Link Road, Gachibowli, Hyderabad",500032,-,040 64102882,-,-,euroschoolhitech@gmail.com,http://www.euroschoolindia.com,2012,K. Vishnu Vandana,Senior Secondary,Mrs Euroschoolinternationallimited,-,Hyderabad
Excellencia Infinitum School,3630336,"H No 6/39, Survey No 1008 To 10010, Upperpally Village, Shamirpet Mandal, Medchal-malkajgiri Distic-500078, Telangana.",500078,-,7995995900,7995995900,-,principalinfinitum@gmail.com,http://www.excellencia.co.in,2017,Prem Shanker Dubey,Senior Secondary,Vedaantha Foundation,-,Rangareddy
Foster Billabong High International School,3630114,"Saket, Phase 2, Kapra, Ecil, Hyderabad, Andhra Pradesh.",500062,-,04027141180,-,27141150,info@fosterbillabong.net,www.fosterbillabong.edu.in,2012,Mrs. Srilatha Channapragada,Senior Secondary,Poosha Eductional Society,-,Hyderabad
Frobels High School,3630328,Frobels High School 1-4-515/a Adloor Roadkamareddy(m)kamareddy Districttelangana,503111,-,08468221720,-,-,frobels.kamareddy2002@gmail.com,http://www.frobelsedu.com,2002,Mr. N Arjunaraj,Secondary School,R R V R Educational Academy,-,Nizamabad
G Pulla Reddy Memorial School,3630265,"9-118/1, Sai Baba Temple Lane, Lalitha Nagar, Dilsukh Nagar",500060,-,04064545151,-,-,principal@gprmschool.org,http://www.gprmschool.org/,2010,Mrs.o L Madhavi,Senior Secondary,Gunampalli Pulla Reddy Charities Trust,-,Rangareddy
Ganges Valley School,3630128,"Bachupally, Qutubullahpur Mandal, R.r Dist, Hyderabad - 500090",500090,-,040-65248877,-,-,principalgvs@gmail.com,http://www.gangesvalleyschool.com/,2012,Mrs.vimala Chandersekhar,Senior Secondary,Gokaraju Rangaraju Educational Society,-,Rangareddy
Fusion International School,3630239,"Survey No. 383ameenpur, Hyderabad",502032,40,04064559959,-,-,fisameenpur2016@gmail.com,http://www.fusioninternationalschool.in,2009,Dr. T Padmavathy,Secondary School,Fusion Educational Society,-,Hyderabad
G Pulla Reddy High School,3630320,H No 12-2-822mehdipatnam,500006,-,23515527,-,-,gprhschool@gmail.com,www.gprhschool.org,1983,Mrs. Kottam.sangeetha Lakshmi,Secondary School,Gunnampalli Pulla Reddy Charities Trust,-,Hyderabad
