5th Centenary School,3530239,"Lalpur Kicha, Udham Singh Nagar",263148,5944,280785,-,6553231577,rana.ranbir@yahoo.com,-,2009,Rana Ranbir Singh,Secondary School,Vallien Society Of Education & Welfare,-,Udham Singh Nagar
A B C Alma Mater,3530329,Guru Gorakhnath Marg Champawat,262523,5965,05965230844,-,5965230844,abcalma211211@gmail.com,http://www.abcalmamater.com,1999,Mrs. Sunita Negi,Secondary School,Abc Educational And Social Welfare Society,-,Champawat
A.N.D Public School,3530480,Haripur Kalan Near Hotel Godwin Motichur Tehsil Rishikesh,249205,91,01352485584,-,-,andps@yahoo.com,http://www.andps.in,2014,Miss Vijay Laxmi,Senior Secondary,Shri Ramanandacharya Swami Ayodhyacharya Shri Narayan Dass Charitable Trust,-,Dehradun
A B M Public School,3530057,P O Fatehpur Haldwani Distt Nainital Uttaranchal,236139,5496,260147,23602,-,sharmashashank6@gmail.com,-,1980,Ila Sharma,Senior Secondary,Bhandia Memo Trust,-,Nainital
A U Gic Barakot,3520242,"Post Barakot, Champawat",262527,-,05965237017,-,-,gicbarakotcbse@gmail.com,https://sites.google.com/view/gicbarakot/home?auth,-,Ramesh Ram,Senior Secondary,Government Of Uttarakhand,-,Champawat
Abc Alma Mater,3530608,Village-pachpakaria,262310,-,9627626206,-,962762620,81557@cbseshiksha.in,http://www.abcalmamater.com,2013,Mr. Deepak Kumar,Secondary School,Abc Educational And Social Welfare Society,-,Champawat
Acacia Public School,3530591,"Nathanpur, P.o .nehru Gram, Dehradun",248001,-,9412914136,-,9412914136,acaciaschool97@gmail.com,www.acaciapublicschool.in,2002,Mrs. Mamta Rawat,Senior Secondary,Acacia Foundation,-,Dehradun
Acharya Ravindra Public School,3530446,Acharya Ravindra Public School Halduchaur,263139,-,919927855100,-,-,arpschoolhalduchaur@gmail.com,http://arpschool.wordpress.com/,1997,Mr. Vinod Kumar Pandey,Senior Secondary,Acharya Ravindra Public School And Welfare Society,-,Nainital
Achivers Home Public School,3530360,Village Jagjeetpur Post Kankhal Distt Haridwar,249408,1334,7055111456,-,-,achievershome2008@gmail.com,-,2008,Shyamal Sarkar,Senior Secondary,Manmohan Singh Ahluwalia Educational Society,-,Haridwar
Adarsh Vidya Niketan,3530420,"Haldukhata Tala Kotdwara,",246149,1382,242156,-,-,avnschoolkotdwar@gmail.com,-,1994,Vandana Kukreti,Senior Secondary,Adarsh Vidya Nilketa Society Karnvaghati,-,Pauri Garhwal
"Adhya Shankarachary Shiksha Sansthan Dada Dhalumal Lokumal, Tanumal Junior High School.",3530297,"Nim, Road, Joshiyara, Uttarkashi",249193,137,4224081,-,01374-224086,diwakarsemwal.om@gmail.com,-,1997,Diwakar Prasad Semwal,Secondary School,"Asssddlt, Joshiyara, Uttarkashi",-,Uttarkashi
Adarsh Bal Niketan Senior Secondary School,3530022,Iit Campus Roorkee Uttaranchal,247667,1332,285787,7837276001,-,abniit.2008@gmail.com,-,1956,Kawaljit Kaur,Senior Secondary,Univ Managing Committee,-,Haridwar
Alakashya Public School,3530187,Tanakpur Road Amoun Khatima Distt Udham Singh Nagar Uttranchal,464002,5943,253619,2381,22523,bhuwancamaraderie@gmail.com,-,2000,Bhuwan Chandra Joshi,Senior Secondary,Holy Educational Society,-,Udham Singh Nagar
Amar Memorial Public School,3530284,"Haldwani Road Nayagaon,p.o.dhamola",263139,5947,287395,-,05947-287277,amps277.2009@gmail.com,http://www.amarmemorialpublicschool.com,2009,Sikandar Khan,Senior Secondary,Amar Memorial Educational Society,-,Nainital
Alchemist Academy,3530311,"Khetalsanda Kham, Khatima, U.s.nagar",262308,5943,9410362757,23036879,5943250550,alchemistse@rediffmail.com,-,2006,Victor Ivan,Secondary School,Tarai Educational Development Society,-,Udham Singh Nagar
Acharyakulam,3530430,-,249405,1334,273021,-,-,principal@acharyakulam.org,http://www.acharyakulam.org,2013,Subrata Kundu,Senior Secondary,Patanjali Yogpeeth Trust,-,Haridwar
Ambition Public School,3530413,"Gurukul Narsan Road, Town/post- Jhabrera, District- Haridwar, Uttarakhandpin- 247665",247665,133,2224343,-,-,ambitionschool.jhb@gmail.com,http://www.ambitionschool.com,2005,Vishnu Dutt,Senior Secondary,Ambition Adarsh Sikhsha Samiti,-,Haridwar
Anand Valley School,3530361,"Kausani Road, Someshwar",263637,5962,243101,-,-,anandvalleyschoolsom@gmail.com,-,2007,Nahid Raza,Senior Secondary,Anand Siksha Samiti,-,Almora
Amenity Public School,3530193,6 Mile Stone Kashipur Road Rudar Pur U S Nagar Uttranchal,-,5944,261805,-,-,tripathijaya31@gmail.com,-,2004,Indra Tripathi,Senior Secondary,M B Educational Society,-,Udham Singh Nagar
Anand Swaroop Arya Sarawasti Vidya Mandir,3530107,"Village Asaf Nagar Pergana And Tehsil Roorkee Delhi Road, Roorkee Haridwar Uttarakhand.",248002,1332,9219413122,9837314970,-,singh.amardeep8019@gmail.com,-,1997,Amardeep Singh,Senior Secondary,Bhartiya Shiksha Smiti P P Up,-,Haridwar
Anoop Negi Memorial Public School,3530323,"Gulabrai, Post : Rudraprayagtehsil : Rudrapayag",246171,1364,233687,27051897,1364233937,dsr.2000@rediffmail.com,-,2008,Devendra Singh Rawat,Senior Secondary,Pilot Officer Anoop Negi Memorial Society,-,Rudraprayag
Angels Academy School,3530177,Luxmi Vihar Bahadrabad Haridwar Uttaranchal,249402,1334,248822,9897504601,248822,rashmichauhan257@gmail.com,-,1993,Rashmi Chauhan,Senior Secondary,Angels Educational Society,-,Haridwar
Anandi Academy,3530495,Village- Ghiroli Po.-ghiroli,263642,5963,05963221808,-,-,anandiacademy.bgr@gmail.com,http://anandiacademy.in,2011,Mr. Gaurave Pant,Senior Secondary,Himalayan Education And Pollution Research Society,-,Bageshwar
Aps( Arden Progressive School),3530485,"Haldwani Lamachaur , Shiksha Nagar, Lamachaur Haldwani - 263139, Distt- Nainital, Uttarakhand",263139,5946,919639403111,-,-,info@ardenlamachaur.com,-,2015,Mr Roopak Pandey,Senior Secondary,"Dps Educational Society, Haldwani Managed By K.d.m. Educational Trust, Haldwani",-,Nainital
Army Public School,3580008,Alexandra Lines Alma Uttaranchal,263601,5962,230769,230769,236363,apsalma@gmail.com,http://www.apsalma.com,1991,Mr. Mrs. Kj Fotedar,Senior Secondary,Army Welfare Education Society (awes),-,Almora
Apollo International School,3530141,Shastradhara Road Dehradun Uttaranchal,240001,135,2788451,2623785,-,mohitbansal38@gmail.com,-,2010,Mohit Bansal,Senior Secondary,Appollo Shiksha Samiti,-,Dehradun
Apex Advance Studies Public School,3530424,Vill Bhagwanpur Chandanpur Roorkee,247664,1332,01332251482,-,1332251482,apexroorkee@gmail.com,http://www.apeximt.org.in,2013,Mr.parvej Alam,Senior Secondary,Asgar Ali Charitable Trust,-,Haridwar
Army Public School,3580009,Raiwala Cantt Distt Dehradun Uttaranchal,249205,135,2121629,2484806,2484806,asraiwala@bsnl.in,-,1969,Mr. Vijay R Wilson,Senior Secondary,Army Welfare Education Society,-,Dehradun
Army Public School,3580003,Hempur P O R T C Hempur Nainital Distt Uttaranchal,244716,-,2203,9997711011,-,niithld@hotmail.com,-,1981,Malini Sharma,Senior Secondary,Kendriya Vidyalaya Sangathan,-,Nainital
Anunaad Public School,3530414,"Chand Pur Khurd, Horawala Road",248197,91,07579003101,-,-,sunitafsrawat01@gmail.com,http://www.ANUNAADPUBLICSCHOOL.COM,2007,Sunita Rawat,Senior Secondary,Anunaad Public School Society,-,Dehradun
Army Public School,3580006,Beg Centre Rokee Cantt Uttaranchal,247667,1332,274239,-,1664246047,principal.aps1@gmail.com,http://www.srlce.com,1973,Rashim Bhargava,Senior Secondary,Awes Mana Gementt Committee,-,Roorkee
Army Public School,3580012,"Birpur (ua)  Dehradun, Uttranchal",248141,135,2702220,-,1664246047,srlcebhiwani@gmail.com,http://www.srlce.com,1994,Mr Gege Mo,Senior Secondary,Awes Mana Gementt Committee,-,Dehradun
Army Public School,3580005,"Near Ranikhet Club, Ranikhet, Uttaranchal-263645",263645,-,267,-,-,-,-,1982,Mr Kamlesh Joshi,Senior Secondary,Army Welfare Education Society,-,Almora
Army Public School,3580004,Clement Town Dehradun Uttaranchal,248002,1275,643584,-,1664246047,srlcebhiwani@gmail.com,http://www.srlce.com,1980,Mrs Shailaja Behl,Senior Secondary,Army Welfare Education Society,-,Dehradun
Army Public School Lansdowne,3580007,Lansdowne Distt. Pauri Garhwal Uttaranchal,246155,1275,228,-,1664246047,srlcebhiwani@gmail.com,http://www.srlce.com,1978,Ms. Vasundhara Maikoti,Senior Secondary,Army Welfare Education Society,-,Pauri Garhwal
Army Public School No.2,3580001,"Rokee,  Distt Haridwar-244667 (uttarakhand)",247667,423,2203,7500277378,-,armyschool@hotmail.com,-,1962,Sandeep Pant,Senior Secondary,Bros Of St Sabriel Education Socy,-,Haridwar
Army Public School No.2,3530560,"Roorkee,  Distt Haridwar-244667 (uttarakhand)",247667,-,2203,7500277378,-,-,-,-,Sandeep Pant,Senior Secondary,Bros Of St Sabriel Education Socy,-,Haridwar
Aryaman Vikram Birla Institute Of Learning,3530190,"Raja Rani Vihar, Po Anandpur, Haldwani Nainital, Uttarakahand",263139,594,"05946297788, 235788",-,1143851762,principal@avbil.net,www.avbil.net,2004,Mr. Pinderjeet Singh Cheema,Senior Secondary,Prakash Educational Society,-,Nainital
Aryan Heritage School,3530564,Village Anneki Hettam Pur Haridwar,249403,-,9897606800,-,-,aryanheritageschool@gmail.com,http://www.aryanheritageschool.com,2015,Mrs. Anusya Tyagi,Secondary School,Bal Vikas Siksha Sansthan,-,Haridwar
Ascent Public School,3530513,"Village- Puranpur Nainwal, Lamacharu",263139,-,8218843301,-,-,aps.hld@gmail.com,http://www.apshaldwani.com,2013,Mr. Shriprakash Mishra,Senior Secondary,Ascent Public School Samiti,-,Nainital
Atal Excelence G I C Haldukhal Nainidanda,3520284,"Nainidanda , Dhumakot",246161,-,8057445302,-,-,principalgic.haldukhal051@gmail.com,www.atalaxcellencegichaldukhal.blogspot.com,-,Janadhan,Senior Secondary,Atal Excelence G I C Haldukhal Nainidanda,-,Pauri Garhwal
Atal Utakrisht G.I.C.Didihat,3520279,"Didihat, Didihat",262551,-,-,-,-,ataluvdidihat@gmail.com,-,-,-,Senior Secondary,Education Department Uttarakhand,-,Pithoragarh
"Atal Utkrisht G.I.C.Dudhli,Dehradun",3520247,"Villege & P.o. Dudhli,dehradun 248140, Villege & P.o. Dudhli,dehradun 248140",248140,-,01352687376,-,-,rajshah12474@gmail.com,http://www.atalutkrishtgicdudhli.com,-,Sudhanshu Aswal,Senior Secondary,Uttrakhand State Government School,-,Dehradun
Atal Utkrisht G I C Rudpur,3520243,"Rudpur, Sitarganj",262405,-,05944263132,-,-,gicrudpur@gmail.com,http://www.atalutkrishtgicrudpur.wordpress.com,-,Ashok Verma,Senior Secondary,Uttarakhand Government,-,Udham Singh Nagar
Atal Utkrisht Gic Chaubattakhal,3520155,"Pokhra , P.o. Chamnau",246162,-,9528473633,-,-,augicchau66@gmail.com,http://augicchaubattakhal.in,-,Arun Thapliyal,Senior Secondary,State Govt. Uttrakhand,-,Pauri Garhwal
Atal Utkrisht Gic Chaunrikhal,3520248,"Post - Goda, Block - Khirshu",246123,-,07060131819,-,-,gicchaurikhal@gmail.com,www.atalutkrishtgicchaurikhal.in,-,Shova Nand,Senior Secondary,Uttarakhand Board Of School Education,-,Pauri Garhwal
Atal Utkrisht Gov. Inter College Pulhindola,3520230,"Post Pulhindola, Tehsil Lohaghat",262524,-,919410953493,-,-,gic.pulla@gmail.com,https://gicpulla.wixsite.com/website,-,Sudhakar Tiwari,Senior Secondary,School Education Govt Of Uttrakhand,-,Champawat
Atal Utkrisht Government Inter College,3520264,"Almora , Almora",263601,-,-,-,-,gicalmora@gmail.com,-,-,-,Senior Secondary,State Goverment,-,Almora
Atal Utkrisht Government Girls Inter College,3520110,"Lohaghat, Near Vivekananda School",262524,-,05965234253,-,-,ggiclohaghat31@gmail.com,https://sites.google.com/view/ggicloh/home,-,Meena Shukla,Senior Secondary,School Education Government Of Uttarakhand,-,Champawat
Atal Utkrisht Government Inter College Budhna,3520246,"Post Office Budhna, Block Jakholi",246475,-,07055596702,-,-,jgicbudhna@gmail.com,http://www.gicbudhna.co.in,-,Shyam Lal,Senior Secondary,School Education Department Government Of Uttarakhand,-,Rudraprayag
Atal Utkrisht Government Inter College Kaladhungi,3520240,"Principal, Govt.inter.c.kaladhungi W-05,  Principal, Govt.inter.c.kaladhungi W-05",263140,-,91-8077502385,-,-,gic.kaladhungi@gmail.com,http://www.gickaladhungi.com,-,Ashok Kumar Singh,Senior Secondary,Government Of Uttrakhand,-,Nainital
Atal Utkrisht Government Inter College Berinag,3520268,"Berinag, Pithoragarh",262531,-,-,-,-,gicberinag02@gmail.com,-,-,-,Senior Secondary,Au Gic Berinag,-,Pithoragarh
Atal Utkrisht Government Inter College Sikroda,3520238,"Bhagwanpur, Haridwar",247661,-,8477832484,-,-,atalschoolsikroda@gmail.com,http://www.atalutkrishtsrsecondarysikroda.in/,-,Vinod Kumar,Senior Secondary,Director General Of School Education Uttrakhand,-,Haridwar
"Atal Utkrisht Government Inter College, Bhujan",3520267,"Post Bhujan, Almora",263645,-,-,-,-,gicbhujan@gmail.com,-,-,-,Senior Secondary,School Education Uttarakhand,-,Almora
Atal Utkrisht Government Inter College Kalsi,3520277,"Block- Kalsi, Tehsil- Kalsi",248158,-,01360276164,-,-,auvkalsi@gmail.com,www.schooleducation.uk.gov.in,-,Attar Singh Chauhan,Senior Secondary,Department Of Education  Uttarakhand,-,Dehradun
"Atal Utkrisht Government Inter College, Masi",3520259,"Post Masi, Almora",263658,-,-,-,-,pgicmasi@gmail.com,-,-,-,Senior Secondary,School Education Uttarakhand,-,Almora
"Atal Utkrisht Government Inter College,Dwarahat",3520258,"Dwarahat , Almora",263653,-,-,-,-,gic5143dwarahat@gmail.com,-,-,-,Senior Secondary,School Education Uttarakhand,-,Almora
"Atal Utkrisht Government Inter College,Salonj",3520266,"Post Jhupulchoura, Almora",263637,-,-,-,-,govticsalonj@gmail.com,-,-,-,Senior Secondary,School Education Uttarakhand,-,Almora
"Atal Utkrisht Government Inter College,Someshwar",3520269,"Post Someshwar, Almora",263637,-,-,-,-,gicsomeshwar@gmail.com,-,-,-,Senior Secondary,State Government Uttarakhand,-,Almora
"Atal Utkrisht Government Inter College,Sarainkhet",3520272,"Block Syaldey, Almora",263661,-,-,-,-,gicsarainkhetalmora@gmail.com,-,-,-,Senior Secondary,Harish Singh Ganghariya,-,Almora
Dhoom Singh Memorial Public School,3530277,"Sitarpur-jwalapur, Haridwar (u.k.)-249407",249407,1334,250260,256369,-,rsrana380@gmail.com,-,2004,Rukam Singh Rana,Senior Secondary,"Dhoom Singh Memorial Public School Samiti, Sitarpur-jwalapur, Haridwar (u.k.)",-,Haridwar
Diksha Rising Stars Public School,3530526,"Pac Idgah Road, Jwalapur, Haridwar",249407,-,09045806386,-,-,manasagarwal6@gmail.com,http://www.drspublicschool.org/,2011,Mr. Rohit Sharma,Senior Secondary,"Diksha Education And Human Welfare Society. Trimurti Nagar. Jwalapur, Haridwar",-,Haridwar
Divine Light School,3530318,Village-jagjeetpurpost-kankhaldistt-haridwaru.k.,249408,1334,690010,-,-,divinilightschool2006@yahoo.com,-,2006,Rajesh Kumar Sharma,Senior Secondary,"Bal Gopal Vikas Evem Shiksha Samiti, Jagjeetpur,kankhal Haridwar (u.k.)",-,Haridwar
"Dob Nager Pathri,Post Pathri, Distt. Har",3520133,"Dob Nager Pathri, Post.. Pathri,  Distt., Dob Nager Pathri, Post.. Pathri,  Distt.",249404,-,9412937538,-,-,gicpathari@gmail.com,http://www.atalutkarshtgicpathari.in,-,Basant Ballabh Pant,Senior Secondary,Director General Of School Education Uttrakhand,-,Haridwar
Don Bosco Girls College,3530308,Aamparo P.o. Chopra Via Jeolikot Nainital.,263127,91,9897778214,92515531710,05942-224439,dbgc.12uk@gmail.com,-,2008,Aruna Khanna,Senior Secondary,Dev Lok Shiksha Samiti,-,Nainital
Don Bosco School,3530133,Himmat Pur Chaumwal Beriparao Haldwani Nainital Uttaranchal,263145,5946,232178,-,1806523643,amritamam20@gmail.com,http://agpsshera.com,1999,Amrita Pande,Senior Secondary,New Don Bosco Sch Society,-,Nainital
Dikshant International School,3530455,263139,263139,5946,8476040098,-,-,81676@cbseshiksha.in,www.dikshantinternational.org,2013,Mrs. Shweta Poddar,Senior Secondary,Dikshant Education Society,-,Nainital
Don Bosco School,3530210,Don Bosco Nagar Near Rai Bridya Pithoragarh Uttranchal,262501,91,9410560551,9431018786,-,Sr.linab@yahoo.in,-,1989,Lina,Senior Secondary,Mishri Devi Charitable Trust,-,Pithoragarh
Doon Bhawani International School,3530324,"Village Ghammuwala,p.o Dandi,ranipokhri",248145,-,01356530814,-,-,dbischoolddn@gmail.com,-,2009,Mrs.pushpa Uniyal,Senior Secondary,Doon Bhawani International School Society,-,Dehradun
Doon Convent School,3530334,"Doon Convent Schoolgaujajali (uttar) Bareilly Road, Haldwani, Nainital",263139,594,05946-245045,-,-,doonconventschool@gmail.com,-,-,Dr. Shashi Sah,Secondary School,-,-,Nainital
Doon Globel School,3530108,14 Milestone Jhajra Chakrata Road Dehradun Uttaranchal,248001,135,"2102277, 771283",1352771216,-,doonglobalschool@hotmail.com,http://www.doonglobalscho,1998,Anuj S Singh,Senior Secondary,Brij Mala Society,-,Dehradun
Doon Heritage School,3530410,"Sunderban Bhauwala Vikash Nagar Dehradun,",248007,135,2694863,-,-,meennusoti@gmailc.com,-,2013,Minakshi Soti,Senior Secondary,Shashi Shanti Memorial Society,-,Dehradun
Don Bosco Public School,3530112,Po Dogaon Via Kathgodam Nainital Uttaranchal,263127,91,9897778214,-,-,dbps.uk@mail.com,-,1997,Mohini,Senior Secondary,Don Bosco Education Society,-,Nainital
Doon International Public School,3530457,-,249204,135,2454353,-,0135-2453203,principal.doonschool@gmail.com,http://www.dipsrishikesh.com,2003,Suneeta Sharma,Senior Secondary,Scholars International Educational Foundation,-,Dehradun
Doon Laurels Academy,3530415,"44 Mohanpur Premnagar, Near Power House",248007,135,2775958,-,1352771104,anju.kuriyal6@gmail.com,http://www.doonlaurels.com,2011,Anjali Kuriyal,Senior Secondary,Doon Laurels Academy,-,Dehradun
Doon Intl School Educational Society,3530069,32 Curzon Road Dalanwala Dehradun Uttaranchal,248001,135,"2656088, 638491",9412962922,655392,dbartwal69@gmail.com,-,1993,Dinesh Bartwal,Senior Secondary,Doon International Education Soc,-,Dehradun
Doon Modern Academy,3530326,Village-pataliya Post Office-pataliya Kotabagh,263159,5947,285152,-,05947-285152,mkb@gmail.com,http://www.xyz.com,2007,Deepa Pandey,Senior Secondary,Doonmodernwelfare & Educational Society,-,Nainital
Doon Public School,3530351,"Badrish Colony, Danda Dharampur, Distt Dehradun, Uttarakhand",248001,135,2671686,-,-,devendradps@gmail.com,-,2005,Gopal Singh,Secondary School,Doon Public School Society,-,Dehradun
Doon Public School,3530149,Near Rampur Chungi Green Colony Roorkee Hardiwar Uttaranchal,-,1332,8126977333,260855,266677,sharmagaurav12180@gmail.com,-,1982,Gaurav Sharma,Senior Secondary,Doon Public Sch Mgmt Soc,-,Haridwar
Doon Scholars Public School,3530462,"Kishanpur Doliya, Gaibua",263140,5947,05947286153,-,286153,doonscholarspublicschool@rediffmail.com,doonscholorskaladhungi.com,2006,Mrs. Neelam Nagarkoti,Senior Secondary,Scholars & Social Welfare Society,-,Nainital
Doon International School Riverside Campus,3530474,"Doon International School Riverside Campus, Paundha",248142,-,7253000301,7253000319,1352101162,principal@disriverside.com,http://www.disriverside.com,2015,Mr. Dilip George,Senior Secondary,"Doon International Educational Society, 32 Curzon Road, Dehradun",-,Dehradun
Doon Valley International School,3530523,"Thakurpur, Prem Nagar Sahaspur, Distt Dehradun",248007,-,0135-6541017,-,-,dvinternationalschool@gmail.com,http://dvis.in,2015,Dr. Meenu Sharma,Senior Secondary,Ch.charan Memorial Educational Society,-,Dehradun
Doon Valley Public School,3530044,Garhi Cantt Dehradun,248003,135,2753710,0135-2752353,2756721,shimalgk@yahoo.com,-,1982,Gkshimal,Senior Secondary,Doon Valley Public School Samiti,-,Dehradun
"Doon Valley Public School Vill- Bhagwanpur, P.O. Rajawala Dehradun",3530463,"Doon Valley Public School Vill- Bhagwanpur, P.o. Rajawala Dehradun",248007,135,2694858,-,-,bhama2905@gmail.com,-,1991,Bharti Upadhyaya Jijja,Secondary School,"Doon Valley Shiksha Prasar Samiti Bhagwanpur, P.o. Rajawala Dehradun.",-,Dehradun
Doon World School,3530514,"Raksha Vihar, Behind Aanchal Dairy Raipur Road",248001,-,8266062266,-,-,info@doonworldschool.com,http://www.doonworldschool.com,2014,Mr. Santosh Kumar,Senior Secondary,Gurpreet Kaur Charitable Trust,-,Dehradun
Dpsg Dehradun,3530472,"Chakrata Road, Near Pharma City, Selaqui",248197,-,013563051234,-,1353051363,principal.ddn@dpsgs.org,www.dpsgs.org/dehradun/,2015,Mrs.ruby Kumar,Senior Secondary,The Gurukul Trust,-,Dehradun
Doon Public School,3530166,Kholia Compound Nawabi Road Haldwani Nainital Uttaranchal,263139,5946,220957,-,-,-,-,1993,Dr Maharaj Singh,Senior Secondary,Doon Educational And Welfare Soc,-,Nainital
Dr. Jacques Vigne National School,3530275,"Narottamnagar,thaglasi (bhainsari) Guptakashi, Distt Rudraprayag",246439,1364,287394,-,267395,jvnsguptakashi@gmail.com,WWW.DR.JVNS.EDU.IN,2004,Sunita Devi,Senior Secondary,Dr. Jacques Vigne Shikshan Samiti,-,Rudraprayag
Dynasty Modern Gurukul Academy,3530442,"Vill- Chhinki Farm, Po- Bigrabagh, Tahsil- Khatima, Distt- U.s.nagar,uttarakhand Pin- 262308",262308,5943,9759765570,-,-,dmga2004@gmail.com,http://www.dynastygurukul.edu.in,2004,Mr. Chandrakant M. Paneru,Senior Secondary,Dynasty Modern Gurukul Academy Public School Samiti,-,Udham Singh Nagar
Ecole Globale Girls International School,3530348,"Village, Horrawala, Near Sahaspur, Dehradun",248197,135,3985400,33663,-,principal.ecoleglobale@gmail.com,http://www.ecoleglobale.com,2012,Brinda Ghosh,Senior Secondary,Asian Education Charitable Society,-,Dehradun
Edify World School Dehradun,3530549,"Holkar Estate, Cantt. Road, Mothrawala, Dehradun (uk)",248001,-,07055511166,-,-,admin@edifyschooldehradun.com,www.edifyworldschooldehradun,2015,Mr. Pradeep Kumar Gaur,Senior Secondary,Holkar Educational Trust,-,Dehradun
Ever Green Public School,3530296,"Sri Ganga Vihar Colony,beriparao,p.o. - Motahaldu",263139,5946,232762,2381,-,msparwal@rediffmail.com,-,1996,Mohan Singh Parwal,Senior Secondary,Education Welfare Society,-,Nainital
Eklavya Adarsh Awasiya Vidyalaya,3520014,"Jogla, Kalsi, Dehradun, Uttarakhand",248159,1360,210215,-,-,-,-,1985,Dr. G.c. Badoni,Senior Secondary,Govt Of Sikkim,-,Dehradun
Ffpbp Gic Jabukathal,3520270,"Berinag, Pithoragarh",262531,-,-,-,-,gicjabukathl2010@gmail.com,-,-,-,Senior Secondary,Au Gic Jabukathal,-,Pithoragarh
Drona's International School,3530081,1 Municipal Road Dehradun Uttaranchal,248001,135,"2652671, 655680",-,-,dronasschool@gmail.com,-,1985,Geetika R Bist,Senior Secondary,Drona's International Sch Society,-,Dehradun
Florence Public School,3530366,"Gurudwara Road Nanakmatta Sahib, Distt - Udham Singh Nagar, Uttarakhand. Pin - 262311",262311,5948,241400,-,05948-241400,AJAYBAJPAISTG@GMAIL.COM,-,2001,Ajay Kumar,Senior Secondary,Florence Prabandh Samiti,-,Udham Singh Nagar
Fylfot Public School,3530266,Tea-estate Banjarawala,248001,135,2532033,-,-,fylfotpublicschool@gmail.com,-,2006,Roochika Rana,Senior Secondary,Fylfot Educational Society,-,Dehradun
Foothills Academy,3530163,Hanuman Mandir Rishikesh Dehradun Uttaranchal,249202,135,01352452221,-,-,foot_hillmailbox@rediffmail.com,http://www.foothillsacademy.in,1994,Mrs. Anita Raturi,Senior Secondary,Foothills Academy Society,-,Dehradun
G I C Betalghat Nainital,3520199,"Betalghat, Betalghat Nainital",263134,-,05942-241773,-,-,gicbetalghat@gmail.com,https://gicbetalghatnainital.blogspot.com,-,Satyabhanu Shastri,Senior Secondary,Atal Utkrasth Govt Inter College Betalghat,-,Nainital
G I C Sundarnagar,3520211,"Vill Silli Talli, Po  Silli Talli",246276,-,9756133876,-,-,gicsundarnagar19@gmail.com,www.gicsundarnagar.com,-,Dinesh Singh Rawat,Senior Secondary,School Education Of Uttrakhand,-,Pauri Garhwal
G S Convent,3530243,Gram - Chikaghatkhatima Roadsitarganj,262405,5948,244057,2332088,-,sanjeevkush20@gmail.com,-,2000,Sanjeev Sharma,Senior Secondary,G S Praband Samiti,-,Udham Singh Nagar
G.I.C.Jituwapipal,3520172,"Vill Binkot  Post Sunsyari,, Betalghat,nainital Pin 263134",263134,-,8476916734,-,-,gicjituwapipal123@gmail.com,https://schooleducation.uk.gov.in,-,Trilochan,Senior Secondary,Education Department Uttrakhand,-,Nainital
G.D.J.Memorial Public School Chorgaliya,3530484,Naya Gaon Katan Chorgaliya,263139,5945,05945-243360,-,05945-243360,mamtasuyaljangi@gmail.com,http://www.gdjmpschool.org,2008,Mr. Komal Chandra Joshi,Senior Secondary,Gdj Memorial School Society,-,Nainital
"G.M.I.C Dhanachuli, Nainital",3520229,"G.m.i.c Dhanachuli, Nainital, G.m.i.c Dhanachuli, Nainital",263132,-,9456542700,-,-,gicd063@gmail.com,https://schooleducation.uk.gov.in,-,Mahesh Lal Verma,Senior Secondary,Director Education,-,Nainital
Galaxian International School,3530249,"Vill Choila, P.o. Mohbbewala,",248110,135,7500291400,9864028899,-,mayankgaur27@gmail.com,-,2004,Mayank Singh Gaur,Senior Secondary,Galaxian International School Society,-,Dehradun
G.D. Goenka Public School,3530156,"Moradabad Road Hariyawala Crossing Kashipur, Uttarakhand-244713",244713,594,272191,-,-,principal@templeton.college,-,2000,Lorraince Solomon,Senior Secondary,The Corbett Educational Society,-,Udham Singh Nagar
Garden Valley Public School,3530375,"Gaujani, Ramnagar",244715,5947,251866,-,-,pitambersinghsingh@gmail.com,http://www.gardenvalleypublicschool.com,2003,Pitamber Singh Negi,Secondary School,Garden Valley Public School Samiti,-,Nainital
G D Birla Memorial School,3530045,Birla Gram Chilianaula Ranikhet Uttaranchal,263645,5966,05966226023,-,5966226021,principal@gdbms.net,http://www.gdbms.net,-,Mr. Mohd Asim Ali,Senior Secondary,-,-,Almora
Gautam International School,3530121,Plot No 3 Indira Nagar Dehradun Uttranchal,248001,135,"2761694, 625722",0135-761694,625722,jagdish160.js@gmail.com,-,1999,Jagdish Prasad Sharma,Senior Secondary,Gautam Educational Society,-,Dehradun
Gayatri Vidyapeeth,3530183,Shanti Kunj Haridwar Uttranchal,249411,1334,260602,26845812,44682939,snmishragvp@gmail.com,www.idealschoolqatar.com,1982,S N Mishra,Senior Secondary,Shri Ved Mata Gayatri Trust,-,Haridwar
Gd Goenka International School,3530278,"Gd Goenka International,near Bhimtal, Naukuchiytal",263136,5942,"9410346798,9927622257",01639-253779,5942279162,PRINCIPAL@TEMPLETONACADEMY.COM,http://www.templetonacademy.org,2005,R R Saha,Senior Secondary,"Manmohan Educational Society, Ramnagar, Nainital (uk)",-,Nainital
Gems Public School,3530527,"Near Madhav Puram, Village Pandey Nawaad, Rto Road, P.o.aanandpur, District Nanital",263139,-,7088155511,-,-,anurag.gupta@gemseducation.com,http://www.gemseducation.com,2014,Mr. Rabindranath Thakur,Secondary School,Pioneer Education Society,-,Haldwani
General B C Joshi Army Public School,3580010,General B C Joshi Army Public School,262501,5964,224606,5964224606,224605,genbcjoshi_aps@rediffmail.com,-,1993,Mr. Chandana Lall,Senior Secondary,Army Welfare Society,-,Pithoragarh
Genesis International School,3530394,"N.h. 74 Afzalgarh Road, Opposite: Satsang Bhawan, Jaspur, Udham Singh Nagar, Uttrakhand",244712,91,08191007427,-,-,genesisinternationalschool@gmail.com,-,2009,Kuldeep Singh,Senior Secondary,Sai Education Society,-,Udham Singh Nagar
Geonla Brahmkhal,3520121,"Po Geonla , Tehsil Dunda",249152,-,8126632636,-,-,gicgenwla@gmail.com,http://augicgeonla.co.in/,-,Sudhir Kumar Uniyal,Senior Secondary,Dr Sudhir Kumar Uniyal,-,Uttarkashi
Genius Global Academy,3530330,Beria Road Bazpur,262401,594,9917050008,-,-,INFO@GENIUSGLOBALACADEMY.COM,-,2010,Anuj Sharma,Senior Secondary,Lokhitam Sanstha,-,Udham Singh Nagar
George Public School,3530395,"Uttarakhand Vidhayli Shiksha Parishad, Nimbu Wala, Garhi Cantt",248001,135,2750791,-,1352754555,vk.saxena@ymail.com,http://www.georginst.com,2006,Vinod Kumar Saxena,Senior Secondary,George Public School Shiksha Samiti,-,Dehradun
Ganai Gangoli (Kuna),3520160,"Ganai Gangoli, Tehsil- Ganai Gangoli",262532,-,05964240466,-,-,gicganaigangoli@gmail.com,http://augicganai.co.in,-,Hoshiyar Singh Bankoti,Senior Secondary,-,-,Pithoragarh
"Ggic Kichha, Bareilly Road , Kichha",3520100,"Near Roadways Bus Station Kichha, Post Office- Kichha",263148,-,05944-265140,-,-,aeggickichha@gmail.com,http://www.ggickichhacbse.com,-,Sunita Yadav,Senior Secondary,Government Of Uttrakhand,-,Udham Singh Nagar
Gi C Ukhimath,3520205,"Omkareshwar Ward Ward No. 3, Post Office Ukhimath",246469,-,091 9720802888,-,-,augicukhimath@gmail.com,www.augicukhimath.in,-,Vishnu Prasad Kimothi,Senior Secondary,Uttarakhand Board Of School Education,-,Rudraprayag
Bright Angels School,3530233,"Chakrata Road, Jeevangarh, Tehsil Vikasnagar, Dist. Dehradun (uttarakhand)",248198,1360,221487,-,-,brightangels.school@yahoo.com,-,2002,Rana Almas,Senior Secondary,Bright Angels Educational Society,-,Dehradun
Bright Future Academy,3530585,Vill+post Tikola Kalan,247670,-,9758235535,-,-,brightfutureacademy35@gmail.com,www.brightfutureacademyroorkee.com,2017,Miss Ravita,Senior Secondary,Shiv Shakti Educational And Welfare Trust,-,Haridwar
Bright Start International Academy,3530505,"Jagatpur Patti, Near Gobindpur Gurudwara, Nh-74, Kashipur Road, Jaspur.",244712,91,9756457777,-,9756457777,kambojamit97@gmail.com,http://www.brightstartjaspur.com,2012,Mrs. Madhu Sharma,Senior Secondary,Sri Jaswant Singh Educatinal Society,-,Udham Singh Nagar
Bristol Public School,3530444,Vill Paudwala Rajawala Road Via Premnagar Dehradun,248007,135,01352694041,-,1352720804,ashishrajpal@gmail.com,http://www.bristolpublicschool.com,2014,Dr.abdul Qadir,Senior Secondary,Ashish Education Society,-,Dehradun
Bsb Excellent Public School Wadda,3530605,Vill-lelu Waddapo- Wadda,262521,-,9719510364,-,-,bsb.excellentwadda@gmail.com,-,2008,Mr. Bhupal Singh,Senior Secondary,Uma Excellent Gramodhoyog Sansthan,-,Pithoragarh
Bungidhar,3520213,"Post - Bungidhar, Block - Thalisain",246285,-,07351301331,-,-,prigicbungidhar007@gmail.com,www.atalutkrishtgicbungidhar.in,-,Saktu Dayal,Senior Secondary,Uttarakhand Board Of School Education,-,Pauri Garhwal
Campus School,3530011,Pant Nagar Nainital Distt Uttaranchal,263145,5944,233530,0144-2702191,-,bcpathak04@gmail.com,-,1970,Bhuwan Chandra Pathak,Senior Secondary,Registered Society Campus School,-,Nainital
Canterbury Bells School,3530362,"Nangal, Jwalapur, Doiwala, Distt Dehradun, Uttarakhand",248140,135,2691110,-,-,cbsdun@gmail.com,-,1998,Ruchi Mamgain,Senior Secondary,Canterbury Bells Siksha Sansthan,-,Dehradun
Cambridge Senior Secondary School,3530261,"461, Khurbura, Distt. & Teh. Dehradun, Uttarakhand",248001,135,2622487,2434604,-,cambridge.sarthak@gmail.com,-,1998,S Vohra Sarthak,Senior Secondary,Angel's Pub School Soceity,-,Dehradun
Central School For Tibetans,3590002,P.o. Herbertpur Dehradun Uttaranchal,248142,136,258468,9456110443,2580425,cstherbertpur1994@gmail.com,-,1963,S P Singh,Senior Secondary,Kendriya Vidyalaya Sangathan,-,Dehradun
Central School For Tibetans,3590001,Happy Valley Mussoorie Uttaranchal,248179,135,"2632711, 20",9410531811,2580425,ANITAASHOKNARULA@YAHOO.COM,-,1982,Anita Narula,Senior Secondary,Central Tibety School Adm.,-,Dehradun
Chandra Shaikhar Public School,3530138,Ram Nagar Rokee Uttaranchal,247667,1332,261567,277100,-,abhi_tcg@yahoo.com,-,1989,Suman Rani,Secondary School,Chandra Shaikhar Memial Trust,-,Haridwar
Chaplori,3520147,"Post Chaplori Via Chipalghat, Block Pabau",246123,-,9690751514,-,-,giccholosain1956@gmail.com,https://educationportal.uk.gov.in,-,Anshu Badoni,Senior Secondary,Director Of Uttarakhand,-,Pauri Garhwal
Charat Niketan Vishwa Bharti Pub Sch,3530091,Jhabrera Distt Haridwar Uttaranchal,247665,1332,224252,9719127931,-,charatniketan@gmail.com,-,1993,Seema Kushwaha,Senior Secondary,Charat Niketan Edn,-,Haridwar
Charless Wain Academy,3530492,"Bishan Garh,bhogpur,dehradun",248143,135,01352417062,-,-,heads.cwa1718@gmail.com,-,2001,Mrs. Neelam Tripathi,Senior Secondary,Charless Wain Educational Society,-,Dehradun
Chaukhutiya,3520137,"Chaukhutiya, Almora",263656,-,05966246549,-,-,principalggicchaukhutia@gmail.com,www.auggicchaukutiya.in,-,Nandi Sharma,Senior Secondary,State Government Uttarakhand,-,Almora
Cantt Board School,3520015,Rokee Cantt Distt Haridwar Uttaranchal,247667,1332,273437,9897019956,-,canttboardschool@gmail.com,www.cbsroorkee.ac.in,1904,Sh. Narendra Kumar,Senior Secondary,Diocese Of Delhi  New Delhi,-,Haridwar
Children Modern Academy,3530104,Rochipur Majra Dehradun Uttaranchal,248001,135,2626627,4612306,2326371,r.k.naithani1959@gmail.com,http://www.dpsgrnoida.com,1985,Rita Naithani,Senior Secondary,Children Modern Academy,-,Dehradun
Children's Academy Sr Sec School,3530006,Chakrata Road (tagore Villa) Dehradun Uttaranchal,248001,135,"2659583, 654183",657883,-,childrensacademykiran@gmail.com,-,1957,Kiran Kashyap,Senior Secondary,Childrens Academy Association Socy,-,Dehradun
Children's Senior Academy,3530034,P O Milap Nagar Roorkee Distt Hardwar Uttaranchal,247667,1332,"01332242472, 3472",-,-,pruthi.sangeeta@gmail.com,-,1970,S Pruthi Officiating Charge,Senior Secondary,Children's Senior Academy,-,Haridwar
City Convent School,3530387,"Kumrah Sitarganj Road Khatima, Udham Singh Nagar,",262308,5943,05943251474,-,5943251474,ccskhatima@gmail.com,http://cityconventschoolkhatima.com,-,Mr. Ramyesh,Senior Secondary,-,-,Udham Singh Nagar
City Public School,3530342,Near Mahadev Dharagicd,262501,5964,264080,-,05964-227055,Trilochanupadhyay602@gmail.com,-,2000,Trilochan Upadhyay,Senior Secondary,City Public School Samittee,-,Pithoragarh
"College Road, Chamba",3520226,"-, -",249145,-,01376256124,-,-,sdsgicchamba@gmail.com,http://www.sdsgicchamba.com,-,Rajendra Singh Rawat,Senior Secondary,Department Of School Education Uttarakhand,-,Tehri-Garhwal
Chhauni Children's Academy,3530085,Kashpur Udham Singh Nagar Uttaranchal,244713,5947,277537,-,0130-2221730,prasapra@gmail.com,-,1998,Pradeep Kumar Sapra,Senior Secondary,Children Academy Society,-,Udham Singh Nagar
Columbus Public School,3530120,Model Colony Balli Vihar Rudrapur Us Nagar Uttaranchal,263153,5944,"244076, 44076",8.13E+19,246840,arvind02@rediffmail.com,http://www.cpsrudrapur.co,1997,Arvind Shrivastava,Senior Secondary,Columbus Shiksha Prasar Samiti,-,Udham Singh Nagar
Confluence World School,3530532,"Confluence World School, Education Acres, 6 Km Milestone, Nh 74",263148,-,05944281200,-,5944281200,principal@confluence.edu.in,http://www.confluence.edu.in/,2012,Mr. Prafullamani Pradhan,Senior Secondary,Global Society For Initiatives And Campaigns In Education,-,Udham Singh Nagar
Convent Of Jesus & Mary,3530007,Waverley Mussoorie Uttaranchal,248179,135,2632747,1352630076,135263257,cstellarjm@gmail.com,-,1845,Stella,Senior Secondary,Jesus Anad Mary Educational Socy,-,Dehradun
Countrywide Public School Garur,3530339,"Deonai Road , Baret Garur",262641,5963,250480,-,-,shraddha.mb.sb@gmail.com,http://www.countrywidepublicschool.com,2004,Mr. Kheem Singh Negi,Secondary School,Countrywide Welfare & Educational Society,-,Bageshwar
Country Wide Public School,3530175,Pindari Road Kathayatbara Bageshwar Uttaranchal,263642,5963,221468,-,-,cpsbageshwar@gmail.com,-,2003,Asha Tiwari,Senior Secondary,Countrywide Welfare & Edu Society,-,Bageshwar
Cynthia School,3530142,Chhoti Mukhani Haldwani Uttaranchal,263139,5946,235273,74937,220992,cynthiaschool@gmail.com,http://www.manavschool.co,1980,P K Rautela,Senior Secondary,Cynthia Educational Soc Wel Soc,-,Nainital
Colonels Academy,3530385,"Ramgarh, Singniwala, Shimla Bye Pass, Dehradun,uttarakhand 248007",248007,135,2693118,-,-,darshan4ford@gmail.com,-,2006,Shusma Chaudhari,Senior Secondary,Friends Of Rural Development Charitable Society,-,Dehradun
D.A.V.Centenary Public School,3530049,Laksar Road Jagjeetpur  Kankhal Hardwar Uttaranchal,249408,91,"8194000978, 415016",8194000970,00966-2-4231474,ppurohit777@gmail.com,-,1986,P C Purohit,Senior Secondary,Dav Trust & Managing Society,-,Haridwar
D.S.B. International Public School,3530244,"Gumaniwala, Teh. Rishikesh, Distt. Dehradun, Uttarakhand-249204",249204,135,2452583,0180-6534366,0135-2672263,shivss2011@gmail.com,http://www.manavabharati.org,2005,Shiv Sehgal,Senior Secondary,Manava Bharati Society Dehradun,-,Dehradun
Dav Centenary Public School,3530055,P.o.box No -25 Haldwani Nainital Uttaranchal,263139,5946,260351,-,-,jovialamit26@rediffmail.com,-,1990,Amit Joshi,Senior Secondary,Dav Trust & Mgmt Soc,-,Nainital
D A V Public School,3530041,Kotdwara Distt. Peuri Gerhwal Uttaranchal,246149,1382,231265,9897965441,231885,ashoksharma6708@gmail.com,-,1982,Ashok Kumar Sharma,Senior Secondary,Dav College Trust Mgt  Society,-,Pauri Garhwal
Dav Public School,3530211,Shimla Pistaur Po Lalpur Rudrapur Distt U S Nagar Uttranchal,263153,5944,"280075, 221464",0135-2752353,2756721,satyendra.shukla90@yahoo.com,-,1982,Satyendra Shukla,Senior Secondary,Dav College Trust & Mgmt Society,-,Udham Singh Nagar
"Dav Public School, Bazpur",3530245,"Beria Road Bazpur Udham Singh Nagar,",262401,5949,281537,25094583,05949-281537,deepabhattacharya@ymail.com,-,1989,Deepa Bhattacharya,Senior Secondary,Dav College Trust & Management Society,-,Udham Singh Nagar
Dav Public School,3530053,Sector Iv Defence Colony Haridwar Road Dehradun Uttaranchal,248001,135,2665059,746010,-,bembeysarika@yahoomail.com,-,1989,Sarika M Bembey,Senior Secondary,Dav College Turst & Mgmt Soc,-,Dehradun
Dawa Rinjue School,3530052,Dehradun Road Herbertpur Distt Dehradun Uttaranchal,248142,1360,259014,0183-5008526,1832382589,drssociety@yahoo.co.in,-,2003,Dimpal Gupta,Senior Secondary,Dawa Rjnjue Sch Society,-,Dehradun
Dayanand Arya Vidyalaya (Dav),3530260,"Teh. Lohaghat, Distt. Champawat, Uttarakhand",262524,5965,234052,2530998,-,bkj14380@gmail.com,-,1990,Brajesh Jaiswal,Senior Secondary,Dav Trust & Mgmt Society,-,Champawat
De Vito School,3530542,P.o.- Bhowali  District Nainital 263132,263132,-,05942220067,-,-,devitohighschool@gmail.com,http://www.devitoschool.edu.in,2016,Miss Lissy. Ak,Senior Secondary,The Society Of The Maid Of Poor Educational Society,-,Nainital
Ddm  D A V Public School,3530056,Manpur Road Kashipur Katoratal Uttaranchal,244713,5947,274854,-,-,sk_somesh@yahoo.com,-,1990,Ashok Mathur,Senior Secondary,Dav College Trust & Mgmt Soc,-,Udham Singh Nagar
Delhi Public School,3530371,"Village Garhi Inderjeet, P.o. Partappur, Tehsil - Kashipur, Distt - U.s. Nagar (u.k)",244713,5947,7351147000,-,-,PRINCIPAL@DPSKASHIPUR.EDU.IN,http://www.dpskashipur.g,2013,Pooja Sharma,Senior Secondary,S Jagir Singh Educational Society,-,Udham Singh Nagar
Delhi Public School,3530008,B H E L Ranipur Hardwar Uttaranchal,249403,1334,"231364, 4505",9837057723,231364,dpshardwar2014@gmail.com,http://www.dpshardwar.com,1977,Kailash Chandra Pandey,Senior Secondary,Ranipur Delhi Public School Socy,-,Haridwar
Defence Public School,3530528,"Defence Public Schoolchharba , Sahaspur ,dehradun",248197,-,9358208010,-,-,info@defencepublicschool.net,http://www.defencepublicschool.net/,2016,Mrs.kalpana Gupta,Senior Secondary,Subhaga Devi Smriti Educational Foundation,-,Dehradun
Dehradun Hills Academy,3530050,P.o. Nagal Jwalapur-doiwala Doodhli Road Dehradun Uttaranchal,248140,135,2687122,346,-,madhus217@gmail.com,-,1990,Madhu Singh,Senior Secondary,Ch. Nain Singh Education Society,-,Dehradun
Delhi Public School,3530520,"Opposite Gate No.-11, Radha Soami Satsang, Kichha Road, Rudrapur",263153,-,7466009993,-,-,principal@dpsrudrapur.com,http://www.dpsrudrapur.com,2017,Mr. Chetan Chauhan,Senior Secondary,Gyan Anjan Charitable Trust,-,Udham Singh Nagar
Delhi Public School Daulatpur,3530533,"7 Kilometer Stone, Bahadrabad Dhanauri Road, Village Daulatpur",249402,-,7249999673,-,-,info@dpsdaulatpur.com,www.dpsdaulatpur.com,2016,Mrs. Poonam Shrivastava,Senior Secondary,Anusha- The Educational Society,-,Haridwar
Delhi Public School Dehradun(An Institution Of M P Singh Foundation),3530305,"Village-kalagaon, Sahastradhara Road,dehradun",248001,135,2608241,-,0135-3245724,PRINCIPALDPSDUN@GMAIL.COM,http://www.dpsdehradun.com,2008,Bhoopesh Kr Singh,Senior Secondary,M P Singh Foundation,-,Dehradun
Deepti Public School,3530443,"Vill Harinagar, P.o. Haripur Nayak, Kusumkhera, Near Hanuman Mandir",263139,5946,05946-261105,-,-,deeptipublicschool@gmail.com,http://www.deeptipublicschool.com,1997,Mrs.deepti Joshi,Senior Secondary,Deepti Public School Educational Society,-,Nainital
Delhi Public School Rishikesh,3530606,"Delhi Public School Rishikeshshanti Nagar, Ranipokharirishikesh, Dehradun",248145,-,9871130616,-,-,dpsrishikesh@gmail.com,www.dpsrishikesh.com,2019,Mrs. Rachna Pandit,Senior Secondary,Pramiti Education And Knowledge Society,-,Dehradun
Delhi Public School Roorkee,3530341,"Opp. Power Grid, Dehradun Road, Roorkee, Distt Haridwar, Uttarakhand",247667,1332,243100,-,01332-234101,dpsroorkee@yahoo.com,http://www.dpsroorkee.com,2010,N Singh,Senior Secondary,V.k. Educational Trust,-,Haridwar
"Delhi Public School, Haldwani",3530540,"Near- Bel Baba Mandir, Haripur, Phutkuwa, Rampur Road, Haldwani",263139,-,7253000601,-,-,principal@dpshld.in,http://www.dpshld.com,2018,Miss Ranjana Shahi,Senior Secondary,Himalaya Education Society,-,Nainital
Devbhoomi Children Academy,3530471,"Devbhoomi Children Academy Campus, Patanjali Yogpeeth, Phase-i, Nh-58, Delhi-haridwar Road, Haridwar, Uttarakhand, India",249405,-,8394864234,-,-,devbhoomichildrenacademy@gmail.com,-,2011,Sunil Dutt,Secondary School,Devbhoomi Shiksha Parsarini Samiti,-,Haridwar
Devbhumi Public School,3530367,Nakotsrinagar Garhwalp.o. Kirtinagar,249161,1370,260200,-,-,bsdhanaidps@gmail.com,-,2002,Bhagwan Singh Dhanai,Senior Secondary,Devbhumi Public School Educational Society,-,Pauri Garhwal
Dewal,3520203,"Chamoli, Uttarakhand",246427,-,8006354749,-,-,gicmundoli@gmail.com,https://educationportal.uk.gov.in,-,Sanjay Kumar,Senior Secondary,Sanjay Kumar,-,Chamoli
Dhauntiyal,3520176,"Po Dhauntiyal, Block Jaihari Khal",246155,-,9411123603,-,-,gicsidhpur@gmail.com,www.gicsidhpur.com,-,Gajendra Singh Negi,Senior Secondary,Atal Utkrisht Govt Inter College Sidhpur,-,Pauri Garhwal
Dhanvantri Public School,3530507,"Naugaon Bazar,",249171,-,01375-245533,-,-,dhanvantripublicschool@gmail.com,http://www.dhanvantripublicschool.com,2009,Mr. Amrit Minj,Senior Secondary,Dhanvantri Sewa Samiti,-,Uttarkashi
Dhokaney,3520154,"Simrar,  Simrar",263135,-,9627461693,-,-,gicdhokaneynainital@gmail.cim,https://gicdhokaneynainital.blogspot.com,-,Bipin Kumar Singh,Senior Secondary,Education Department Uttarakhand,-,Nainital
Dharma International School,3530538,Saura Saroli Post Saura Saroli Thano Road Raipur Dehradun,248008,-,01352671112,-,1352671112,dharmainternationalschool@gmail.com,http://www.dharmainternationalschool.in,2014,Dr. Swati Anand,Senior Secondary,Late Dharam Singh Butola Charitable And Educational Society,-,Dehradun
Atal Utkrisht Govt Inter College Bungalgarhi,3520252,"Po Timalsain, Block Rikhnikhal",246179,-,8958840055,-,-,bbungalgadhi123@gmail.com,www.gicbungalgarhi.com,-,Neeraj Kumar,Senior Secondary,Atal Utkrisht Govt Inter College Bungalgarhi,-,Pauri Garhwal
Atal Utkrisht Government Intermediate College Balli,3520168,"Post Office - Balli, Block - Dugadda",246127,-,091 8433217710,-,-,gic.balli.pauri@gmail.com,http://www.augicballi.xyz,-,Ajay Rawat,Senior Secondary,Director Secondary Education,-,Pauri Garhwal
Atal Utkrisht Govt Inter College Chamiyala,3520256,"P.o. Chamiyala, Tehri Garhwal",249125,-,01369258404,-,-,augicchamiyala@gmail.com,www.augicchamiyala.in,-,Govind Prasad Bhatt,Senior Secondary,Education Department Uttrakhand,-,Tehri-Garhwal
Atal Utkrisht Govt Inter College Phoolchaur,3520239,"Halduphokhra  Haldwani, Gic Phoolchaur  Nainital",263139,-,09412108003,-,-,ds802180@gmail.com,http://schooleducation.gov.in,-,Sohan Singh Mehta,Senior Secondary,Deo Nainital,-,Nainital
Atal Utkrisht Govt. Girls Inter College,3520228,"Tanakpur, Tanakpur",262309,-,0594326626,-,-,ggictanakpur0123@gmail.com,https://ggic0123.wixsite.com/website,-,Hoshila Singh,Senior Secondary,Education Department Uttrakhand,-,Champawat
Atal Utkrisht Govt Intermediate  College Ojali,3520276,"P.o. -  Khandyusain, Pauri Garhwal",246001,-,9412114209,-,-,gicojali@gmail.com,www.AtUtgicOjali.com,-,Mangal Singh Chauhan,Senior Secondary,Dept School Education Govt Of Uttarakhand,-,Pauri Garhwal
Atal Utkrisht Govt Intermediate College Srikotkhal,3520245,"District-pauri Garhwal, Uttarakhand",246131,-,916396528019,-,-,gicsrikotkhal@gmail.com,www.augicsrikotkhal.in,-,Gajendra Kumar Singh,Senior Secondary,Director,-,Pauri Garhwal
Atal Utkrisht Govt. Girls Inter College Bhouri,3520233,"Post Bharapur, Roorkee",247667,-,9456085156,-,-,atalschool.bhouri@gmail.com,http://www.atalschoolbhouri.in,-,Vinita,Senior Secondary,Director Of Sec School Education Uttrakhand,-,Haridwar
"Atal Utkrisht Govt. Inter College Arakot, Mori",3520282,"A.u.g.i.c.arakot, Shimla-jubbal Road, , A.u.g.i.c.arakot, Shimla-jubbal Road,",249128,-,8627020938,-,-,gicarakot.uk@gmail.com,htt://www.augicarakot.com/,-,Shyam Singh,Senior Secondary,Atal Utkrisht Government Inter College Arakot Mori,-,Uttarkashi
Atal Utkrisht Govt. Inter College Bandia,3520241,"Khatima, U. S. Nagar",262308,-,9411377604,-,-,gicbandiak53@gmail.com,http://www.augicbandia.com,-,Avanish Singh Chauhan,Senior Secondary,State Government Uttrakhand,-,Udham Singh Nagar
Atal Utkrisht Govt. Inter College Dewal,3520170,"Atal Utkrisht Govt. Inter College Dewal , Dewal Chamoli Uttrakhand",246427,-,8126971202,-,-,gic.dewal.09@gmail.com,https://augicdewal.in/,-,Meharwan Ram Ghuniyal,Senior Secondary,Atal Utkrisht Govt. Inter College Dewal Chamoli,-,Chamoli
Atal Utkrisht Govt. Inter College Ghat,3520215,"Ghat, Nagbagar Farkhet",246435,-,8755395266,-,-,atalutkrishtgicghat@gmail.com,https://schooleducation.uk.gov.in,-,Vinod Arya,Senior Secondary,Director Of Education Uttarakhand,-,Chamoli
Atal Utkrisht Govt. Inter College Lakhamandal,3520251,"Post- Lakhamanda, Chakrata",248124,-,09456527602,-,-,giclakhamandal@gmail.com,www.augiclakhamandal.co.in,-,Kendra Singh Aswal,Senior Secondary,Education Department Of Uttrakhand,-,Dehradun
Atal Utkrisht Govt. Inter College Roorkee Hardwar,3520237,"Nehru Nagar , Roorkee",247667,-,91332354720,-,-,atalschoolroorkee@gmail.com,http://atalutkrshtroorkee.in,-,Ram Milan,Senior Secondary,Director Of Education,-,Haridwar
Atal Utkrisht Govt. Intermediate College Basantpur,3520275,"Post - Tairi, Block - Kot",246146,-,01368221789,-,-,gicbasantpurprincipal@gmail.com,http://www.augovticbasantpur.in,-,Yogendra Kumar Rajput,Senior Secondary,Uttarakhand State Govt,-,Pauri Garhwal
Atal Utkrisht Govt. Model Inter College Gadora,3520280,"Post Office- Gadora, Gadora",246472,-,-,-,-,rajpalsbartwal@gmail.com,-,-,-,Senior Secondary,Education Department Of Uttarakhand,-,Chamoli
Atal Utkrisht Govt.Inter  College Chamrada Devi,3520250,"P.o.bharpur Via Shivanand Nagar, District Tehri Garhwal",249192,-,9410908700,-,-,gicchamararadevi@gmail.com,https://educationportal.uk.gov.in,-,Pradeep Kumar Singh,Senior Secondary,Director Of School Education,-,Tehri-Garhwal
Atal Utkrisht Inter College,3520283,"Post Office - Purola, Uttarkashi",248195,-,0135-223491,-,-,augicpurola@gmail.com,http://www.augicpurola.com/index.html,-,Chatar Singh,Senior Secondary,Education Department Uttarakhand,-,Uttarkashi
Atal Utkrisht Inter College,3520227,"P.o.- Khera, Via - Vikasnagar",248198,-,9457137873,-,-,atalutkrishticollegebarotiwala@gmail.com,https://educationportal.uk.gov.in/login.do,-,Baburam Acharya,Senior Secondary,Atal Utkrisht Gov.t Inter College Barotiwala,-,Dehradun
Atal Utkrisht Leelawati Pant Govt. I. C. Bhimtal,3520244,"Naukuchiyatal Road, Bhimtal",263136,-,07668457327,-,-,lpgicbhimtal003@gmail.com,https://schooleducation.uk.gov.in/,-,Rakesh Kumar Verma,Senior Secondary,Department Of School Education,-,Nainital
Atal Utkrisht N.S.B G.M.I.C. Nagnath,3520180,"Pokhari, Nagnath",246473,-,07351435416,-,-,gmicnagnathpokhari1901@gmail.com,https://augmicnagnath.in,-,Gyani Lal Shailani,Senior Secondary,Department Of Education Uttarakhand,-,Chamoli
Atal Utkrisht Saheed Manoj Kumar Gic Jamlakhal,3520274,"Po - Jamlakhal, Pin - 246194, Pauri Garhwal",246194,-,8979684092,-,-,jamlakhal.pauri151@gmail.com,http://www.jamlakhal.in,-,Nandan Singh Pundir,Senior Secondary,School Education Department Of Uttarakhand,-,Pauri Garhwal
Atal Utkrisht Shahidrahul Rainswal G.I.C.Champawat,3520249,"Champawat , Champawat",262523,-,05965-230159,-,-,ausrrgiccpt@gmail.com,https://gicchampawat15.wixsite.com/giccpt,-,Manoj Kumar Joshi,Senior Secondary,School Education Uttarakhand,-,Champawat
Atal Utkrisht Saraswati Govt.Girls Inter College,3520235,"Jhabrera, Narsan",247665,-,01332224109,-,-,atalschool.jhabrera@gmail.com,http://www.sggicjhabrera.com,-,Punam Sharma,Senior Secondary,Director General Of School Education Uttarakhand,-,Haridwar
Atal Utkrist Government Inter College Podowali,3520236,"Khanpur, Haridwar",247671,-,9412971796,-,-,atalschoolpodowali@gmail.com,http://atalutkrshtpodowali.in/,-,Jagannath,Senior Secondary,Director General Of Secondary Education Uttrakhand,-,Haridwar
Atal Utkrishth .G.I.C .Agastyamuni,3520148,"Atal Utkrishth .g.i.c .agastyamuni, Atal Utkrishth .g.i.c .agastyamuni",246421,-,01364286292,-,-,agicagust@gmail.com,www.gicaug.com,-,Mahabir Singh,Senior Secondary,Goverment Of Uttrakhand,-,Rudraprayag
Atal Utkrishth Government Intermediate College,3520120,"Teh - Purola, Gundiyatgaon",249185,-,09411747162,-,-,augicgundiyatgaon79@gmail.com,www.augicgundiyatgaon.in,-,Umanath Mishra,Senior Secondary,School Education Department Of Govt Of Uttarakhand,-,Uttarkashi
Atal Utkrist Govt Inter College Gaja,3520224,"Po-gaja, Chamba, Tehri Garhwal",249146,-,9456711660,-,-,principalgaza@gmail.com,https://www.augicgaja.com,-,Dwarika Nath,Senior Secondary,Department Of School Education Uttrakhand,-,Tehri-Garhwal
Atal Utkrist Sr Sec School Buggawala,3520234,"Bhagwanpur, Hardwar",247662,-,9412420842,-,-,atalschool.buggawala@gmail.com,http://atalutkristseniorsecondarybuggawala.in/,-,Meena Pandey,Senior Secondary,Director Of Secondary School Education  Dehradun  Uttrakhand,-,Haridwar
Atal Utkrist Sri 1008 Geeta Swami G.I.C.Gopeshwar,3520273,"Block-dasholi, District- Chamoli",246401,-,-,-,-,augicgopeshwar@gmail.com,-,-,-,Senior Secondary,Department Of School Education Uttarakhand,-,Chamoli
Autksgic Thati Dhanari Uttarkashi,3520218,"Near Village Pipli Dhanari , Dunda",249151,-,08126283110,-,-,tksgicthatidhanari@gmail.com,www.autksgicthati.in,-,Chandrabhan,Senior Secondary,Autksgic Thati Dhanari,-,Uttarkashi
Bal Bharati School,3530100,Motadhak Po Padampur Matadhak Teh.kotdwara Pauri Garhwal Uttaranchal,246191,138,"2241374, 41373",-,-,girishrawat26@gmail.com,-,1989,G S Rawat,Senior Secondary,Bal Bharati School Samiti,-,Pauri Garhwal
Bal Bharti Sr Sec School,3530080,Sector 4 Bhel Ranipur Hardwar Uttaranchal,241940,133,285263,-,011-22586088,emb_bbsss464@yahoo.com,-,1996,Sukhvir Singh,Senior Secondary,Bhel Edn Management Board,-,Haridwar
Baluni Public School,3530365,"Tilwari, Vikas Nagar Dehradun",248007,135,7088963111,-,-,bckhanduri2010@gmail.com,-,2011,B C Khanduri,Senior Secondary,Baluni Welfare And Education Society,-,Dehradun
Banjarawala Dehra Public Inter College,3530546,Banjarawala Kargi Road Dehradun Uttarakhand,248001,-,7579469882,-,-,dpic98@gmail.com,-,1998,Mr. Sudhir,Senior Secondary,Banjarawala Dehra Public School Sikha Samitt,-,Dehradun
B B V M Public School,3530568,Vill Kishanpur Sakuliya Po Motahaldu,263139,-,919410589964,-,-,bbvmpschool85@gmail.com,www.bbvmpublicschool.org,1985,Mr. Dhirendra Kumar Joshi,Secondary School,Krishak Jansevi Gramodyog Sansthan Motahaldu,-,Nainital
Bdm School,3530237,"1164 Ram Bagh, Dehradun Road, Herbertpur, Dehradun, Uttarkhand",248142,1360,258000,01360-250268,01360-258624,bdm.school@ymail.com,http://www.bdmschool.com,2006,Sanjay Garg,Senior Secondary,Banarsidas Memorial Educational Welfare Society,-,Dehradun
Beer Sheba Sr Sec School,3530013,Civil Lines Haldwani Nainital Distt Uttaranchal,263139,5946,05946223030,-,06158-281227,beershebaschool_hld@rediffmail.com,http://www.beersheba.ac.in,-,Dr. G. S. Mehra,Senior Secondary,-,-,Nainital
Beersheba School,3530131,Bhawani Dutt Parishar Hira Dungri Almora Uttaranchal,248001,5962,6396569566,656593,0831- 2404060,beersheba_s@rediffmail.com,http://www.klesociety.org,1993,Mrs. Preeti Pandey,Senior Secondary,Manohari Edu & Social Welfare,-,Almora
Beersheeba Public School,3530110,Siroli Kalan Kichha Us Nagar Uttaranchal,834009,5944,"264496, 64496",2505264,1832501705,nayanprabha2014@gmail.com,-,1996,Nayan Prabha Kacker,Senior Secondary,Beersheeba Edu & Social Wel Society,-,Udham Singh Nagar
Beershiva Public School Chakhutia,3530584,"Village Chinoni, Chakhutia",263601,-,05966220928,-,5966220928,beershiva05school@gmail.com,www.beershiva.co.in,2014,Mr. Mukesh Chandra Pandey,Secondary School,Nndm Bhatt Memorial Educational Society,-,Almora
Bhagirathi Vidyalaya,3530179,Po Haripur Kalan Raiwala Distt Dehradun Uttaranchal,249205,135,2485134,-,-,bhagirathividyalaya@smgi.edu.in,-,1996,Pushpa Kotwani,Senior Secondary,Bhagirathi Education Society,-,Dehradun
Bhandarigaun,3520130,"Dewalthal, Dewalthal",262542,-,9456721317,-,-,dewalthalgic1976@rediffmail.com,http://www.autsbgicdewalthal.in,-,A K Srivastava,Senior Secondary,Principal,-,Pithoragarh
Bhansari,3520115,"Naugaon, Uttarkashi",249141,-,8126826370,-,-,atalkharadi1985@gmail.com,http://augickharadi.com/,-,Ashish Chand Ramola,Senior Secondary,Director  Of School Education Uttarakhand,-,Uttarkashi
Atal Uttakrist Government Inter College Supi,3520281,"Post-supi, Tehsil- Kapkote",263679,-,-,-,-,gicsoopi11@gmail.com,-,-,-,Senior Secondary,Harish Kumar Gangwar,-,Bageshwar
Baldev Singh Inter College,3530504,"Thakurdwara Road,jaspur,udhamsinghnagar Uttarakhand",244712,5947,9927113821,-,-,bsic.jaspur@gmail.com,-,2013,Mr. Prashar Tyagi,Senior Secondary,Baldev Singh Educational & Welfare Society,-,Udham Singh Nagar
Bharatiya Academy,3530271,Soni Foundation Trust Bharatiya Academy Village Tanshipurpost Roorkee-247667distt- Haridwaruttarakhand,247667,1332,09410148236,-,1332270281,sft2ster@gmail.com,www.bharatiyaacademy.com,2000,Mrs. Nirupma,Senior Secondary,Soni Foundation Trust,-,Haridwar
Bal Mandir Sec School,3530072,Sector-i Bhel Ranipur Hardwar Uttaranchal,249403,1334,"285383, 485361",425210,25473035,pandeyknemb@gmail.com,-,1976,K N Pandey,Senior Secondary,Bhel Educational Mgmt Board,-,Haridwar
Aurum The Global School,3530373,Canal Road Tikonia Haldwani,263139,594,9719196096,-,-,manipushpakjoshi@gmail.com,www.aurumschool.com,2012,Mrs. Ashu Pant,Senior Secondary,Dayal Shankar Society,-,Nainital
Birla Open Minds International School,3530600,"Sihniwala, Shimla Road, P.o. Sherpur",248197,-,01352693407,-,2693425,vc@sce.org.in,www.birlaopenmindsdehradun.org,2019,Mrs. Anita Saini,Senior Secondary,Rijan Educational Society,-,Dehradun
Birla Vidya Mandir,3530012,Nainital Uttaranchal,263001,5942,"236879, 35370",-,236183,info@birlavidyamandir.com,http://www.birlavidyamandir.com,-,Mr. Anil Kumar Sharma,Senior Secondary,-,-,Nainital
Blm Academy,3530343,"Padampur Devalia,gora Parao, Haldwani,",263139,5946,232010,-,-,blma.principal@gmail.com,http://www.blmacademy.com,2011,Mrs. Gayatri Kanwar,Senior Secondary,Bihari Lal Mishri Devi Memorial Trust Society,-,Nainital
Block Pokhra,3520206,"Post Pand, Tahsil Chaubattakhal",246169,-,6398209682,-,-,atalgicsaknolikhal@gmail.com,www.augicsaknolikhal.ac.in,-,Satya Prakash,Senior Secondary,Government Of Uttarakhand,-,Pauri Garhwal
Blooming Academy,3530655,"Po Halduchour , Lalkuwan",263139,-,9837686616,-,-,bloomingacademy616@gmail.com,www.bloomingacademyhalduchour.com,-,Heema Negi,Secondary School,Blooming Kids Welfare Society,-,Nainital
Bhartiyam International School,3530356,"Village Rameshwarpur, Lalpur, Distt Udham Singh Nagar, Uttarakhand",263148,5944,08475812345,-,-,RAJESH@BHARTIYAMINTERNATIONALSCHOOL.COM,http://www.bhartiyaminternationalschool.com,2012,Rajesh Sharma,Senior Secondary,Bhartiyam Educational And Social Welfare Socity,-,Udham Singh Nagar
Bmdav Public School,3530517,"Vedic Mohan Ashram, Bhupatwala",249410,-,01334260342,-,-,bmdavharidwar@gmail.com,http://www.bmdavharidwar.org,2008,Mrs. Leena Bhatia,Senior Secondary,Dayanand Anglo-vedic College Trust & Management Society,-,Haridwar
Blooming Vale Pub School,3530117,Gari Ghat Kotdwara Pauri Garhwal Uttaranchal,246149,1382,223302,1382227865,-,rekhagaur66@gmail.com,-,1993,Rekha Gaur,Secondary School,U R Children's Edu Society,-,Pauri Garhwal
Bml Munjal Green Medows School,3530431,-,249402,1334,9358194141,-,-,principal@bmlgreenmedows.com,http://www.bmlgreenmedows.com,2010,Kala Nagarkoti,Senior Secondary,Bml Munjal Foundation,-,Haridwar
Brain Discovery Global School,3530552,"Nh-72, Haridwar-dehradun Highway,chidderwala",249204,-,01352493100,-,-,bdgschidderwala@gmail.com,https://braindiscoveryglobalschool.in/,2017,Mr. Rajiv Singh Rautela,Senior Secondary,Madan Singh Raipal Singh Bist Memorial Trust,-,Dehradun
Braj International Public School,3530470,Village- Berpur (piran Kaliyar),247661,-,01334266519,-,-,bipsharidwar@gmail.com,http://www.bipsharidwar.co.in,2013,Mrs.manisha Verma,Secondary School,Braj Foundation,-,Haridwar
