A K International School,2133252,"Vill-gareriya Ka Pura, Post- Mohammadabad, Ghazopur",233227,-,0548222476,-,548222476,akinternationalschool1@gmail.com,www.akinternationalschool.com,2016,Mrs. Poonam Rai,Senior Secondary,Afzal Khan Memorial Trust,-,Ghazipur
A M World School,2132921,Maulagarh,244412,120,05921250380,-,-,amworldschool@gmail.com,WWW.AMWORLDSCHOOL.COM,2015,Mr. Rakesh Kumar,Senior Secondary,A M Social Development Trust,-,Sambhal
A B S International School,2132068,Maharajganj Badlapur Jaunpur,222125,5453,241132,-,-,rautv8785@gmail.com,-,2011,Vishal Suryabhan Raut,Senior Secondary,Anirudhra Bahadur Singh Charitable Trust,-,Jaunpur
A N International School,2130858,Noor Pur Road Bijnor Uttar Pradesh,246701,1342,250303,4735262181,-,an_international_school@yahoo.com,-,1983,Dr Sarjeet Singh,Senior Secondary,Mundokottackal Edu Soc,-,Bijnour
A P Public School,2131955,"Kampil Road, Kaimganj",209502,5690,230077,9812809964,-,anjalipandey1977@gmail.com,-,2013,Anjali Pandey,Senior Secondary,A P Education And Development Society,-,Farrukhabad
A R K Convent School,2132803,"Raksarai,sarai Akil,kaushambi,u.p.",212216,-,9918892727,-,-,amitkush0532@gmail.com,http://www.arkconventschool.com/,2013,Mr. Maheshwar Prasad Tripathi,Senior Secondary,Mahatma Jyotibarao Phule Shiksha Evam Jan Kalyan Sansthan,-,Kaushambi
A S Public College,2130581,Rai Bareilly Road Uttaretia Lucknow Uttar Pradesh,226025,522,8176007478,-,-,principalaspubliccollege@gmail.com,-,2002,Alka Sinha,Senior Secondary,Amrit Sheel Prani Sewa Sansthan,-,Lucknow
A P S Academy,2130419,Senani Vihar Rae Bareli Road Lucknow Uttar Pradesh,226002,522,8176067393,0522-6567393,-,hemakalakoti@gmail.com,-,1998,Hema Kalakoti,Senior Secondary,Aps Academy,-,Lucknow
A T L School,2130067,P O Bhupiamau Pratapgarh Distt Uttar Pradesh,230001,5342,244071,-,-,skd9453296565@rediffmail.com,-,1980,Santosh Kumar Dass,Senior Secondary,Atl Education Society,-,Partapgarh
A. D. Academy,2132613,"Dharmupur, Dubaulia, Basti",272131,551,2980091,-,-,adacademybasti@gmail.com,http://www.adacademy.com,2012,Ajay Kumar Singh,Secondary School,Yaduraji Devi Ish Dutt Charitable Trust,-,Basti
A. J. J.  Academy,2132322,"Lashkarpur, Varanasi",221101,-,8115766074,6.69E+14,-,contact2basant@rediffmail.com,-,2002,Basant Lal,Senior Secondary,Amar Jyoti Jokhan Shiksha Samiti,-,Varanasi
A. P. G. R. Global Senior Secondary School,2132929,"Inamipur, Kuchai, Pargana Nathupur,",221603,-,9451975413,-,-,apgrglobalschool@gmail.com,https://apgrschool.com/,2010,Mr. Dukhi Yadav,Secondary School,Savitri Vishawnath Shiksha Prasar Trust,-,Mau
A.B. International School,2133516,"Parsauni  Khurd, Nautanwa, Maharajganj,(u.p.)-  273164",273164,-,7080291827,-,-,abinternational2021@gmail.com,www.abinternationalschool.com,2017,Mr. Bajrangi Lal Singh,Secondary School,A.b.charitable Trust,-,Maharajganj
A.K Children Academy,2131728,"Mti Road,raj Nagar Extension",201003,-,9818724927,-,-,tanusri.b@gmail.com,-,2012,Tanusri Bhattacharya,Senior Secondary,A.k. Children Academy Cheritable Society,-,Ghaziabad
A.D. International School,2133105,"Kakrari,kakua Deori Road Agra Up",282000,-,0562-2214467,-,0562-2214467,adinternationalschooll@gmail.com,http://www.adis.com,2016,Mrs.tapasi Das,Secondary School,Anguri Devi Shiksha Samiti,-,Agra
"A.S.M. Convent School ,Sukhpura",2132415,Vill+po Sukhpura,277304,-,09452746844,-,-,asmconventschool@gmail.com,http://wwwasmconventschool.com,2014,Mr. Prakash Kumar Singh,Senior Secondary,Awdhesh Singh Smarak Educational Society,-,Ballia
A.P.S. College,2132227,"Mulayam Nagar,kumhawar Road,etawah, Uttar Pradesh-206001",206001,-,9412503336,-,-,armypublicschool1121@gmail.com,http://www.apsetawah.com,2013,Mrs. Chanchal Singh,Senior Secondary,Baudh Gyan Siksha Prasar Avam Jan Kalyan Samiti,-,Etawah
A V P International School,2133543,"Vill- Sindholli  G. T.road,aligarh Up",202001,-,9193700222,-,571,avpinternationalschool22@gmail.com,http://www.avpinternationalschool.com,2018,Mrs. Shashi P.masih,Senior Secondary,Avp Educational Society,-,Aligarh
A.S.P.M. Public School,2133371,"Sumergarh, Maharajganj",273306,-,9415691474,-,-,aspmpschool@gmail.com,http://www.aspmps.com,2017,Mrs. Asha Singh,Senior Secondary,Swatantrata Sangram Senani Akshaybar Singh Charitable Trust,-,Maharajganj
Aadharshila  The School,2131561,"2 Km. Dattyana Road, Chandpur, Distt Bijnour, Uttar Pradesh",246725,1345,223331,-,-,Siddheshsharma01@gmail.com,-,2010,Siddhesh Sharma,Senior Secondary,Chaudhary Bishan Singh Karanwal Foundation,-,Bijnour
Aamrapali English School,2133730,"Vill. Kuri Khera, Bambawar, Greater Noida, Goutam Budh Nagar",203207,-,8447527854,-,-,amarrai0121@gmail.com,www.aamrapalischool.com,2017,Mrs. Heena Khurana,Secondary School,Aamrapali Modern Educational And Social Development Society,-,Gautam Budh Nagar
Aarti Memorial Public School,2131805,Vill+post - Rajpur Chhajpur Kandhala Muzaffarnagar,247775,1392,260270,-,-,aartimemorial@yahoo.co.in,http://www.aratimemorial.com,2009,Surndra Pal Singh,Senior Secondary,Aarti Memorial Educational Society,-,Muzaffarnagar
Aastha Elite Public School,2133408,"Ghiror Road, Kurawali, Mainpuri, Uttar Pradesh 205265",205265,-,05672206373,-,-,info@aasthaelite.com,http://www.aasthaelite.com,2012,Mrs. Ekta Singh,Secondary School,Aastha Elite Educational & Charitable Trust,-,Mainpuri
Aateya Academy,2131068,"Vill. Tenunga, Phulwari, Katra Road, Pratapgarh",230001,534,2224827,-,-,lalitkfi@gmail.com,http://www.xyz.com,2001,Lalit Narayan Sharma,Senior Secondary,Harikesh Bhadur Mansa Devi Shikshan Sansthan,-,Partapgarh
Aatman Public School,2131626,"Near Harra More, Rohta Road, Khivai, Meerut, Uttar Pradesh",250344,121,235977,-,-,kajal.tyagi0004@gmail.com,http://www.aatmanpublicschool.org,2011,Kajal Tyagi,Senior Secondary,Aparajita Educational Trust,-,Meerut
Abc Public School,2131127,"Divya Nagar, Khorabar",273001,551,2272332,-,-,schoolabcpulic@gmail.com,-,2005,Pragya Mishra,Senior Secondary,Abc Educational Society,-,Gorakhpur
Abalone Public School,2131999,"Singahi Road Nighasan ,lakhimpur Kheri (u.p)262903",262903,91,9450052389,-,-,abalonepublicschool@gmail.com,-,2007,Anurag Datta,Senior Secondary,Abalone Public Education Trust,-,Lakhimpur Kheri
Abhay Pratap Singh International School,2132452,"Shahzadpur Bahadurpur, Khaga",212655,-,7704908712,-,-,apsschool14@gmail.com,http://www.apsinternationalschool.abhaygroup.com,2014,Mr. Prashant Awasthi,Senior Secondary,Babu Yugraj Singh Seva Sansthan,-,Fatehpur
Abg Gurukulam,2133382,"Abg Gurukulam,mahmoodpur Barsesasnihathras",204101,-,05722276164,-,5722276164,abggurukulam@gmail.com,www.abggurukulam.com,2018,Dr. Barkha Gupta,Senior Secondary,Shri Abg Dharmarth Sansthaan,-,Hathras
Abhinav Vidyalaya,2120024,"Block- Parikshitgarh, Distt. Meerut, Division Meerut Up",208008,361,44011,4427,-,anila@nds.vsnl.net.in,-,1954,Principal,Senior Secondary,Education Society A F Stn Kanpur,-,Meerut
Abhinav Vidyalaya,2120020,"Babhnan, Block- Gaur Distt, Basti, Division - Basti Up",-,361,44011,4427,-,anila@nds.vsnl.net.in,-,1954,Principal,Senior Secondary,Education Society A F Stn Kanpur,-,Basti
"Aatmdeep Vidyalaya, Siktaur, Near Deoria Bypass, Gorakhpur",2132410,-,273010,551,2200863,-,0551-2200863,st2851974@gmail.com,http://www.aatmdeepvidyalaya.com,2015,Anju,Senior Secondary,Aatmdeep Vidyalaya,-,Gorakhpur
Abhinav Vidyalaya,2120017,"Sardhua, Block- Pahadi, Distt. Chitrakoot, Division -chitrakootdham Mandal Banda Up",-,-,-,-,-,-,-,1954,Principal,Secondary School,Education Society A F Stn Kanpur,-,Chitrakoot
Abhinav Vidyalaya,2120022,"Kansapur, Block-jhanjhari, Post- Narayainpur Idha (khorahnsa), Dist. Gonda, Division- Devipatan, Up",-,-,-,-,-,-,-,-,-,Senior Secondary,-,-,Gonda
Abhinav Vidyalaya,2120018,"Netwar Bazaar, Block- Campiaranj, Distt. Gakhpur, Division- Gakhpur Up",-,-,-,-,-,-,-,1954,Principal,Senior Secondary,Education Society A F Stn Kanpur,-,Gorakhpur
Abhinav Vidyalaya,2120019,"Kuraitha, Block- Bamore, Distt. Jhansi, Division - Jhansi, Up",638104,-,0496 - 2623804,-,-,qybhavan@yahoo.co.in,-,2007,Principal,Senior Secondary,"Bharatiya Vidya Bhavan,mumbai",-,Jhansi
Abhinav Vidyalaya,2120021,"Dandupur, Block- Chaka, Distt. Allahabad, Division - Allahabad Up",110045,-,0496 - 2623804,-,-,qybhavan@yahoo.co.in,-,2007,Principal,Senior Secondary,"Bharatiya Vidya Bhavan,mumbai",-,Prayagraj
Abhinav Vidyalaya Attarchheri,2120025,"Block-majhgawan, Distt. Bareilly, Division Bareilly Up",-,-,-,-,-,-,-,1954,Principal,Secondary School,Education Society A F Stn Kanpur,-,Bareilly
Abhinav Vidyalaya Arazilines,2120032,"Block- Arazilines, Distt. Varanasi, Division Varanasi Up",-,361,44011,4427,-,anila@nds.vsnl.net.in,-,1954,Principal,Senior Secondary,Education Society A F Stn Kanpur,-,Varanasi
Abhinav Vidyalaya Bhojpur Pahadi,2120029,"Block- Pahadi, Distt, Mirzapur, Division Mriapur Up",-,361,44011,4427,-,anila@nds.vsnl.net.in,-,1954,Principal,Senior Secondary,Education Society A F Stn Kanpur,-,Mirzapur
Abhinav Vidyalaya Bijoli,2120028,"Block- Bah, Distt. Agra, Division Agra Up",-,-,0496 - 2623804,-,-,qybhavan@yahoo.co.in,-,2007,Principal,Senior Secondary,"Bharatiya Vidya Bhavan,mumbai",-,Agra
Abhinav Vidyalaya Kaluwala Pahadipur,2120027,"Block- Muzaffarabad , Distt. Sharanpur Division Saharanpur Up",246762,-,-,-,-,-,-,2010,Principal,Senior Secondary,Shri  Sai Seva Samiti,-,Saharanpur
Abhinav Vidyalaya Gangdharapur,2120016,"Block- Kannauj, Distt. Kannauj, Division- Kanpur, Up",-,-,-,-,-,-,-,1954,Principal,Senior Secondary,Education Society A F Stn Kanpur,-,Kanpur Nagar
Abhinav Vidyalaya Kara,2120015,"Block-mohanlalganj, Distt.-lucknow, Uttar Pradesh-227 305",-,532,2637863,9263182133,-,amita7527@gmail.com,-,2000,-,Senior Secondary,Shiv Narayan Arvind Pandey Shiksha,-,Lucknow
Abhinav Vidyalaya Narayanpurdeva,2120031,"Block Baniyakhera, Distt. Madabad, Division Madabad Up",203131,91,81911010117,4427,-,abhishekkmisra@gmail.com,-,1954,Dr  Abhishek Kumar Mishra,Senior Secondary,Education Society A F Stn Kanpur,-,Moradabad
Abhinav Vidyalaya Terahi,2120026,"Block- Maharajganj, District -azamgarh, Division- Azamgarh , Up",-,-,-,-,-,-,-,-,-,Senior Secondary,-,-,Azamgarh
Abs Public School,2132207,"Near Dwaper Resorts, Nh-2, Village Kurkanda",281122,565,0565-6505151,-,0565-2501515,abspublicschoolmathura@gmail.com,http://www.abspublicschool.org,2014,Miss Anita Yadav,Senior Secondary,Dwaper Shiksha Samiti,-,Mathura
Abhinav Vidyalaya Tikri Panna,2120023,"(kamtaganj) Bhadaiyan, Sultanpur, Uttar Pradesh-222 302",-,532,2637863,9263182133,-,amita7527@gmail.com,-,2000,-,Senior Secondary,Shiv Narayan Arvind Pandey Shiksha,-,Lucknow
Academic Heights Public School,2132917,"6th Milestone,khurja-sikandrabad,old G.t Road",203131,-,09717212288,-,-,khurjaahps@gmail.com,-,2012,Mrs. Renu Lata Sharma,Secondary School,Kavi Educational Trust,-,Bulandshahar
Academic Global School,2131757,"Jungle Dhusar, Pipraich Road, Gorakhpur",273014,551,70149884578,-,-,ahpsgorakhpur@gmail.com,http://www.academic.ac.in,-,V.c.chacko,Senior Secondary,-,-,Gorakhpur
Academy Of Modern Learning,2131837,"Gunnaur, Distt. Sambhal",243722,5836,233018,-,7895003377,shahzebakhtar@academyofmodernlearning.com,http://www.xyz.com,2010,Shahzeb Akhtar,Secondary School,Academy Of Modern Learning Trust,-,Budaun
Acme Global School,2132761,247001,247001,-,0132776620,-,-,acmeschool07@yahoo.com,http://www.acmegs.in,2013,Mrs. Garima Thakkar,Senior Secondary,Acme Educational Society,-,Saharanpur
Acn International School,2132914,"Acn City, Kasimpur Power House Road, Satha, Aligarh",202127,-,0571-2404029,-,0571-2404129,acnis@acngroup.in,http://www.acnis.in,2013,Mrs.meenakshi Sharma,Secondary School,Acn Educational & Charitable Trust,-,Aligarh
Adarsh City Convent School,2132827,Village Kakore,203203,-,8273666179,-,-,adarshcityconvent@gmail.com,-,2013,Mr.mohd Shanawaz,Secondary School,Adarsh Shiksha Samiti,-,Bulandshahar
Adam & Eves Convent School,2130807,Peerzada Road Gal Shaheed Madabad Up,244001,1634,9917464007,54650,-,mssid2004@yahoo.co.in,-,1994,M S Siddiqui,Senior Secondary,Adam & Eve''s Muslim Edu Society,-,Moradabad
Abhinav Vidyalaya Chhalesar,2120030,"Block- Jawan Sikandarpur, Distt. Aligarh Up",110045,-,0496 - 2623804,-,-,govtabhinavicchhaleshar@gmail.com,-,2007,Principal,Senior Secondary,"Bharatiya Vidya Bhavan,mumbai",-,Aligarh
Adarsh Gyan Sarovar Public School,2132037,"Chirori, Ghaziabad",201102,120,692333,-,-,agsps.chirori@gmail.com,-,2013,Neelam,Senior Secondary,Adarsh Gyan Sarovar Shiksha Samiti,-,Ghaziabad
Adarsh Public School,2133527,"Arnawali, Rohata Road, Meerut",250502,-,8375096943,-,-,apsarnawali@gmail.com,www.adarshpublicschool.com,2017,Mrs. Sakshi Jain,Secondary School,Mahapurush Vivekanand Shiksha Samiti,-,Meerut
Adarsh Public School,2132951,"Vill: Narehtha, Post: Kanaila, Teh: Sadar, Azamgarh",276128,-,9450500450,-,-,chshekhar15@gmail.com,-,2014,Mr. Naveen Kr Rwat,Senior Secondary,Maa Malti Devi Educational Trust,-,Azamgarh
Adarsh Public School,2130738,"B-193 Sector 52 Noida, Gautam Budh Nagar, Uttar Pradesh",201307,120,4274130,673462,-,nishiojha1@gmail.com,-,2004,Nishi Ojha,Senior Secondary,Adarsh Public School Society,-,Gautam Budh Nagar
Archisha International School,2132217,"Post Baghouli, Lucknow - Hardoi Road, Hardoi.",241001,522,05222359063,-,5222359063,archishaeducationaltrust@gmail.com,http://www.archishainternationalschool.com,2014,Dr.dolly Kumari,Senior Secondary,Archisha Educational Trust,-,Hardoi
Aristotle World School,2133211,"Nh-2, Malajani, Jaswantnagar, Etawah U.p.",206245,-,8395020203,-,5688000000,aristotleworldschool@gmail.com,http://www.awsetawah.com,2016,Mr. Ved Pathi Tiwari,Senior Secondary,R.s. Educational Society,-,Etawah
Army Public School,2180020,32 Punjab Lines Faizabad Cantt Uttar Pradesh,224001,5278,224944,228312,224944,asfaizabad@rediffmail.com,-,1992,Mr. Mr Dheeraj Shrivastava,Senior Secondary,Army Welfare Education Society,-,Ayodhya
Army Public School,2180019,Babina Cantt Distt Jhansi Uttar Pradesh,284401,510,05102740437,-,-,armyschool3@yahoo.com,apsbabina.in,1994,Mrs. Dimple Shekhawat,Senior Secondary,Army Welfare Education Society,-,Jhansi
Archies Higher Secondary School,2130966,"E-block, Shyam Nagar, Kanpur, Uttar Pradesh",208013,512,2420557,4869383,0512-2535166,aartiagl@yahoo.com,http://www.xyz.com,2004,Aarti,Senior Secondary,Archies Education Centre Society,-,Kanpur Nagar
Army Public School,2180043,Army Public Schoollbs Marg Near Command Hospital,226002,-,05222483186,-,-,apslbslko@gmail.com,http://apslbsmarglko.g,2008,Mrs.meenakshi Jayaswal,Senior Secondary,Awes,-,Lucknow
Army Public School,2180003,Nehru Road  Dilkusha Lucknow Cantt Uttar Pradesh,226002,522,2296929,5222480518,-,indu_mathur@rediffmail.com,-,4198,Mr. Indu K Mathu,Senior Secondary,Head Quarters Central Command,-,Lucknow
Army Public School,2180022,"S.p. Marg, Near Topkhana Bazar, Lucknow Uttar Pradesh",226002,522,2483017,-,-,laps@lw1.vsnl.net.in,-,1993,Mrs Prerna Mitra,Senior Secondary,Army Welfare Edn Society,-,Lakhimpur Kheri
Army Public School,2180011,Bareilly Cantt Uttar Pradesh,243001,562,2445,51107,-,drvipul@nde.vsnl.net.in,-,1987,Sh K A Dacosta,Senior Secondary,Head Quarters U P Area Bhareilly,-,Bareilly
Arise India Public School,2133504,"Vill. Khanpur Sadat, Biswan-laharpur Road, Laharpur",261135,-,9919136363,-,-,principalariseindia@gmail.com,ariseindiaps.com,2018,Mr. Amit Kumar,Secondary School,Gururekha Educational Foundation,-,Sitapur
Army Public School,2180008,Hn Lines Mathura Cantt- Uttar Pradesh,281001,2231,2231,2530,-,hindalco.rsgr@rmj.sprintrpg.ems.vsnl.net.in,-,1984,Col Randhir Singh,Senior Secondary,Head Quarters I Cps Co 56 Apo,-,Mathura
Army Public School,2180014,Daulat Singh Marg Jhansi Cantt Uttar Pradesh,284001,510,6521851,9415067315,-,armyjhs@rediff.com,-,1987,Mrs Rajani M,Senior Secondary,Army Welfare Education Society,-,Jhansi
Army Public School,2180023,D239a Brij Viharchander Nagarghaziabad,201303,510,4430430,4430493,-,apsnoidasec37@gmail.com,-,1995,Mrs Anita Shah,Senior Secondary,Army Welfare Edn Society,-,Gautam Budh Nagar
Army Public School,2180005,Agra Cantt Uttar Pradesh,282001,562,2261895,9453300974,-,rajkumar@nda.vsnl.net.in,-,1955,Miss Abha Sharma,Senior Secondary,Station Hq Agra Cantt,-,Agra
Army Public School,2180013,Meerut Cantt. Uttar Pradesh,250001,121,2662066,51107,2660755,army_school@indiatimes.com,www.apsmeerut.com,1987,Dr Mrs Reeta Gupta,Senior Secondary,Hq Meerut Sub Area,-,Meerut
Army Public School,2180017,Nathu Singh Road Kanpur Cantt Kanpur Uttar Pradesh,208004,124,266781,1242379991,124237999,principal@starexinternational.com,-,1992,Lt.col B D Sharma,Senior Secondary,Army Welfare Educational Society,-,Kanpur Nagar
Army Public School,2180001,Kunraghat Gakhpur Uttar Pradesh,273008,-,332830,9453300974,-,sharat@ew1.vsnl.net.com,-,1955,Mrs. Deepika Ara,Senior Secondary,Army Welfare Edu Society,-,Gorakhpur
Army Public School,2180018,Fatehgarh Cantt Uttar Pradesh,209601,551,36450,1202451061,12023219,psa_brly@sancharnet.in,-,1991,Mr. Akshya Srivastava,Senior Secondary,Army Welfare Edn Society,-,Farrukhabad
Army Public School,2180024,New Cantt Allahabad Uttar Pradesh,211001,522,633874,-,-,laps@lw1.vsnl.net.in,-,1996,Mrs Anju Tandon,Senior Secondary,Army Welfare Education Society,-,Prayagraj
Army Public School,2180031,Varanasi Cantt Up,221002,542,2502514,2509996,2502514,avaranasi@sify.com,-,2001,Mr. R K Singhal,Senior Secondary,Army Welfare Education Society,-,Varanasi
Army Public School Old Cantt.,2180048,"Allahabad, Post-hq.4 Rapid Pin211004",247232,512,746040,252762,-,afccanttknp@gmail.com,-,1985,-,Secondary School,Shri Sajjan Singh Shiksha Samit,-,Prayagraj
Arpan Public School,2130864,Delhi Saharanpur Road Thana Bhawan Muzaffar Nagar Uttar Pradesh,247777,1398,234041,-,-,arpanpublicschool@rediffmail.com,www.rishischool.com,2006,Mandeep Saini,Senior Secondary,"Swaran Devi Foundation, Indraprastha",-,Muzaffarnagar
Arsh Public School,2132248,"Jalalabad Dullahpur,ghazipur",275202,549,05495233705,-,-,arsh6300@gmail.com,http://www.apsschool.in,2010,Mr. Rajendra Prasad Yadav,Senior Secondary,Maa Mewati Educatoinal  And Welfare Trust Jhotari Dhamupur Ghazipur,-,Ghazipur
Arun International School,2133289,"Vydsm, Dharta, Power House.",203131,-,8194021853,-,5738232045,aruninternationalschool@gmail.com,http://aruninternationalschool.org,2016,Mrs. Shikha Sharma,Secondary School,Pt. Pyare Lal Rama Dutt Vaidya Charitable Trust Society,-,Bulandshahar
Arunodaya Public School,2132577,"3 Km Stone, Barabanki-gwari Road, Palia Masudpur, Barabanki",225001,91,9450902270,-,-,aps.bbk.2012@gmail.com,http://www.apsschool.co.in,2012,Mr. R. S. Srivastava,Senior Secondary,Modern Educational Training Institute Trust,-,Barabanki
Arwachin International School,2132730,"Village - Piplabandpur, Pabla Road Pilkhuwa Hapur Up",245304,122,01222320155,-,-,info@aispilkhuwa.com,http://www.aispilkhuwa.com,2014,Mr. Durjan Prasad Sharma,Senior Secondary,Arwachin Shiksha Samiti,-,Hapur
Arvind Academy,2131985,"Village Hasemau,behind Amity New Campus Malhaur Gomti Nagar Extension,lucknow",226028,522,7235807056,-,0522-3295597,wanchoojyoti@gmail.com,-,2011,Jyoti Wanchoo,Senior Secondary,Trust,-,Lucknow
Arya Bandhu Public School,2132837,"Village - Sadat Nagar, Ikla Post - Dasna, Distt. Ghaziabad",201001,-,9899845141,-,-,aryabandhupublicschool@yahoo.in,-,2011,Miss Mamta Dabas,Senior Secondary,Shrimati Kamla Arya Shiksha Samiti,-,Ghaziabad
Arya Academy International School,2133235,A To Z Road  Near Green Estate,251001,-,01312621716,-,1312621716,aaisedumzn@gmail.com,http://www.aaisedu.com,2017,Mrs. Sonika Rani,Secondary School,"Arya Seva Trust, 488, South Civil Line, Muzaffarnagar",-,Muzaffarnagar
Arya Kamal Public School,2132221,"Vill. Habibpur-khera Chouganpur, P/o-kulesra, Distt.-g.b.nagar, Up",201306,-,"0120-3257322,9654641713,9899257670",-,-,aryakamalpublicjr.hr.school@gmail.com,-,1999,Mr. Rajendra Singh,Senior Secondary,Aryakamalshikshasamiti,-,Gautam Budh Nagar
Arya Mahila Nagarmal Murarka Model School,2130582,Lahuravir Varanasi Uttar Pradesh,221002,542,2418134,2593126,05862-223337,divya.arvindvns2015@gmail.com,http://www.xyz.com,1999,Divya Sharma,Senior Secondary,Sri Arya Mahila Hitkarini Mahaparsd,-,Varanasi
Aryabhatta International School,2131456,"Suryansh Public School, Suryansh Golf Links, Main Moradabad, Rampur National Highway No. 24, Moradabad, Up",244001,591,2476850,-,0591-2951051,kkshukla76@gmail.com,-,2011,Karunesh Kumar Shukla,Secondary School,Suryansh Educational Research Training And Devlopment Society,-,Moradabad
Aryakulam,2133642,"Mawaiya Uparhar, Naini Chaka,prayagraj.u.p.-211010",211010,-,9450961638,-,-,aryaculamcbse2020@gmail.com,WWW.ARYAKUALAM.COM,2017,Mrs. Sonia Ojha,Senior Secondary,Aryakulam Education Trust,-,Amethi
Aryan International School,2131753,"Nakur Road, Ambehty, Ambetha, Nakur",247340,1331,225500,-,1331225500,infoaryanschool753@gmail.com,http://www.aryanschool.in,2013,Ruchi Gupta,Senior Secondary,Maa Saraswati Charitable Trust,-,Saharanpur
Aryan International Public School,2131360,"Garhi Road, Jansath, Muzaffar Nagar,",251314,139,6296404,272137,-,aryanips2011@gmail.com,-,2008,Manoj Chauhan,Senior Secondary,Ekta Rural Research Introduction For Keen Activities Foundation And Charitable Trust,-,Muzaffarnagar
Aryan Public School,2131899,"Palia, Jangipur Sadar Ghazipur",233305,548,2254042,-,-,ups5782@gmail.com,-,2011,Upendra Pratap Singh,Senior Secondary,Kamal Ganga Trust,-,Ghazipur
Aryan Public School,2132380,"Saraiya, Chhavani Line, Ghazipur",233001,548,05482901564,-,-,aryanpublicschoolgzp@gmail.com,http://www.myaryanschool.com,2013,Mrs. Manju Singh,Senior Secondary,Shiv Pujan Memorial Trust,-,Ghazipur
Aryans International School,2131897,"Buddhi Vihar ,plot No :hs-1phase-1sector-2khusalpur Road",244001,591,2487999,8750435456,-,hemant.principal@gmail.com,http://www.aryansinternationalschool.in,2013,Hemant Kumar Jha,Senior Secondary,Managing Committe,-,Moradabad
Aryavartt Public School,2132449,Village Palla Post- Dadri Distrcit- Gautambudh Nagar,203207,120,9311704681,-,-,udayp2763@gmail.com,-,2014,Mrs. Soma Dutta,Senior Secondary,Arya Vartt Shiksha Samiti,-,Gautam Budh Nagar
Ascent International School,2130772,Delta Ii Hs 11 B Greater Noida Gautam Budh Nagar Up,201308,120,9910057657,0120-3248377,-,aisgrnoida@gmail.com,-,1989,Birendra Kumar,Senior Secondary,Nityaa Educational Society,-,Gautam Budh Nagar
Ascent Public School,2131574,"Jahanabad Road,behind Shubh Dharmkanta,ghatampur,kanpur-209206",209206,512,8765190284,-,-,ajeettrivedi843@gmail.com,http://www.ascentschools.com,2011,Ajeet Kumar Trivedi,Senior Secondary,Ascenrt Education Society,-,Kanpur Nagar
Asha Modern International School,2130963,"3.5 Km ,janta Road, Distt Saharanpur, Uttar Pradesh",247001,91,9412743400,-,-,seemaaseingh@gmail.com,-,2005,Seemaa Seingh,Senior Secondary,Asha Modern Educational Society,-,Saharanpur
Asha Public School,2132215,"Village Salempur Raipur, P.o. Sikandarpur, Pargana Chhibramau, G.t. Road",209729,5694,9557557792,-,-,ashapublicschool1@gmail.com,http://www.ashapublicschool1.com,2013,Mr. S. K. Srivastava,Senior Secondary,Asha Education Society,-,Kannauj
Asha Modern School,2130003,Civil Lines Saharanpur Uttar Pradesh,247001,132,"8936992020, 2760159",-,-,ashamodernschool@yahoo.in,www.ashamodernschool.in,1966,Dr. Divya Jain,Senior Secondary,Asha Modern Jain School General Committee,-,Saharanpur
Asha Public School,2133327,Village -latauni Varanasi,221104,-,9936857313,-,9936857313,ashapublicschool2018@gmail.com,-,2018,Mrs. S D Sharma,Senior Secondary,Asha Memorial Foundation,-,Varanasi
Asha Public School,2132776,"Vaisapur Patti, Tirwa Road, Kannauj",209726,-,05694-203061,-,-,info@ashapublicschool.co.in,http://www.ashapublicschool.co.in,2016,Mr. Purnasis Rath,Senior Secondary,Asha Educational Society,-,Kannauj
Aryavrat Academy,2132885,"Vill-bilaspur,post-khera Mugal,tehsil-deoband,dist-saharanpur(u.p.)",247551,5944,9627269667,-,-,anuj.singh909a.s@gmail.com,-,2012,Mrs.madhu Bala,Secondary School,Nav Niman Samajik And Shikshoutthan Samiti,-,Saharanpur
Ashok Public School,2132823,Khoh Karwi,210205,5189,9451753526,-,-,apschitrakoot@gmail.com,http://www.apschitrakoot.in,2015,Mr. Kashi Prasad Shukla,Senior Secondary,Pratibha Shiksha Samiti,-,Chitrakoot
Ashoka Academy,2130117,Kanker Khera Meerut Cantt Uttar Pradesh,250001,121,2630004,-,-,ashokaa7@gmail.com,-,1978,Neelam Gera,Senior Secondary,Prakash Shiksha Samiti,-,Meerut
Ashoka Public School,2131518,"Subhash Road Khurja, Bulandshahar, Uttar Pradesh",203131,5738,244755,-,-,ashokapublicschool@gmail.com,-,2010,A Bhanu,Senior Secondary,Maharaja Sursaini Education Society,-,Bulandshahar
Ashoka Public School,2132089,Nevada Thati Shivrajpur,209205,512,2582374,-,2582374,architsingh.dx@gmail.com,http://ashokapublicschoolkanpur.in/,2013,Shubhi Srivastava,Senior Secondary,Samrat Ashok Shiksha Sansthan,-,Kanpur Nagar
Ashrafia Convent School,2131083,"Vill- Mahul, Post-mahuldistt.- Azamgarh",276325,5460,242324,-,-,ashrafiaconventschool@rediffmail.com,-,1969,Savita Yadav,Senior Secondary,Ashrafia Educational Society,-,Azamgarh
Asian Public School,2131420,"Ahirauli, Ayar, Sindhora Road, Varanasi, Sadar",221001,542,2626007,715454,0542-2290299,premshankarsingh@gmail.com,-,2008,Prem Shankar Singh,Senior Secondary,Asian Educational Society,-,Varanasi
Asm Modern Academy,2131363,"Vill.-khata, P.o.- Papsra, Jyotiba Phule Nagar",244222,5922,0000,9927206732,5922246606,asmma2008@gmail.com,-,2008,Abha Rastogi,Senior Secondary,Anand Swaroop Siksha Samiti,-,Jyotiba Phule Nagar
Assisi Convent School,2130086,"Agra Road, Etah Uttar Pradesh",207001,574,233450,-,-,assisi.e@rediffmail.com,-,1962,Sr.anjali Maria,Senior Secondary,Managing Committee,-,Etah
Aspam Scottish School,2130625,A 43 Sector 62 Noida Uttar Pradesh,201301,120,2400522,9205471221,245083,archanamankotia@gmail.com,-,2002,Archana S Mankotia,Senior Secondary,Maf Academy (p) Ltd,-,Gautam Budh Nagar
Assisi Convent School,2130189,"A-43 Sector - 33 Noida, Gautam Budh Nagar, Uttar Pradesh-201307",201307,120,"2505412, 4505412",5405275,07633-,assisinoida@gmail.com,-,1987,Sister Therese,Senior Secondary,Noida Assissi Edn Society,-,Gautam Budh Nagar
Assumption Public School,2130731,Moh Sidhavapar Barhalganj Gorakhpur Up,273014,5525,280116,-,0129-2202512,apscbe54197@gmail.com,http://www.abmschool.com,2006,Nirmala Singh,Senior Secondary,Prasiddha Narayan Mahila Kalyan Smt,-,Gorakhpur
Aster Public School,2131924,"Hs-1, Sector 3 Greater Noida West, Dadri Gautam Budh Nagar,",201303,120,2394444,-,-,sharbari.banerjee@asterinstitutions.com,http://www.asterinstitutions.com,2013,Sharbari Banerjee,Senior Secondary,Smt. Angoori Devi Educational & Cultural Society,-,Gautam Budh Nagar
Aster Public School,2130577,"J-i, Delta-ii, Greater Noida-201310, G.b. Nagar  Uttar Pradesh",201310,120,0120-2320901,-,-,sunil.saxena@asterinstitutions.com,http://www.asterinstitutions.com/greater-noida/,-,Mr. Sunil Kumar Saxena,Senior Secondary,-,-,Gautam Budh Nagar
Aloft Dale School,2132246,"Bansdev Patt, Post - Sheetal Ganj",222161,5452,05452262712,-,5452264141,sanjeev150891@gmail.com,http://www.jntgroup.org,2009,Mr. Rakesh Tiwari,Senior Secondary,"Jagat Narayan Tiwari, Sewa Evam Shikshan Sansthan",-,Jaunpur
Alpha Public College,2132250,"Kabirpur, Gosainganj, Sultanpur Road",226301,91,8601869877,627802,-,principalalphapubliccollege@gmail.com,http://www.xyz.com,2007,Geeta Khana,Senior Secondary,Ramanujan Educational Society,-,Lucknow
Alpine International School,2131348,Delhi-saharanpur,247772,1398,233930,-,-,drakindian@gmail.com,http://www.alpineinternationalschool.in,2010,Ashok Kumar,Senior Secondary,Sri Sai Educational And Charitable Trust,-,Muzaffarnagar
Alpine Public School,2132354,Loomb,250617,123,01234246772,-,1234246772,anantinsan@gmail.com,http://www.alpinepublicschoolloomb.com,2005,Mr.jatender Singh Malik,Senior Secondary,"Green Field Public School Society, Loomb",-,Baghpat
Alpine Public School,2132165,Gwalior Road Jhansi,284003,510,0510-6531811,-,-,alpinepublicschooljhansi@gmail.com,http://www.alpinepublicschooljhansi.com,2003,Mr. Hemant Gupta,Senior Secondary,Alpine Public School Samiti,-,Jhansi
Alpine Public School,2131451,"Village Jivana Baraut, Shamli Road, Baghpat",250611,123,4263332,-,1234263332,sudheerkumarbrt@gmail.com,-,2010,Deepak Tomar,Senior Secondary,"Alpine Educational & Welfare Society, Baraut",-,Baghpat
Alpine Public School,2130851,Chilkana Road Saharanpur Uttar Pradesh,247001,132,9219441346,222369,-,mailmeshakeelahmed@gmail.com,http://www.bbbethania.org,1983,Shakeel Ahmed,Senior Secondary,Smt Ahilya Bai Bhandari Shiksha Samiti,-,Saharanpur
Alpine Public School,2130590,Junction Road Khurja Bulandshahar Uttar Pradesh,203131,5738,253884,-,-,gulati.nidhi4@gmail.com,-,2002,Nidhi Gulati,Senior Secondary,Mukund Madav Shiksha Samiti,-,Bulandshahar
"Alpine Vidhyapeeth,Nanauta",2133710,"Behind Shivang City,delhi-saharanpur Highway Nanauta",110093,-,9837472811,-,-,sandeep_sml@rediffmail.com,www.alpinevidhyapeeth.com,2019,Mr. Pankaj Kansal,Senior Secondary,Mahrishi Dayanand Saraswati Welfare Society,-,Saharanpur
Alpine Vidhyapeeth,2132070,Charthawal Road Thanabhawan Shamli,247777,-,7500965129,-,-,sandeep_sml@rediffmail.com,http://www.alpinevidhyapeeth.in,2014,S K Bansal,Senior Secondary,Sri Sai Foundation (india) Trust,-,Muzaffarnagar
Aman Central English School,2133457,"Chuppepur, Chhatripur, Holapur Road, Shivpur",221003,-,0542-6450153,-,-,amancentralpublicschool@gmail.com,-,2013,Dr.suman Singh,Secondary School,Aman Maritime Academy,-,Varanasi
Aman International School,2131972,"Near Shri Dhirendra Cold Storage, Bhawat Road, Mainpuri",205001,5672,206373,-,-,nitgee.chauhan@gmail.com,http://amaninternationalschool.com,2006,R K Upadhyay,Senior Secondary,"Aman Memorial Education Society, Bhawat Road, Mainpuri",-,Mainpuri
Amar Memorial St George's Prep Sch,2130604,10/14-a2 Mauza Ganj Sarnath Varanasi Uttar Pradesh,221001,542,2595201,2303123,-,amarmemorialsgps@yahoo.com,-,1985,Mamata Singh,Senior Secondary,Amar Memo St George Prep School,-,Varanasi
Amar Deep School,2130735,Vaibhav Nagar Firozabad Up,283203,5612,232382,5694377,5734331,fzd.ads@gmail.com,-,1999,Anupam Sharma,Senior Secondary,Amar Deep Memorial Society,-,Firozabad
Amar Public School,2133360,Bbheekha Pur( Deokali Bypass) Near Prikarma Road,224001,-,05278-212767,-,-,amarpublic2018@gmail.com,-,2015,Mr. Santosh Kumar Panday,Secondary School,R.k.m. Educational Trust,-,Ayodhya
Amar Public School,2130758,Sector 37 Noida Up,201303,120,2431613,9899874777,5821543,ranjushree28@gmail.com,WWW.AMARPUBLICSCHOOL.COM,-,Ranjushree Mukherji,Senior Secondary,Amar Educational Soceity,-,Gautam Budh Nagar
Ambience Academy,2133130,"Muzaffarnagar Road, Bhaledi, Jansath Distt. Muzaffarnagar",251314,-,9690890003,-,-,ambienceacademyjansath@gmail.com,http://www.ambienceacademy.in/,2017,Mrs. Ritika Mahajan,Senior Secondary,"Om Educational Trust, Khatauli, Distt. M.nagar",-,Muzaffarnagar
Ambience Global Public School,2133389,Vill Sunhera Baghpat,251609,-,7409571140,-,-,agpssunhera@gmail.com,http://www.ambienec.com,2016,Mr. Bhaghmal Sharma,Secondary School,Sri Asharam Sharma Memorial Shikshanik Evam Kalyan Trust,-,Baghpat
Ambika Public School,2131307,"Village Pandit Ka Pura, Meja Road, Allahbad",212303,533,4278588,-,-,asha.lalganj81@gmail.com,-,2009,Asha Sharma,Senior Secondary,Ambika Prasad Pandey Education & Research Foundation,-,Prayagraj
Ambika Prasad Memorial Public School,2132177,"Rajdhani Marg, Opp. Awadh Gramin Bank, Shukla Ganj, Unnao, U.p.",208002,515,09935578578,-,-,apmps_skg@yahoo.com,http://www.ambikaprasdmemorial.com,2005,Mrs. Daphane Lemeur,Senior Secondary,Ambika Prasad Tiwari Sewa Sansthan,-,Unnao
Ambika Devi High School,2130315,Panauri Kalan Distt. Mirzapur Uttar Pradesh,231211,542,234639,-,-,principal@ambikadevi.in,http://www.ambikadevi.in,1992,Raj Kumar Tiwari,Senior Secondary,"Ambika Devi High School Kanya Vidyalaya,samiti",-,Mirzapur
Ambika School Of Education,2132077,"Rani Bazar, Ramnagar",225202,524,9452592081,-,5240,ambikaeducation@gmail.com,http://www.ambikaschool.in,2012,Mr.d.p. Pandey,Senior Secondary,Shri Vishwanath Educational Foundation,-,Barabanki
Ambition Academy,2132981,Narpatpur Dubkiya Chaubeypur Varanasi,221104,-,9838616826,-,-,info@ambitionacademy.in,ambitionacademy.in,2016,Mr. Namwar Upadhyay,Senior Secondary,Girija Devi Nyas,-,Varanasi
Ambition Convent School,2132389,"Ujiar,kurmidih,ballia,u.p.",277501,91,8563075899,-,-,conventambition@gmail.com,-,2013,Mrs. Saroj Rai,Senior Secondary,Ram Krishna Rai Shikshan Prasikshan Sewa Sansthan,-,Ballia
Ambition International School,2132294,"Meerut -bijnor Road, Behsuma",250401,1233,09917148051,-,-,aisbehsuma@gmail.com,-,2013,Mrs. Munesh Rathi,Senior Secondary,Shanti Vidya Educational & Social Welfare Society,-,Meerut
Ambrosia Academy,2133599,"Parasurampur, Tajpur, Sakaldiha, Chandauli.",232109,-,7408207000,-,-,arvindsingh18@gmail.com,http://www.ambrosiaacademy.com,2015,Mrs. Priyanka Mishra,Senior Secondary,Sumitra Devi Charitable Trust,-,Chandauli
Amity International School,2130884,"H S -1  Sector -6, Vasundhara Yojna",201012,120,2699412,-,01552 269455,SUNILAATHLEY@REDIFFMAIL.COM,-,1999,Sunila Athley,Senior Secondary,"Little Flower Education Society, Bikaner",-,Ghaziabad
Ameer Memorial Public School,2132714,Noor Masjid Road,230204,5341,230266,-,-,principalampskunda@gmail.com,-,2002,Saba Bano,Senior Secondary,Ameer Memorial Public Samiti,-,Partapgarh
Amarnath Vidya Ashram Sr Sec Public School,2130056,"Distt Mathura, Uttar Pradesh",281006,565,2401821,4974,-,aditya_vajpeyi@rediffmail.com,-,1961,Aditya Kumar Vajpeyi,Senior Secondary,Amar Nath Ashram Trust Mathura,-,Mathura
Amity International School,2131390,"Hs - 1, Sect- 1, Vasundhara Ghaziabad",201030,120,2699290,-,0120-2699462,principalsec1@aisv.amity.edu,http://www.amity.edu,2009,Valambal Balachandran,Senior Secondary,Rbef,-,Ghaziabad
Amity International School,2130284,"Sector-44 Noida, Distt Gautam Budh Nagar,  Uttar Pradesh",201303,120,"4399000, 243127",9811412255,2431430,principal@aisn.amity.edu,-,1994,Renu Singh,Senior Secondary,Ritanand Bolved Edn Foundation,-,Gautam Budh Nagar
Amity International School,2131749,"Sail Unit Complex, Jagdishpur, Distt. Amethi-227817 (u.p.)",227817,5361,290460,-,-,ghoshalpurnima@gmail.com,http://www.amity.edu,2013,Purnima Ghoshal,Secondary School,Ritnand Balved Education Foundation,-,Amethi
"Amity International School, Lucknow",2131747,"Viraj Khand-5, Gomti Nagar",226010,522,2721931,-,0522-2721934,mghosal@aisl.amity.edu,http://www.amity.edu/ais/aislucknow.com,1986,Mukta,Senior Secondary,Ritnand Balved Education Foundation,-,Lucknow
"Amity International School, Vrindavan Yojna, Lucknow",2132687,"Hs-01, Sector-8 B, Vrindavan Yojna,near Shaheed Path",226029,751,07525065318,-,-,principalaisvyc@gmail.com,http://amity.edu/ais/vrindavanyojna/,2014,Mrs. Sakshi Gautam Mishra,Senior Secondary,Ritnand Balved Education Foundation,-,Lucknow
Amrit Memorial Higher Secondary School,2131919,"Vill. Chaliswan, Post Sutrahi, Mohammadabad Gohna , Dist-mau(u.p.)",276403,547,05472320243,-,-,amritmemorial2013@gmail.com,www.amhss.in,2013,Mrs. Chandni Rukhaiyar,Senior Secondary,Amrit Educational Welfare Trust,-,Mau
Amol Chand Public School,2130972,"G.t. Road, Distt Hathras, Uttar Pradesh",204215,5721,09319277776,-,5721246247,acps212@gmail.com,http://www.acpschool.com,-,Mr.nitin Chadda,Senior Secondary,-,-,Hathras
"Amrita Vidyalayam, Lucknow",2133622,Sector 10 Avrindavan Yojananear Shaheed Path,226029,-,05223590773,-,-,amritaslucknow@gmail.com,http://www.amritavidyalayam.org,2016,Miss Renuka Bhardwaj,Secondary School,Mata Amritanandamyai Math,-,Lucknow
Amrit Public School,2131071,"Sahadatpura, Mau",275101,547,2226111,1332254768,-,drmayasingh2011@gmail.com,http://www.xyz.com,2006,Maya Singh,Senior Secondary,Amrit Memial Trust,-,Mau
Anand Memorial Academy,2131054,Town & P.o. Bilariyagang,276121,5466,225195,5683285132,-,ama.principal@gmail.com,-,2001,Saiyed Israr Ahmad,Senior Secondary,Anand Memorial Seva Sansthan,-,Azamgarh
Angel International School,2131991,"Khasra No-440,village Hawal Dhaulana Road, Pilkuwa",245304,122,9456039771,-,-,saurabh9837@yahoo.com,http://www.angelinternationalschool.com,-,Mrs. Geeta Sharma,Secondary School,-,-,Hapur
Angel Public School,2132470,"Ranwari, Nh-2, Chhata, Dist- Mathura",281401,-,9760248933,-,-,angelpspadam@gmail.com,http://www.angelpublicschool.co.in,2012,Mrs. Brijesh Kumari,Senior Secondary,Nikhil Memorial Society,-,Mathura
Angels Public International School,2132623,"Plot No. 1395-96, Near Pahasu Electric Sub-station, Pahasu, Bulandshahar",203396,563,05633220371,-,-,angelspublicschool1@gmail.com,http://www.angelpublicschool.com,2014,Mr. Kuldeep Sharma,Senior Secondary,Shahdaraangels Educational Society (regd.),-,Bulandshahar
Anglo Vedic Convent School,2131067,"Islamnagar Road, Bahjoi, Moradabad",202410,5672,8881595591,05672-241777,05921 234567,mkavcs@gmail.com,http://www.xyz.com,2006,Manoj Kumar Sharma,Senior Secondary,Anglo Vedic Seva Samiti,-,Moradabad
Angels Public School,2133392,"Sarai Sharmeen, Behind S.d.m. Court, Sambhal",244302,-,9837018444,-,-,angelspublicschool2016@gmail.com,-,2016,Tejveer Singh,Senior Secondary,"Riyasat Begum Educational& Charitable Trust, Sambhal",-,Sambhal
Anita Memorial Convent School,2131878,Rajdhani Road Haibatpur Khoripakar Ballia Up India,277207,5498,226025,-,260044,chairman.amcs@gmail.com,http://www.amcsballia.com,2008,Avinash Kumar Singh,Senior Secondary,Shree Balaji Educational Trust,-,Ballia
Anju Gill Academy,2132420,"Katghara, P.o.: Muradganj",222002,91,09838461145,-,-,agacademy5@gmail.com,http://www.agsacademy.com,2015,Mr.rajeev Ranjan,Senior Secondary,Surya Bhan Trust,-,Jaunpur
Ankerite Pushpa Sri Ram Academy,2132791,"C.r.p.f. Churaha,post Mati,mati Road, Vill. Bijnore.",226002,-,05222436849,-,-,ankerite_2006@yahoo.com,http://www.academy.ankeritegroup.com,2011,Mrs. Neeraj Asthana,Senior Secondary,Ankerite Sewa Sansthan,-,Lucknow
Ankur Public School,2132604,"Bhartari, Chirkula Mod, Block Lodha, Tehsil Koil, G.t.road, Aligarh - 202001",202001,-,09634600456,-,-,ankurpublicschool01@gmail.com,www.ankurpublicschool.in,2013,Mrs. Mamta Dwivedi,Secondary School,Ankur Educational Society,-,Aligarh
Annie Besant School,2130157,F-block Shastri Nagar Meerut Uttar Pradesh,250004,121,2762605,761204,-,ymanu26@yahoo.co.uk,-,1987,Kusum Yadav,Senior Secondary,Annie Beasant Sch Society,-,Meerut
Anu Bal Bharti Public School,2133348,"Near Bus Stand,b.b. Nagar, Bulandshahar, U.p.-203402",203402,-,9837623511,-,-,abbps.bulanshahar@gmail.com,http://www.anubalbharti.com/,2013,Mr. Mr. Neeraj Kumar,Senior Secondary,Anu Bal Bharti Educationa Society,-,Bulandshahar
Apeejay International School,2130920,"1 Institutional Area, Surajpur - Kasna Road, Greater Noida, Gautam Budh Nagar, Uttar Pradesh",201306,120,2326016,-,0120 - 2326016,prin.ais.gnvd@apeejay.edu,http://www.apeejay.edn,2001,Yashika Bhardwaj,Senior Secondary,Apeejay Education Society,-,Gautam Budh Nagar
Apeejay School,2130030,Sector-16-a Noida Gautam Budh Nagar Uttar Pradesh,201301,120,"2515141, 8923466",9818775802,2515284,prin.ms.nvd@apeejay.edu,-,1981,Avanish Kumar Sharma,Senior Secondary,Apeejay Edn. Society,-,Gautam Budh Nagar
Apex International School,2132446,"P.o. Kazipura, Kanth Road,moradabad, Uttar Pradesh-244001",244001,-,09759100044,9759100044,9759100044,apexschoolmbd@gmail.com,-,2010,Mr. Manoj Kumar,Senior Secondary,Mat Gangey Seva Samiti,-,Moradabad
Anil Saraswati Vidhya Mandir Hr Sec School,2130113,Saket Lovkush Nagar Faizabad Uttar Pradesh,224001,5278,265504,-,-,asvmfzd@gmail.com,-,1992,Ram Bujharat Mishra,Senior Secondary,Anil Saraswati Vidya Mandir Samiti,-,Ayodhya
Apex International School,2133343,"Nh-927, Firozpur, Kaiserganj",271903,-,6388489304,-,-,hrdapexkaiserganj@gmail.com,http://www.apexinternationalschool.in,2018,Dr. Sandhya Ojha,Secondary School,Apex Literacy And Education Trust Of India,-,Bahraich
Apex School,2133705,"Vill.-babhanauli, Post-garwar, Ballia, U.p.-277121",277121,-,9648590396,-,-,cbseapexschool@gmail.com,www.apexschool.in,2014,Mrs. Pratima Upadhyay,Secondary School,Pandit Rama Shankar Apex Shiksha Prashikshan Seva Sansthan,-,Ballia
Apple Grove School,2130911,"Delhi Road, Distt Saharanpur, Uttar Pradesh",247001,-,0132-2760987,-,-,apple_grove_1@yahoo.co.in,-,1991,Artti.D.Setth,Senior Secondary,Apple Grove School Society,-,Saharanpur
Aps International School,2131929,"Bareilly Mathura Highway, Opp. Hpcl Petrol Pump, Budaun Road, Ujhani",263639,5832,262009,-,-,ravibatt.ind@gmail.com,-,2013,Ravinder Bhatt,Senior Secondary,Smt. Santosh Kumari Memorial Charitable Trust,-,Budaun
Arcadian Public School,2130617,Nauhjheel Bajna Road Bajna Mathura Uttar Pradesh,281201,566,293939,5663253939,-,arcadianpublic@yahoo.co.in,-,2001,Faridul Rehman Khan,Senior Secondary,Swami Vivekanand Shiksha Samiti,-,Mathura
Anwar Public School,2132444,"Vill & Post - Godhana, Azamgarh, Up",223222,5460,09450754786,-,-,anwarpublicschool@gmail.com,http://www.anwarpublicschool.in,2009,Mr. Santosh Kumar Padhi,Senior Secondary,Madarsa Al Anvar Galens School Samiti,-,Azamgarh
"Adarsh Public School, Rampur Bujurg, Bareilly",2133441,"Village Rampur Bujurg, Post Devchara, District Bareilly",243401,-,9837848802,-,-,adarsh.rampurbujurg@gmail.com,-,2014,Miss Pooja Singhal,Senior Secondary,Smt Sukhdevi Jan Shiksha Samiti Gram Saidpur Kani Bareilly,-,Bareilly
Adarsh Vidya Mandir,2133496,"Shahpur Road, Gopal Bagh , Kosi Kalan",281403,-,05662232502,-,-,AVMKOSI580@GMAIL.COM,WWW.AVMKOSI.COM,2002,Mrs. Monika Agrawal,Senior Secondary,Adarsh Shiksha Samiti,-,Mathura
Adarsh Vidya Mandir,2130999,"17, Geeta Puram, Unnao",209801,522,4021090,-,-,avmunnao@gmail.com,-,2003,Anjana Bhadauriya,Senior Secondary,Adarsh Siksha Sansthan,-,Unnao
"Adharsheela Global School Vasundhara Sect-3, Ghaziabad",2131739,"Sect-3, Vasundhara, Ghaziabad",201010,120,4226425,-,-,principaladharsheela@gmail.com,http://www.adharsheelaglobalschool.com,2009,Ritu Rajnish,Senior Secondary,"Public Education Society, Nehru Nagar, Ghaziabad",-,Ghaziabad
Adi Shakti Ma Pateshwari Public School,2132954,"Vill- Bhawaniyapur, Po.- Tulsipur, Distt.- Balrampur",271208,-,052642244500,-,-,asmpateshwarips@gmail.com,http://www.asmpateshwarips.in,2012,Mr. Veer Gaurav Singh,Senior Secondary,Adi Shakti Ma Pateshwari Public School,-,Balrampur
Adharshila Progressive School,2132694,"Rajnagar, Ataura Buzurg, Kanpur Road, Raibareli",229121,-,0535-2006225,-,0535-2210679,infoadharshila@gmail.com,-,2007,Mr.kamlesh Singh,Secondary School,Adharshila Sewa Sansthan,-,Raebareli
Aditya Public School,2132362,"Jhangha, Gorakhpur",273202,91,9450808400,-,9450808400,gurukul.sre@gmail.com,http://www.xyz.com,2013,Mr.jeetendra Kumar Srivastava,Senior Secondary,Aditya Educational Social Welfare Trust,-,Gorakhpur
Agra Public School,2130077,Artoni Agra Uttar Pradesh,282007,562,7535807005,2520040,2855668,dsvrma@rediffmail.com,-,1965,Mr.verma,Senior Secondary,Shri Mahesh Chandra Sharma,-,Agra
Agra Public School 8-10 Old Vijay Nagar,2133174,8-10 Old Vijay Nagar Colony Agra-282004 Up,282004,-,7535807011,-,5622855668,abhinavsharma0002@gmail.com,www.apsvijaynagar.com,2011,Mrs. Poonam Maheshwari,Senior Secondary,Agra Public Institutional Welfare Society,-,Agra
Agra Vanasthali Vidyalaya,2130789,Jharna Nala Chalesar Ferozabad Road Agra Up,282006,562,4030865,05278-222707,-,AVVAGRA@GMAIL.COM,http://www.jbnss.org,2004,Swaraj Pathak,Senior Secondary,Shri Puran Chand Mittal Mem Society,-,Agra
Aile International School,2131628,"Sri Bhagwati Place 4th Km, Fatehpur Road Lalganj Distt. Raebareli",229206,531,246550,-,1123912304,pratima.chauhan60@gmail.com,http://www.aileinternationalschool.com,2010,Pratima Singh,Senior Secondary,Sri Bhagwati Foundation,-,Raebareli
Aims International Secondary School,2131366,"Gird Gonda, Circular Road, Gonda Sadar, Gonda",271002,5262,233777,25022234,-,aims.54852@gmail.com,http://www.xyz.com,2006,Reena Mishra,Senior Secondary,Indian Literacy & Educational Society,-,Gonda
Air Fce School,2180015,24 Ed Air Fce Station Manauri Allahabad Uttar Pradesh,212212,1593,05322584122,-,-,afschoolmanauri24ed@gmail.co,www.afsmanauri.edu.in,1965,Mrs. Sudha Pandey,Senior Secondary,Indian Air Fce Educational And Cultural Society New Delhi,-,Prayagraj
Air Fce School,2180006,Air Fce Station Chakeri Kanpur Uttar Pradesh,208008,361,05122458968,-,5122457579,afschoolchakeriknp@gmail.com,www.afschoolchakeriknp.in,1963,Mr. Rajesh Pandey,Senior Secondary,Iaf Educational And Cultural Society,-,Kanpur Nagar
Air Fce School,2180026,Afs Sarsawa Saharanpur Uttar Pradesh,247232,512,746040,252762,-,afccanttknp@gmail.com,-,1985,B Richard,Secondary School,Shri Sajjan Singh Shiksha Samit,-,Saharanpur
Air Fce School,2180007,Bamrauli Allahabad Uttar Pradesh,211012,532,2580044,9936010562,-,principal.afschool@gmail.com,www.afsbamrauli.g,-,Mr. Mrs Shilini Kaul,Senior Secondary,Airfce Bamrauili Allahabad,-,Prayagraj
Air Fce School,2180012,Hindon Ghaziabad Uttar Pradesh,226008,120,6870027,9650194606,-,afshindanprincipal@yahoo.com,-,1976,Mrs Reema Kohli,Senior Secondary,School Mgt Committee A F Stn Hindan,-,Ghaziabad
Air Fce School,2180004,Air Fce Station Agra Uttar Pradesh,282008,522,2296929,5222480518,-,josephskt@sancharnet.in,-,1963,Mrs Suman Nath,Senior Secondary,A F S Agra,-,Agra
Air Fce Sr.Sec School,2180016,Air Fce Station Bareilly Uttar Pradesh,243002,581,2316550,5812525346,2316550,cybercomps_2005@rediffmail.com,-,1981,Mr. Neeraj K Tiwari,Senior Secondary,Air Fce Station Society,-,Bareilly
Air Force School,2180021,No.7 A F Hospital Kanpur Cantt. Uttar Pradesh,208004,512,8799481474,252762,252762,afccanttknp@gmail.com,-,1980,Mamta Sharma,Senior Secondary,Iaf Educational And Cultural Soc,-,Kanpur Nagar
Air Force School,2180010,"Akash Vihar, Air Force Station, Gorakhpur 273002",273002,121,8127640421,-,-,airforceschoolgkp.87@gmail.com,https://airforceschoolgkp.in,3201,Anil Kumar Tripathi,Senior Secondary,Air Fce Station Gakhpur,-,Gorakhpur
Aishmount The Children Academy,2133352,"Vill- Khoribari Po- Rampur, Salempur, Deoria",274701,-,9838515379,-,-,aishmounttca@gmail.com,http://www.aishountthechildrenacademy.com,2015,Mr. Mr. Narendra Kumar Dwivedi,Senior Secondary,Kalpnath Rai Educationaltrust,-,Deoria
Ajmani International School,2131115,"Lrp Road, Rajapur",262701,5872,05872262010,-,-,ajmaniinternationalschool@gmail.com,http://www.ajmaniinternationalschool.edu.in,2008,Mr. Prince Saluja,Senior Secondary,P S Ajmani Educational Trust,-,Lakhimpur Kheri
Ajmani Public School,2132748,"Ajmani Educational Society, Shyam Nagar Colony, Sitapur Road",262701,5872,264120,-,-,ajmanischool@gmail.com,http://www.ajmanipublicschool.com,2005,Mr. Reshu Trivedi,Senior Secondary,Ajmani Educational Society,-,Lakhimpur Kheri
Akal Academy,2130561,Gomtipul Navadia Sultanpur Puranpur Piliphit Uttar Pradesh,262122,588,"267343, 63231",-,-,aagomti@akalacademy.ac.in,-,1995,Rangbir Kaur,Senior Secondary,The Kalgidhar Society,-,Pilibhit
Akal Academy,2130685,Vpo Kajri Niranjanpur Tehsil Powyan Distt Shahjanpur Uttar Pradesh,242405,5844,277851,255513,-,aakajri@akalacademy.in,-,1996,Simran Kaur Thind,Senior Secondary,The Kalgidhar Society,-,Shahjahanpur
Akanksha Children Academy,2131655,Bhitaria Ram Sanehi Ghat Barabanki,225409,524,1255128,-,05241-255128,deepak.singh0072@gmail.com,http://www.akanksha.com,2007,Deepak Kumar Singh,Senior Secondary,Akanksha Educatinoal & Welfare Society,-,Barabanki
Akanksha Global Academy,2131473,"Civil Lines, Bhogaon Road Mainpuri",205001,5672,7088007148,-,-,ME.MANNUCHAUHAN@GMAIL.COM,-,2010,Harischandra,Senior Secondary,Shri Rustam Singh Memorial Sociaty,-,Mainpuri
Akal Academy Telipura,2133636,"Akal Academy Telipura,village Telipura, P.o.choukhandi (via Kashipur), Tehsil Tanda, District Rampur (uttar Pradesh) - 244713",244713,-,9875987332,-,-,KHEMSG@YAHOO.CO.IN,-,2012,Mrs. Manjeet Kaur Riar,Secondary School,"The Kalgidhar Society, Navadiya Sultanpur",-,Rampur
Aksh International School,2132797,Vill Raja Ka Tajpur Post Raja Ka Tajpur,246735,1345,9761662121,-,-,aistajpur@gmail.com,-,2017,Mr. Sohel Alam,Senior Secondary,A. R. Educational And Welfare Trust,-,Bijnour
Akshar Jyoti Public School,2132586,"Vill. Sithauli Khurd, Post Sarai Gudauli, Dist. Lucknow, Up",226301,-,9453030392,-,-,aksharjyotipublicschool.ajps@gmail.com,http://www.aksharjyotipublicschool.com,2014,Mrs. Mukta Mishra,Senior Secondary,Akshar Gyan Vikas Sanstahan,-,Lucknow
Akshara Public School,2132924,"Village+post- Papsara, Distt-amroha",244221,-,09719195724,-,-,aksara.amr@gmail.com,-,2013,Mr.lakhmi Chand Verma,Secondary School,Shri Sai Kripa Educational & Welfare Trust,-,Jyotiba Phule Nagar
Al- Farooq Public School,2131485,"Village-karpi,             Post- Hamzapur Pathandistrict- Sultanpur(u.p.)",228145,91,09415016531,-,-,principal.afps@gmail.com,-,2002,Kafeel Ahmad Ansari,Secondary School,Foundation For Social Care,-,Sultanpur
Al-Barakaat Public School,2130776,Anoopshahr Road Aligarh Up,202002,571,9045502007,3299871,2720967,abpsprincipal@gmail.com,http://www.albarkaat.com,-,Sabiha Khan,Senior Secondary,Al Barakaat Educational Society,-,Aligarh
Al-Hira Public School,2132585,"Al-hira Public School, Dasna",201015,120,9555576232,-,-,alhirapublicsclooldasna@gmail.com,-,2010,Missambrina Usmani,Secondary School,Islamic Academy Of Social And Natural Sciences,-,Ghaziabad
Al-Hafeez Educational Academy,2132213,Babrala Road,243638,91,9997060339,-,5833254045,alhafeez2011@gmail.com,http://www.alhafeezacademy.com/,2011,Mr. Mohd  Shakeel  Subhani,Senior Secondary,Hafeez Educational Society,-,Budaun
Alaknanda Academic School,2131840,"Semri Tal,deori Road Agra",282001,562,05626541568,-,5626541568,alaknandaschool@gmail.com,http://www.alaknandaschool.in,2014,Mrs. Mona Sharma,Senior Secondary,Raj Foundation,-,Agra
Alexander Public School,2132012,Hapur Delhi Bypass Near 44pac Meerut Up,250004,121,2774262,-,-,principalaps121@gmail.com,-,2005,Ruchi Sharma,Secondary School,Veena Girls Public High School,-,Meerut
Aliganj Montessori School,2130230,Sector L Aliganj Housing Scheme Aliganj   Lucknow Uttar Pradesh,220060,522,4021696,322483,284050,ams08957@gmail.com,-,1975,Sunila,Senior Secondary,Aliganj Montessori Sch Society,-,Lucknow
Aligarh Modern School,2130364,Behind Hadi Hasan Hall Dhoerra P O Kwarsi Aligarh Uttar Pradesh,202002,571,8266892164,401232,-,shaaz.k513@gmail.com,-,2001,Shaazia Tabassum,Senior Secondary,Shabbir Memorial Educational Societ,-,Aligarh
Aligarh Public School,2130035,Nishat Kothi Civil Lines University Road Aligarh Uttar Pradesh,202002,571,2700487,9927206732,-,apsaligarh2014@gmail.com,-,1977,Syed Irfan Ali Naqvi Vp,Senior Secondary,Sir Syed Educational Dev.society,-,Aligarh
Aliyah Public School,2132565,"Bilariaganj,azamgarh, U.p.-276121",276121,91,05466225137,-,-,aliyahpublicschool@gmail.com,http://www.aliyahpublicschool.com,2008,Mr. Naushaba Munawer,Senior Secondary,Hakeem Mohammad Ayyub Educational Foundation,-,Azamgarh
All Saint School,2132809,"Kalagarh Road, Sherkot, Distt. Bijnor, U.p.",246747,1344,245200,-,-,WWW.ALLSAINTSCHOOLSHERKOT2004@GMAIL.COM,-,2007,Nagma Rais,Secondary School,"All Saint School Society, Sherkot, Bijnor",-,Bijnour
Aligarh Public School,2130904,"Siyana, Bulandshahar",245412,5736,270092,1741224366,224367,aligarh.public.school-siyana@live.com,-,1973,Yasmeen Rasheed,Secondary School,Bisme Educational & Social Welfare Foundation,-,Bulandshahar
Alingua Public School,2131987,Village Kisola Block And Tehsil Syana District Bulandshahr Up,203403,-,7037981981,-,-,acskisola@gmail.com,http://www.alingua.in/,2008,Mr.rakesh Kumar,Senior Secondary,Alingua Samajothan Shiksha Prasar Samiti,-,Bulandshahar
All Saints School,2130386,Delhi Road Bulandshahar,203001,5732,283522,281093,-,allsaints.bsr@gmail.com,-,1994,Asha Singh,Senior Secondary,Deep Parmarth Edu & Soc Wel Soc,-,Bulandshahar
All Saints School,2131023,"Kahrai, Near T. V. Tower, Shamshabad Road, Agra",282001,562,3269426,66935,-,chauhanramanand.s@gmail.com,http://www.xyz.com,2005,Ramanand Chauhan,Senior Secondary,All Saints School Shiksha Samiti,-,Agra
Allahabad Public School,2130958,"1, Noorulla Road,, Khuldabad, Allahabad, U.p.",211002,532,2655563,6572901451,-,rahman_sofia@yahoo.co.in,-,1984,Sofia Rahman,Secondary School,N.rahman Allahabad Public School Society,-,Prayagraj
Allahabad Public School,2130555,22/16 Subedar Ganj Chaupthka Allahabad Uttar Pradesh,211016,532,2637863,9263182133,290789,amita7527@gmail.com,www.davcs.net.in,2000,Amita Mishra,Senior Secondary,Shiv Narayan Arvind Pandey Shiksha,-,Prayagraj
Allen Convent School,2133379,"H.n.khera, Ghari Jahan Singh Road , Shamshabad, Agra",283125,-,0919897213492,-,-,www.allen.convent.14@gmail.com,http://www.xyz.com/,2014,Mrs. Manorama Sharma,Secondary School,Allen Shiksha Samiti,-,Agra
Allahabad Public School Lucknow,2131076,Ganeshpur Rahamanpur Dewa Road Chinhat Lko.,227105,522,2854682,-,5223268480,apslko2004@rediffmail.com,-,2004,Minakshi Sinha,Senior Secondary,Shiv Narayan Arvind Pandey Siksha Avom Shodh Sansthan,-,Lucknow
Allenhouse Public School,2132972,"Kulgaon Road, Rooma, Kanpur Uttar Pradeshkanpur",208008,-,9235400468,-,-,contact@allenhouserooma.com,www.allenhouserooma.com,2014,Mrs. Komal Dewan,Senior Secondary,Superhouse Education Foundation,-,Kanpur Nagar
Allenhouse Public School,2131767,"10/441, Khalasi Line,kanpur",208002,91,9648561155,-,-,ruchiseth3699@yahoo.com,http://www.superhouseeducation.com/index.php/,2007,Ruchi Seth,Senior Secondary,The All India Federation Of Educational Association,-,Kanpur Nagar
Allenhouse Public School,2132988,"Ps-2, Sector-2a, Vasundhara, Ghaziabad",201012,-,9717652378,-,-,contact@allenhouseghaziabad.com,www.allenhouseghaziabad.com,2014,Mrs. Meeta Arora,Senior Secondary,Superhouse Education Foundation,-,Ghaziabad
Allenhouse Public School,2133162,Vrindavan Yojna-1sector-6 C/hs-1lucknow,226029,-,8887968769,-,-,contact@allenhouselucknow.com,http://www.allenhouselucknow.com,2015,Mrs. Gunjan Mehrotra,Senior Secondary,The All India Federation Of Educational Association,-,Lucknow
Allenhouse Public School,2133356,Phase - I Growth Center  Bijauli Jhansi,284120,-,07309770012,-,-,contact@allenhousejhansi.com,www.allenhousejhansi.com,2018,Mrs. Ruchi Shukla,Senior Secondary,The All India Federation Of Educational Association,-,Jhansi
Alma Mater Day Boarding,2130385,Kurmanchal Nagar Bareilly Uttar Pradesh,243122,581,"0581-2315818, 448606",-,2315891,almamaterschool@hotmail.com,http://www.almamaterschool.ac.in,-,Mrs. Poonam,Senior Secondary,-,-,Bareilly
Alma Mater-The School,2131559,"Maniram, Gorakhpur",273001,551,2108484,7080806592,-,almamatertheschool@gmail.com,http://www.almamater.edu.in,2008,Uma,Senior Secondary,Shree Laxmi Sewa Sansthan,-,Gorakhpur
Almeen Academy,2133245,"Pokhar Bhinda,bailo Road,bhathat Bazar",273306,-,9651721920,-,-,almeenacademy2018@gmail.com,-,2013,Mr. Dheeraj Srivastava,Secondary School,Almeen Welfare Society,-,Gorakhpur
Allenhouse Public School Panki Kanpur,2133160,884 B Block Panki - 208020,208020,-,0512-2262345,-,-,contact@allenhousepanki.com,http://www.allenhousepanki.com,2017,Mrs. Monica Jain,Senior Secondary,Sri Kshatriya Shiksha Vikas Samiti,-,Kanpur Nagar
